{
"type": "FeatureCollection",
"name": "Darjeeling Administration Units",
"crs": { "type": "name", "properties": { "name": "urn:ogc:def:crs:OGC:1.3:CRS84" } },
"features": [
{"type":"Feature","properties":{"OBJECTID":40310,"STATE_UT":"WEST BENGAL","SHAPE_Leng":26137.647018799998,"SHAPE_Area":19070383.272999998,"District":"Darjiling","Dist_LGD":"327","Sub_dist":"Phansidewa","Subdis_Typ":"CD_Block"},"geometry":{"type":"MultiPolygon","coordinates":[[[[88.238681012453483,26.588906403570849],[88.238951473462876,26.588845370252642],[88.239852732964437,26.588616341137225],[88.240723868283652,26.588387568887484],[88.2415380728782,26.588001301981535],[88.242115981999319,26.587585494321548],[88.242414462944609,26.587795044091582],[88.242921160472633,26.588223956678114],[88.243218623799081,26.588803654950684],[88.243345544486388,26.588933449704975],[88.243808672839748,26.589046767279825],[88.243875888477902,26.589226736405653],[88.243724310241163,26.589602716202673],[88.243729481411407,26.590081145910677],[88.243753220996965,26.590419482062224],[88.24399239648622,26.590715310659643],[88.244022859412198,26.590746642075786],[88.244202231037292,26.591083617976182],[88.244240106223288,26.591336065746329],[88.244175775647946,26.591887325924191],[88.244193478801563,26.592595856387991],[88.244779175141247,26.593362614535451],[88.244990873876787,26.593902433458261],[88.244790885583186,26.593980918730086],[88.243556195735025,26.594023307985136],[88.241691215879086,26.594283341265079],[88.23852928938328,26.594401167059381],[88.238472006618082,26.59467701431964],[88.238688539165409,26.59566819273822],[88.238873493249116,26.596524226856118],[88.238892006481677,26.596844554308895],[88.23868420357168,26.597130739624554],[88.238351175878378,26.59744509762756],[88.238326009155955,26.59790573697391],[88.238315483487852,26.599260004315564],[88.238365808176979,26.601602288376263],[88.238477492163099,26.604512790892404],[88.238699796601864,26.605571625958095],[88.239890448480494,26.605624451025317],[88.241705648863444,26.605387442224878],[88.242889131175289,26.605241693110187],[88.243565641496687,26.605113906923037],[88.24376695896467,26.604692354225914],[88.244262271928918,26.604525523209205],[88.24443853068982,26.604108702394374],[88.245095925762286,26.60407135428018],[88.245409275143672,26.604258196147587],[88.245677239750592,26.604427379391073],[88.246234315721722,26.60439993230376],[88.246661337991469,26.604418762039597],[88.247801522509079,26.6044493930331],[88.247769093867888,26.605162875343833],[88.247761011032509,26.605343501917588],[88.247889278317885,26.606520505921264],[88.248376290762877,26.606976652209813],[88.248651739445478,26.607371457924739],[88.248625338388507,26.607714746064012],[88.24894321252745,26.608316818714282],[88.248963934176345,26.608375318415881],[88.249294079561295,26.608719990082442],[88.249524198518571,26.609101651051219],[88.249736147898915,26.609659512835037],[88.25013764153654,26.609637930034527],[88.250713794279989,26.609515505891494],[88.251928560693429,26.609473225348221],[88.252703681460545,26.609637930780764],[88.253361102495276,26.609600543604618],[88.25458842159415,26.609788338769846],[88.254969736356529,26.610218310081713],[88.255044023742983,26.61058328000458],[88.255040638321205,26.611653101617918],[88.255120642787233,26.612541632932789],[88.254674150358994,26.613042099433624],[88.25406003148791,26.613367999854159],[88.253232107876954,26.613889880196094],[88.252584300607836,26.614811904783718],[88.252491295407964,26.614932227661278],[88.251762259836681,26.61587539184184],[88.251565514128075,26.616435644666534],[88.251377461668085,26.616971138809621],[88.2511969970043,26.617377434371026],[88.251114694675067,26.617562725775869],[88.251020315237895,26.617775209136802],[88.250960809453673,26.617909180415733],[88.25086732099733,26.618103595742763],[88.25053356583949,26.618797659274996],[88.250189436669359,26.619017350705718],[88.249579508985335,26.619270974124781],[88.248832016437277,26.619805664362932],[88.248831556164006,26.620225459641322],[88.248868308094259,26.620834513207292],[88.249121660442725,26.621965275925387],[88.249389362558006,26.622567786181026],[88.249518213346249,26.623794432578613],[88.249573388026022,26.624249851365285],[88.249164988541381,26.624564897316553],[88.248894352654972,26.624616926081679],[88.248137505539461,26.624294056123823],[88.247804626048136,26.624626490939896],[88.247666003244163,26.625273193613872],[88.247627032303441,26.625846799946558],[88.24764379064365,26.626465055819658],[88.247515894831068,26.627174859131625],[88.24707610028959,26.627837744331885],[88.246380082347329,26.628493845766716],[88.246202985689791,26.629298869770754],[88.246107295136994,26.629737556152875],[88.246357243116179,26.630091962569821],[88.246793104573271,26.63045376842776],[88.247068411541321,26.630830519652502],[88.247092909747252,26.631236554950338],[88.247310896512417,26.631884644412533],[88.247233018722255,26.6325759512142],[88.24724470688615,26.63318973773265],[88.247343558635905,26.633504843387129],[88.247719907790469,26.633934873914466],[88.248576035308972,26.634144026269034],[88.249079727495825,26.634275017940279],[88.249923997523254,26.634317251789579],[88.250815049717545,26.634043097362273],[88.251497231631873,26.633960359075211],[88.251601856300709,26.634343118019512],[88.251663791437281,26.634956460739616],[88.251763148708221,26.635316696835556],[88.252394817660829,26.6356677307258],[88.252902360710479,26.635690343349324],[88.253640485172284,26.635670295011142],[88.253714542324232,26.636012696993149],[88.254184373489508,26.636261330862368],[88.254283691329263,26.636617050530369],[88.254075027598901,26.63728694600313],[88.253728102132911,26.638174724918635],[88.25422251219635,26.638373489124621],[88.254340984501908,26.638643276671516],[88.254294959089336,26.639487778151175],[88.254041926652192,26.64023479922956],[88.253890085468512,26.641509050631178],[88.253897629435414,26.641623102875204],[88.253947919754992,26.642383533596842],[88.253962287495327,26.642600772362325],[88.253856491011419,26.644411769366176],[88.253824000698216,26.64511621976996],[88.254405108764061,26.645431578261913],[88.255243611629751,26.645857508070492],[88.256256295928409,26.646353567912527],[88.256420323070628,26.646433915887503],[88.256809665768884,26.646646397579168],[88.257340044535866,26.646935849754055],[88.257972508617044,26.6469626427088],[88.258080981093755,26.646967238023823],[88.258485872837213,26.646984390933515],[88.258690494855998,26.647321118810442],[88.258763921672752,26.647717083426468],[88.258773215185073,26.647767196128552],[88.258779683628575,26.647802081706672],[88.258796426122643,26.647892363024098],[88.258882700004023,26.648357605894795],[88.258926395503408,26.648695040968196],[88.258937582210052,26.64878142254112],[88.258988724745876,26.648883044229397],[88.259374079607909,26.649648732668492],[88.260342004246581,26.650876952433382],[88.260937662467626,26.65150730282825],[88.261206049085644,26.651791320803277],[88.261653296863258,26.652264615152589],[88.262852972389396,26.653549437865443],[88.263653766777296,26.654192315065806],[88.264451187396332,26.654072376353966],[88.265292113837091,26.652886775760141],[88.26821058181973,26.653325689808433],[88.269459561201813,26.653156553549589],[88.271079787088027,26.65294346438445],[88.272412276972446,26.653057928444792],[88.273138741454488,26.653335794707253],[88.273482244044828,26.653960142312069],[88.273482393924382,26.653973682199084],[88.273013473374206,26.656081335972708],[88.272695383283249,26.658201178733485],[88.271716938737384,26.658760627685819],[88.270514412408431,26.659046730319286],[88.269662407619251,26.659230384760864],[88.269223608087316,26.659527705450898],[88.268946498439121,26.659909343398539],[88.269050429335834,26.660675768650229],[88.269380933273112,26.661941208361934],[88.269007466306761,26.663149741134003],[88.268962295313031,26.664061941567919],[88.268691695592352,26.664578937083856],[88.268739972016704,26.665309748681246],[88.268926561740017,26.66582717497927],[88.269195206931059,26.666041438560377],[88.269452308411871,26.666120391856182],[88.270511778065625,26.666065783285017],[88.271257386155568,26.665797309634712],[88.271696705056215,26.665545117323063],[88.271926718410981,26.665899652396988],[88.271950817335338,26.666260542617881],[88.271786722814042,26.666866866911473],[88.271816846131955,26.667317981813408],[88.2719534672284,26.667858420163093],[88.272128226366831,26.668213448067188],[88.272146350935884,26.66848863044174],[88.272001766859759,26.668589229212792],[88.271436426486119,26.669257824795462],[88.270751588177504,26.670478175238898],[88.270204901779479,26.671471596047397],[88.269793725343263,26.672906159126594],[88.269823893293221,26.673361786825147],[88.27008703460784,26.673530961167895],[88.270405889953466,26.673740260415929],[88.27054803690433,26.674325787190032],[88.27027144852326,26.674757076476922],[88.269700494849815,26.675376062857691],[88.269462493806174,26.675662561828673],[88.269498684600052,26.676208412695527],[88.269974240996561,26.676502075412781],[88.270761690278562,26.676829055913409],[88.271268865524505,26.676801947612301],[88.271750454190368,26.677185827045665],[88.27171331616492,26.677461502769066],[88.271442200028062,26.677933369058504],[88.27091445270139,26.678371420735889],[88.270219454541149,26.678680064817335],[88.270304992893912,26.67914422458907],[88.270364988655743,26.680023886325849],[88.270494695598458,26.680392860918474],[88.270743713175591,26.681099304670553],[88.270824081478807,26.681549968653979],[88.270022653997444,26.681778316072929],[88.269255869095971,26.682412594037746],[88.269018351553385,26.682744226742393],[88.268836102433966,26.68307536504059],[88.268446354153582,26.683272941619997],[88.268145545007002,26.683334307951498],[88.268007510895089,26.683574773881467],[88.26831183931094,26.684285241668654],[88.268986848668675,26.685344477229041],[88.269592604167357,26.686047733968323],[88.269855274698727,26.686171773134319],[88.270702453004716,26.6859881546583],[88.271177052194986,26.686191543165243],[88.271242936068958,26.687147885015694],[88.271386610083027,26.687868812099591],[88.271717612103942,26.688263064013068],[88.272236891813279,26.688416397004769],[88.272756724989648,26.688619373631667],[88.272986740465228,26.688969391278352],[88.273079730468567,26.689650144634289],[88.272801442567655,26.690835261601514],[88.272881877018662,26.691290437891279],[88.272824631160489,26.692017676643978],[88.272583173590235,26.692900037359532],[88.272601808113549,26.693220352363777],[88.272644051503363,26.693856421958841],[88.272335762795251,26.69460396562836],[88.271970695355975,26.695216604307717],[88.271744212657978,26.695638418949553],[88.271512204312941,26.696015144352415],[88.270382691682357,26.696575943283442],[88.269805658486334,26.69710922276607],[88.269584690803455,26.697576123060045],[88.269402971176888,26.69795690965848],[88.269433099287994,26.698408023154194],[88.270270398287622,26.698684903531039],[88.271817377923838,26.699059241340294],[88.272493986603379,26.699346576239428],[88.272567798177633,26.699657367847209],[88.272598491314582,26.700158126595962],[88.272773354854408,26.700517663674699],[88.274057657694954,26.700767944431746],[88.279959893202204,26.701865867973137],[88.28210255774529,26.7020225688096],[88.28240340725003,26.701961171151481],[88.283635548953711,26.699796947131286],[88.284709570277926,26.698324756779353],[88.285168987935847,26.697616444179754],[88.285576032529733,26.696272158102179],[88.285907884096972,26.695840340144045],[88.286723072008115,26.695936770953004],[88.287224236248079,26.695814868971809],[88.287485932509867,26.69584860616677],[88.286970805535759,26.696516807261375],[88.286550031037706,26.697084846685112],[88.286655695729394,26.69799116483172],[88.286872925994899,26.698986747054978],[88.287452771605189,26.700051261329513],[88.288197237124635,26.700559079767451],[88.289036117373684,26.700971247797355],[88.289875053029377,26.701387925214568],[88.289854554803824,26.701798867063147],[88.289139478629323,26.702563682459981],[88.288266684694989,26.703158401074589],[88.288051823902862,26.703715547988999],[88.288050558347393,26.704496447229797],[88.288149186950065,26.705222273858396],[88.288493396112315,26.705887192335346],[88.28934338378059,26.706389532401872],[88.290784584425325,26.706728508905012],[88.291861983224123,26.706894743979056],[88.293535101554184,26.706852420891799],[88.294487867222387,26.706663183021199],[88.294676934151084,26.705605230355467],[88.294919002237435,26.703901321916209],[88.295174124935826,26.702463606727949],[88.296345994564646,26.702543185100705],[88.296865932067121,26.702746070353403],[88.297986991704263,26.70277644684159],[88.299202453105607,26.702711160954372],[88.299622968870423,26.703009734696323],[88.300674909318346,26.703591405885259],[88.301596099481344,26.703722887848251],[88.302546064436669,26.704174579577437],[88.303335846439353,26.704681901221083],[88.303698531776647,26.704755305124301],[88.304401183591466,26.704672113995247],[88.305064147078454,26.704634423675024],[88.305535568846693,26.704106488808936],[88.305968432811824,26.703723349121677],[88.306469606819206,26.70360137934059],[88.306272173805496,26.702154270564826],[88.306347322767479,26.701693174454419],[88.306749120394088,26.701671419776869],[88.307808372876693,26.701571389103609],[88.307718049263698,26.699383036084289],[88.307767394623696,26.697103121120627],[88.307756829879196,26.697058080160197],[88.307776980765368,26.697062408012034],[88.308063292134335,26.696170555227592],[88.308378434490479,26.695603428376057],[88.309131933980311,26.69469823817159],[88.30987814115349,26.694474692715406],[88.310490847269577,26.694441956269451],[88.311198970389725,26.694403820650884],[88.311694607638032,26.694241260098792],[88.312115710753034,26.693713770264409],[88.312167165881107,26.692941437924276],[88.312283710804294,26.690832423694474],[88.312356169516349,26.688823119928752],[88.312705857339822,26.686450151301965],[88.312910017524075,26.684972255193735],[88.313066924519575,26.684194433331676],[88.313208135528271,26.68336258978778],[88.312764531615315,26.681922279413808],[88.312246393560969,26.680992714148033],[88.312387607653392,26.680160872391813],[88.312588747464858,26.679296879302711],[88.312014274654175,26.678273041767508],[88.311659458299459,26.677563141085688],[88.311303613484384,26.676762971141923],[88.310602775102765,26.676110425576205],[88.310254546310631,26.675535872647426],[88.310279995479178,26.675124883428566],[88.312078500972092,26.674665929315459],[88.312963069890131,26.674251514337183],[88.313288636002568,26.674162742217092],[88.315111973983946,26.673680951991766],[88.31653298318767,26.673604594593922],[88.317485948350409,26.673460346436745],[88.318168653281248,26.672971036676586],[88.319384299454356,26.672950722679634],[88.319972562930829,26.673423719216881],[88.320664017541517,26.675439466579384],[88.321483006403767,26.676312038437093],[88.322921200358564,26.677287166572526],[88.324072914906893,26.677818089419123],[88.325738990153454,26.6776400510762],[88.327423736724938,26.677773270373532],[88.327903522063153,26.677985446242342],[88.328363056910703,26.678184268952517],[88.329328182389091,26.678220376263695],[88.330098053515925,26.678316985207111],[88.331664998191272,26.677823842032797],[88.333100833025128,26.67729128882193],[88.334980889671144,26.676506289885058],[88.335947106822118,26.675775003362919],[88.336704234226019,26.675641494284076],[88.336724141827958,26.675659284337204],[88.33766892873544,26.676503567605216],[88.338384057501017,26.676645785711074],[88.338402989387319,26.676622970961905],[88.338621883505596,26.676359177117231],[88.338336315381625,26.675138637840096],[88.337538583229417,26.673083361439247],[88.337213425045206,26.671912842785726],[88.337248214716908,26.671018789969651],[88.337974385306353,26.667373853957656],[88.338820669223736,26.663262864264759],[88.339375912689533,26.660905956350017],[88.339634762513924,26.660271587977018],[88.340286876786905,26.660188704839467],[88.34096790495397,26.660430536250871],[88.341457747420009,26.660218279271309],[88.342235655772811,26.659723446142166],[88.344001258669749,26.659490095722113],[88.345662004208563,26.659311882837127],[88.346112812652265,26.659199283222598],[88.346877892366521,26.658469831040993],[88.34839406198472,26.658387745043779],[88.349869716650659,26.659132047080835],[88.350584217792601,26.65922907385805],[88.351693203799755,26.659123740079675],[88.35215157255648,26.658374608672663],[88.353561239771281,26.658207719839485],[88.354857729638354,26.657816208720909],[88.35574761390869,26.657451135291712],[88.356387463894634,26.657183231100344],[88.357607463273638,26.65712193038064],[88.358660685860897,26.656976451437714],[88.359800949199141,26.656545765780635],[88.360345508329885,26.656292297199599],[88.360580125303514,26.655319595010845],[88.361399799984341,26.654544407008078],[88.36296612875617,26.654461687470999],[88.364738285384632,26.654367945653163],[88.365315589513315,26.654335318604179],[88.365717202624126,26.654313404886],[88.366281960796456,26.653648968756084],[88.36722830405796,26.652547542369732],[88.368574905581681,26.652155426269911],[88.369790302708594,26.652134690176648],[88.370333988067827,26.652653043052126],[88.370020107233941,26.654132062689921],[88.369623816878146,26.655020575942519],[88.369691808001193,26.655245608151493],[88.370417474375486,26.655437216405883],[88.372114720024726,26.655799993225791],[88.37320404095405,26.656155083920218],[88.373841467246777,26.65652807615519],[88.374544298138346,26.656489684277091],[88.37511383616382,26.656646667928733],[88.375399683196761,26.657862609790644],[88.375398205146567,26.659415348432276],[88.375402488719828,26.660191668912532],[88.374468634935027,26.660656591637494],[88.373634532322086,26.661061867133547],[88.372576111088662,26.661193965715658],[88.372075686508239,26.661356779861677],[88.371599186406854,26.661839836357853],[88.37013987054533,26.662057033911992],[88.36948215812761,26.662090458412028],[88.368924854782264,26.662118397305193],[88.368905771445327,26.662624118973067],[88.367651154359805,26.662735503776947],[88.367430200204922,26.664850060086767],[88.367377308474602,26.666313019842033],[88.367432312677195,26.667133990816229],[88.368083655096157,26.667827348728117],[88.368319280164386,26.669048302429101],[88.368625309199004,26.669853312687614],[88.36811628706252,26.67056235829093],[88.36755820671199,26.671371177198555],[88.367470528064587,26.671602220809973],[88.368910940948922,26.67189528155146],[88.369303289517774,26.673195967688926],[88.369426263966076,26.674237454587672],[88.369060070653219,26.676389520035151],[88.368657364290613,26.678009317355411],[88.368712332684808,26.678825771718031],[88.369043092077931,26.679174655333824],[88.369813533242521,26.679316178677187],[88.371173182544396,26.679149592251303],[88.372162408687686,26.67909941422657],[88.372227665666699,26.679094269629271],[88.373956108804791,26.679095614084034],[88.375759950151107,26.678680943596071],[88.37615621007258,26.677787901999981],[88.376476581774355,26.677270233781126],[88.377917205225145,26.676737186831808],[88.37896440999792,26.676496823640338],[88.379940270878748,26.675756123689986],[88.380129488613406,26.675614360039646],[88.380607149270887,26.675226051633153],[88.381007688471271,26.675109314774936],[88.380944586869248,26.675710253122407],[88.38068615621556,26.676362740593181],[88.380591148493551,26.677234810816092],[88.381449583052913,26.678007337127578],[88.381736304696616,26.678451405822386],[88.381478417325653,26.679149025875123],[88.380882432559972,26.680143325811787],[88.380831498620637,26.680920179812912],[88.381118715224702,26.681404868170777],[88.382390222346501,26.681428605799223],[88.386652096496775,26.681513439893106],[88.389240327029555,26.68156036322349],[88.391404195806686,26.681328835216373],[88.391478350765183,26.681320899635843],[88.391254391709609,26.681130712374852],[88.390731816093336,26.68060727559612],[88.39021432807138,26.679840138477449],[88.38995303127831,26.679109129248776],[88.389840716541471,26.67862600579755],[88.389832381024533,26.678590149748963],[88.389952896802939,26.678012480720248],[88.390505419767493,26.67729490000556],[88.391419553899269,26.676441884336612],[88.392434088988892,26.675864208627466],[88.394334853101228,26.67524921529434],[88.394819994540939,26.675092246324294],[88.396472547322588,26.67462716632026],[88.397939320633114,26.674238912620737],[88.399134742970247,26.673773876883505],[88.399898090651064,26.673277342336466],[88.400204433542541,26.672920809558704],[88.400420337878529,26.672424341062669],[88.400435323164615,26.671833170326739],[88.400523181478533,26.670491028451298],[88.400525424017005,26.670456778114417],[88.400443204049878,26.669470420203751],[88.400346023229574,26.668304556312023],[88.400344118089478,26.668281699345961],[88.400417489453815,26.664806840098091],[88.400418729447992,26.664748180896879],[88.400051575128884,26.662491879334613],[88.399925864628202,26.661774355974682],[88.399805308404765,26.661363714216186],[88.399335180814262,26.660450119844956],[88.398855629679858,26.659518204453818],[88.398583911283495,26.658626523551789],[88.398579224788662,26.658611142869091],[88.398644366129091,26.657649984669472],[88.399040911768154,26.656742798456737],[88.399713742895543,26.655695763342131],[88.400833299417044,26.654003285060266],[88.400861222988993,26.653214344665553],[88.400863328655404,26.653154863708828],[88.400707474227971,26.652518613589219],[88.400623385358315,26.652036595740864],[88.400616950186546,26.651999707031823],[88.400802516585088,26.650839840666592],[88.401068717290514,26.649922175440803],[88.401073516438046,26.649905630963378],[88.401063617115341,26.649809501788482],[88.400982906071931,26.649025718646755],[88.400676420006121,26.648254096515902],[88.400555659062988,26.647265790943319],[88.40048633942817,26.645908295893779],[88.40047500521122,26.64568633470639],[88.400263824172583,26.644449943040357],[88.400081044872778,26.644081318080538],[88.400080869747043,26.644080965476686],[88.400017673435755,26.643953512046028],[88.399748024584568,26.643495670876604],[88.399742183149272,26.643485750623167],[88.39974131568114,26.643484280077644],[88.399741246639053,26.642852450369066],[88.399896769892763,26.64244179608389],[88.400413907644051,26.641864093009321],[88.401483521358884,26.641448672425831],[88.403105467189874,26.641340141596658],[88.406459670720523,26.640116460348182],[88.407694316326968,26.637679295814994],[88.408085808401509,26.636862410532842],[88.408462176110319,26.636000446043351],[88.408677979287418,26.635544589889111],[88.409105583046312,26.634969888097437],[88.409134730487693,26.634930713324717],[88.409165989097758,26.634830769105477],[88.409270016960633,26.634799396644453],[88.409377965772649,26.634398111699227],[88.409504936011615,26.633953820975325],[88.409585367524073,26.633373142793612],[88.409577394081253,26.633068689235319],[88.409522590278044,26.632649586049698],[88.409446924546856,26.632431354094329],[88.409216397711475,26.632037505234255],[88.409134392462192,26.63184094404949],[88.408799601923974,26.631554656071629],[88.408297788050007,26.631098052560052],[88.40786831772175,26.630658542562109],[88.407395270557316,26.630310951743308],[88.406908734731246,26.630066479085841],[88.40620651173181,26.629672894401924],[88.405515206964949,26.629366387092944],[88.404914309578075,26.629082608152718],[88.404330151756398,26.628902277586878],[88.403721441202165,26.628748850654382],[88.403178580065543,26.628645060570239],[88.402382945977294,26.628451530299611],[88.401930341060236,26.628381337811806],[88.401677494447057,26.628297032360138],[88.401148801148722,26.628041206712499],[88.400620329811872,26.627769076363194],[88.400200848232203,26.627487271835346],[88.399919474805927,26.627277642766973],[88.399225337430465,26.626737362185363],[88.399080453934019,26.626610540545741],[88.398382712090154,26.625999779746316],[88.398221681041264,26.625834952721139],[88.398051891211992,26.625425447990512],[88.397812066128225,26.624830377742285],[88.397784130916634,26.624661580411949],[88.397760791021255,26.624155855464682],[88.397776143799462,26.623916878543259],[88.397746090408845,26.623459996089519],[88.39773168902839,26.623400766985064],[88.397690958103169,26.62270731094857],[88.39763802990214,26.62223925642375],[88.397577902442038,26.621295448305187],[88.397504370382137,26.620330990790023],[88.397444981464503,26.620002285360226],[88.397348093076275,26.619746978875231],[88.397240763787707,26.619253719448889],[88.397015419941738,26.618381901447059],[88.396857749065887,26.617900389462687],[88.396773150260714,26.617747733968649],[88.396593319672235,26.617553020783312],[88.396560723008491,26.617502267906751],[88.396508441499847,26.61742086523029],[88.396432182718939,26.617325709024254],[88.396175256069341,26.617097341214119],[88.395880774699236,26.616946471129516],[88.395559765212496,26.616733798147376],[88.395052017871052,26.616498560626628],[88.394490373276867,26.616201216912579],[88.394267199632139,26.616174149423408],[88.393976219888259,26.616101226185208],[88.393217431350294,26.615875512255879],[88.39274951049147,26.615730920237738],[88.392372034432867,26.615644735861807],[88.391672212846586,26.615444268993549],[88.391058780337389,26.615265257469261],[88.390445686480149,26.615061644057501],[88.390014207617043,26.61492154735442],[88.389614097821806,26.614822803048241],[88.389482322637519,26.614784439450734],[88.389333090261033,26.614688471229414],[88.389030511832757,26.614463685135135],[88.388777493591746,26.614284555597671],[88.388217394882545,26.613876486347881],[88.387842121893144,26.613630389598825],[88.387578290895576,26.613242003806601],[88.387349131980599,26.61283432019804],[88.387132962431949,26.612449742469074],[88.386956870292053,26.611984415968873],[88.386940143823949,26.611873513723214],[88.386866652400514,26.611245298715975],[88.386777788459355,26.61073993263787],[88.386779589608551,26.610608732549924],[88.386834485995536,26.609600580989163],[88.386923789106589,26.609076688527942],[88.387024526024049,26.608716947309784],[88.387147448283287,26.608402559739499],[88.387218453574434,26.608214717638397],[88.387369530083461,26.607843233339278],[88.387633445779116,26.60722696114113],[88.387694484003447,26.60710051691051],[88.387771736871272,26.607017169013876],[88.387875066378641,26.606905687811594],[88.387978633235122,26.606858725249847],[88.387989823862085,26.606853650762488],[88.387995619878026,26.60684929548659],[88.388086618322163,26.606780911765053],[88.388352791437896,26.606664942208774],[88.389045896009506,26.606352770351723],[88.389265782260296,26.606285494048144],[88.389837318409846,26.606189306169728],[88.390453901777931,26.606134621909177],[88.390773119696576,26.606142253950015],[88.391328501493945,26.606226310627623],[88.391984171486158,26.606315574298865],[88.392466632992623,26.606394719632593],[88.392753194905936,26.60645529543843],[88.393264202857964,26.606448639958987],[88.393364546406872,26.606449748720564],[88.39351900583894,26.606496561985086],[88.39407310215212,26.606674908222963],[88.394849909711041,26.606913120738714],[88.395400288629418,26.607029911048166],[88.395618996671899,26.607048726527342],[88.396053139926522,26.606992005241793],[88.396510758676143,26.606886333255968],[88.396835433459515,26.606828402844766],[88.397027782235511,26.606773113812384],[88.397186675053533,26.606726368279237],[88.397229308227864,26.606713825483027],[88.397897092373015,26.606249608184921],[88.398123098273956,26.606067567142041],[88.398562934781367,26.605592635089199],[88.398657506700658,26.605347636995468],[88.398767158655801,26.605000288059788],[88.398798378835664,26.604717687288989],[88.398777920298755,26.604545234331741],[88.398740222716327,26.604298781013117],[88.398644573468459,26.603953272214113],[88.398546914124793,26.603755365288137],[88.398417942638631,26.603512006655105],[88.398169885395816,26.603304242338194],[88.397853468956711,26.603091623179935],[88.397544779298741,26.602981604581284],[88.396972954565939,26.602766169832911],[88.396596076240229,26.602638996382552],[88.396292004675558,26.602524925191158],[88.396255574236775,26.602520422788313],[88.396168860496715,26.602523567511597],[88.394760964921375,26.602737672148454],[88.393988319966539,26.602864463791924],[88.392909419169527,26.603037074897049],[88.392484524228465,26.603085687556643],[88.392160698820263,26.603082107952613],[88.391402966427933,26.603118836429712],[88.391257016770467,26.603117221626004],[88.390537062694818,26.603060048645165],[88.390322980444694,26.603037176003049],[88.390132096057769,26.60298585561252],[88.389774141417845,26.602809664852554],[88.388796739951545,26.602232948248258],[88.388249088123445,26.601919330574262],[88.387466467592944,26.601443180606434],[88.387036393574974,26.601204672720975],[88.386878620882982,26.601067601049792],[88.386495901426699,26.600702497575952],[88.386172081322457,26.600366750654871],[88.385654232018354,26.599877124273117],[88.385312680378249,26.599504272837422],[88.385091680810817,26.599321390479695],[88.384816459806942,26.599100997688083],[88.384291862196235,26.598771218308709],[88.384240746187103,26.598702352566182],[88.384222648054376,26.598680093334107],[88.38363459787584,26.598618411810889],[88.383058433954261,26.598584434326057],[88.382464326007707,26.598517165554661],[88.381404004486996,26.598450220781796],[88.380883270641348,26.598400307057361],[88.380349816049133,26.598383337574447],[88.380233509844899,26.598365498988095],[88.380068514710842,26.598319542891193],[88.379772990945881,26.598190751262777],[88.379367278050836,26.598013936284239],[88.379154359598743,26.597884726005216],[88.378711413561263,26.59753236265588],[88.378080010122659,26.597056572752052],[88.377521756053483,26.596614684179489],[88.377473053398887,26.596571160541348],[88.377321792062702,26.596435983250959],[88.376894627918389,26.595830113720158],[88.376436951887555,26.595212873635266],[88.376112232111311,26.594740497806949],[88.376039243089366,26.594695565075792],[88.375966177397984,26.593768279706911],[88.375987281866301,26.59312880975169],[88.376116647852413,26.592644960153599],[88.376276527110548,26.592172480317494],[88.376316295384299,26.591957851452978],[88.376301323957762,26.591709522237789],[88.376302694742606,26.591610272406754],[88.376272904222205,26.591102586816444],[88.376234391703946,26.590782303194192],[88.376132260754204,26.58973888271484],[88.375979584233022,26.589246368209835],[88.375796624278649,26.588725942649077],[88.375449222738368,26.588120957841753],[88.375133479450909,26.587444634451074],[88.374732795330118,26.586701185467167],[88.374324534539738,26.586062428958542],[88.374272364006075,26.585982668218673],[88.374030206488868,26.585612445967673],[88.373914947006014,26.585449477402754],[88.373899787289346,26.585428043490143],[88.373908441876665,26.585428140538394],[88.374423195866456,26.585134277562357],[88.374813074034492,26.584887025389285],[88.375056288303014,26.58473278325333],[88.375052498849271,26.584693828639022],[88.374946739237629,26.584517546460052],[88.374832541050552,26.584325602861398],[88.374807599563226,26.58425139342954],[88.374687329885035,26.583872607745775],[88.374671689259316,26.583751806000617],[88.37466198993485,26.583514337929131],[88.374643204631766,26.583307897800374],[88.374656754234294,26.582953953655196],[88.374678312852936,26.582646793822843],[88.374688879341775,26.582195538681468],[88.374687027233009,26.582016525238043],[88.374617661828964,26.581712239461769],[88.374522282001962,26.581411554427142],[88.374387720960456,26.580814704840545],[88.374310886767788,26.580424729582401],[88.374271060022139,26.580175250649464],[88.37415550022186,26.579769278569447],[88.374136286594535,26.579593961741349],[88.37411750375027,26.579387520740141],[88.374102133100251,26.579247266664815],[88.374029973508414,26.579145289910443],[88.373747675474874,26.578904772639923],[88.373264704053511,26.578467451587358],[88.373020866818223,26.578262383196755],[88.372683615969478,26.577927860961147],[88.372465258742125,26.577758097267488],[88.372263886035796,26.577611870476169],[88.372096374485992,26.577520498234541],[88.371808626575941,26.577361630479579],[88.371258770488183,26.577067526028721],[88.370867772575366,26.57686469705774],[88.370705237325822,26.576726685099406],[88.37049320698604,26.576413015672241],[88.370311789501415,26.576076343335224],[88.370186729925621,26.575732518871938],[88.370112999421323,26.575432073558051],[88.370081082230385,26.575237157720725],[88.370053006757317,26.575077304896812],[88.370052724913037,26.574785465635422],[88.370032494102887,26.57468406834343],[88.370043845267446,26.574489636890789],[88.370077530555903,26.574244871587993],[88.370101538339398,26.574073929858542],[88.370151992103672,26.573868263598502],[88.370251657310348,26.573546414591345],[88.370390965278304,26.573174424060664],[88.37041021343876,26.573034557836177],[88.370481328685088,26.572899163451453],[88.370567258301378,26.572631636264255],[88.370649506994198,26.572317373438544],[88.370727698336765,26.571983609944628],[88.370795079106571,26.57180537172767],[88.370877866311432,26.571452202844064],[88.371001156369431,26.570986644457726],[88.371115145278537,26.570567674669125],[88.371211396080611,26.570179636421894],[88.371280068374588,26.56990802452864],[88.371400607221716,26.569640884051733],[88.371485885193522,26.569420042673521],[88.371522599598464,26.569268697760126],[88.3716129589031,26.568993437280319],[88.371633659079848,26.568748525572733],[88.371616499083913,26.568425365738499],[88.371634867407963,26.568036455471493],[88.371610886399296,26.567580919037393],[88.371646776404901,26.56717664013998],[88.371492442014983,26.565610963987744],[88.371410766381388,26.564943003158003],[88.371350285859876,26.56461591125057],[88.371333003866027,26.564299047417389],[88.371276245987048,26.563299464911761],[88.371267677390605,26.563148559066175],[88.371245182217777,26.562817020293355],[88.371265886860073,26.562495710456666],[88.371248925139696,26.561764742293299],[88.371214450072841,26.561515891022996],[88.371156890353717,26.561369090553722],[88.370886495917063,26.560552461485695],[88.370835974253566,26.560288814753797],[88.370656130042278,26.559975000338497],[88.370483727696552,26.559515113044881],[88.370008350249677,26.559417219615355],[88.36982486260537,26.559366443360773],[88.369614765041902,26.559281265624303],[88.369335128981774,26.55913197417361],[88.36893206304515,26.55889847481906],[88.368368596180474,26.558512146724187],[88.367718875522726,26.558095616754038],[88.367665994900236,26.558002457976073],[88.367188999332768,26.557631711551583],[88.367039095804856,26.55750335964051],[88.366886551023796,26.557175230744235],[88.366574219176186,26.556650431803142],[88.365941510169066,26.556180494584304],[88.365839680962139,26.556101400394091],[88.365534736208659,26.555825147539295],[88.365492352576055,26.555756464368098],[88.365425054803126,26.555531603005054],[88.365385313068444,26.555272946230925],[88.365354915030892,26.554731827828427],[88.365277328422607,26.55407812425377],[88.365229192968286,26.553643986580617],[88.365232036773421,26.553439400326639],[88.365296830740363,26.553064994676486],[88.365399131706539,26.552720241868638],[88.365464331501641,26.552316610023087],[88.365449708206143,26.55219952049508],[88.365322900737894,26.551969116312723],[88.365259124707421,26.551880706309198],[88.365013095244748,26.551653832616296],[88.364690830524097,26.551455332673253],[88.364540938935335,26.551326978448024],[88.363983482140426,26.550901724910911],[88.363736574471076,26.550738173845847],[88.363313917429224,26.550358280836043],[88.363104924955593,26.550195155403294],[88.362987668197192,26.550057422584285],[88.362732779949397,26.549689161679069],[88.362321775439611,26.549250934945174],[88.362233001178311,26.549147317071803],[88.361959316759453,26.548827870426244],[88.361809267823958,26.548671554955334],[88.361658345453577,26.548525578364643],[88.361467001140824,26.548335527597846],[88.361379396640743,26.548196974494253],[88.361039985550804,26.547656307048644],[88.36090893244203,26.547423317181678],[88.360698204141343,26.547018309002873],[88.360559878463789,26.546771815948638],[88.360219632019437,26.546291532150054],[88.359941114785656,26.545932731884747],[88.359820271933117,26.545770316225294],[88.359559611249651,26.545468756897083],[88.359276571491634,26.545166944610596],[88.358838749237208,26.544729173818883],[88.358497298827061,26.544336108070077],[88.35828102790326,26.544061888918364],[88.358064757975995,26.543787670316785],[88.358024619341379,26.543723468025092],[88.357801406950969,26.543412262205944],[88.357707287776833,26.54320652743657],[88.357588230956154,26.542916629554991],[88.357428616198334,26.542592721154286],[88.357320751004707,26.542302949231495],[88.35719913823219,26.541929141315773],[88.357152900385145,26.541767565521404],[88.357146706586889,26.54167690356417],[88.357120054674567,26.541448444509953],[88.357118480683752,26.541294084546461],[88.357124460933534,26.54113309938506],[88.357149416848586,26.540948842054178],[88.357198486371388,26.540640712690745],[88.357261959361765,26.540369653421791],[88.357294141277251,26.540202254553673],[88.357372953214551,26.539901170497362],[88.357443697615736,26.539643614943863],[88.357530390854492,26.539312423463734],[88.357566863781415,26.539104809166965],[88.357609484767082,26.538991211640429],[88.357676825212181,26.538710129861432],[88.357727748188353,26.538536230929118],[88.357794526336463,26.538295407266496],[88.357879813082079,26.538064857246773],[88.357991769030249,26.537794345463244],[88.358019703627249,26.537663805757315],[88.358047028435479,26.537576876350112],[88.358131892946631,26.537376519321558],[88.358178990523697,26.537209288306428],[88.358199137805585,26.53710214723446],[88.358250621182336,26.536887991374293],[88.358291243176026,26.536650226171204],[88.358303087440063,26.536603386560298],[88.358388745579418,26.536345998278509],[88.358417288924485,26.536171846116829],[88.358479023344358,26.536024912425532],[88.358570002661935,26.535653504823255],[88.358603025079631,26.535425719154293],[88.358619534713171,26.535311826381136],[88.358631136113061,26.535267035481255],[88.358698388463921,26.535007388289809],[88.358765350044251,26.53475314365399],[88.358809044785417,26.534562385968137],[88.358864020721654,26.534365046055921],[88.358899085217132,26.534258072985629],[88.358964156364621,26.53416521224386],[88.35897139952192,26.534154876387081],[88.359021205766382,26.534109390978166],[88.359247216030781,26.533902989139683],[88.359470396873178,26.533680705643082],[88.359512880359517,26.53362031766418],[88.359531285765087,26.533594155281218],[88.359569188442222,26.533561915883158],[88.359655859556568,26.533488193574602],[88.359525745565335,26.533456526665891],[88.359373862652333,26.533380996727665],[88.359307526285647,26.533323208103262],[88.359271588679874,26.533225499423175],[88.359250989353612,26.533097767551141],[88.359242563062779,26.532899710829156],[88.359207841062442,26.532714779391966],[88.359198244232047,26.532600591623087],[88.359184871122409,26.532489716478572],[88.359193593390501,26.532399223143127],[88.359202831259822,26.532271826874954],[88.359241998674875,26.532138057820646],[88.359314684678907,26.532008022209304],[88.359319116947347,26.531957743378495],[88.359324063768511,26.531870561661037],[88.359344035236305,26.531508418736031],[88.359350199387805,26.531334014057023],[88.359360652276237,26.53111939390417],[88.359382107533264,26.530918320641614],[88.359403002312291,26.530757503099792],[88.359411583903096,26.530677072874408],[88.35942096176862,26.530539612207189],[88.359404654565054,26.530371665320015],[88.359425688544917,26.530200783560918],[88.3594117541858,26.530130165866179],[88.359393947960413,26.53006956946567],[88.35930745330289,26.529886150182968],[88.359239456014535,26.529746977807161],[88.359144402044123,26.529542071936635],[88.358976483814857,26.52934640852579],[88.35893718399079,26.529356029874812],[88.358925827197496,26.529343564895633],[88.358573483033922,26.52895684008983],[88.358275193678892,26.528681693475033],[88.358142727399695,26.528551856835332],[88.357928244805436,26.528285206276454],[88.357708030104462,26.528028556302612],[88.357523227553656,26.527840249958231],[88.357462501759812,26.52778168539654],[88.357262696907171,26.52766618643906],[88.357087572575708,26.527586197354584],[88.356893539061829,26.527458180101615],[88.356695757934474,26.527398065226606],[88.356464272272277,26.527347635877824],[88.356313585132426,26.527320765858992],[88.356241284966217,26.527289751174404],[88.355923549387228,26.527205631022813],[88.355739895544289,26.527135608325594],[88.355372799545478,26.526980467327252],[88.355061715955969,26.526820926511498],[88.355017209599481,26.52680280863693],[88.354639597298657,26.52659973305628],[88.354476157634153,26.526484642278543],[88.354152182984777,26.526246942907747],[88.353972595193966,26.526086372214042],[88.353665687527041,26.525828733164772],[88.353356686398413,26.525520740292649],[88.353211546104404,26.525297648279107],[88.352997328406133,26.525013377404711],[88.35259098976158,26.524465216483733],[88.352454314527307,26.524237185494503],[88.35215139766089,26.523695227418806],[88.351906583454436,26.523199225093194],[88.351855521876232,26.523050174496237],[88.351778077835448,26.522787584269498],[88.35172796951511,26.522570600484677],[88.351716418010326,26.522396833316655],[88.351677884637581,26.522152299324521],[88.351611407355534,26.52170613079392],[88.3516003495116,26.521497139942483],[88.351624734632551,26.521353977034881],[88.351638143687225,26.521195592288901],[88.351638954635689,26.52113772251133],[88.351654232742831,26.520845986344963],[88.351718891567131,26.520423953812926],[88.351765322112357,26.520104888689332],[88.351848815957595,26.519735915507258],[88.351893871458742,26.519514978052836],[88.351906011595545,26.519447170628432],[88.351910359407583,26.519336495649419],[88.351964334335491,26.519077911383661],[88.351974451911715,26.518954719625494],[88.3520281794504,26.518713748007265],[88.352066899812399,26.518545584255264],[88.352113306154152,26.518427835601557],[88.352191427344721,26.51824250367374],[88.352283639265892,26.518049781138259],[88.35239585149732,26.51782708787454],[88.352456593295429,26.517684337659041],[88.352534679823037,26.517501521197772],[88.352676832668351,26.517138244146381],[88.35274628090113,26.51697294478933],[88.352857033963701,26.516654609234692],[88.352889102172753,26.516561863488253],[88.352988350023963,26.516266045509806],[88.353070921402804,26.515962488936673],[88.353071449945489,26.515924746585302],[88.352940552760444,26.515684199259177],[88.352793017867384,26.515433396381404],[88.352739161970362,26.515284314700061],[88.352666786123748,26.515059527846201],[88.352612999976103,26.514905414422579],[88.352566725432936,26.514814296330648],[88.352457922419148,26.514594129552183],[88.352398333438302,26.514455048569584],[88.352304148463233,26.5141897514916],[88.352258648376178,26.51404328086404],[88.352196086732235,26.51391674778603],[88.352017545154226,26.513683207527393],[88.351893914261368,26.513523268177838],[88.351884371320182,26.513480694710449],[88.351843213843324,26.513423607020314],[88.35168522188647,26.513170797442438],[88.351479093256671,26.512909891957491],[88.351343382385878,26.512713955157782],[88.351284671031479,26.512562300196841],[88.350763771021178,26.511279243359979],[88.350708097432417,26.511159823847244],[88.350455090108667,26.510707907708156],[88.350495649562191,26.510607113301056],[88.350260177128135,26.510300675674863],[88.349838778830275,26.509644337539616],[88.349531280840012,26.509240228098268],[88.349479318071459,26.509107565634373],[88.349304610607774,26.509004326792642],[88.349037504164343,26.508860416127813],[88.348979474727429,26.508811329752227],[88.348774722842364,26.508408386639427],[88.348329072736149,26.508086348455947],[88.347786318219292,26.507710378265951],[88.347723521028243,26.507652432347204],[88.3476127273792,26.507527906455913],[88.347567204643568,26.507285257196422],[88.347514440459761,26.507209816276241],[88.347153822876393,26.50675667083345],[88.346933538216575,26.506415179739374],[88.34652685258628,26.50610678776361],[88.346391786004332,26.505968777216978],[88.346148777171706,26.505503759123865],[88.345986028457645,26.505246568758832],[88.345812321445223,26.505072897706999],[88.345206919007595,26.50463016729439],[88.344790459979052,26.504321658490067],[88.344752127138364,26.504263989729576],[88.344690943197975,26.504091599153952],[88.344461442374254,26.504058168343228],[88.344417660051221,26.504040060549286],[88.34410864750059,26.503745980359842],[88.343508769574242,26.50325928150659],[88.343024326094707,26.502914773257331],[88.342538767721365,26.502649493807304],[88.341747178186665,26.502226637357946],[88.341314694467499,26.502014786643358],[88.341081050624609,26.501928474273058],[88.340857379019326,26.501829068130423],[88.340365696396134,26.50165175928753],[88.340180850845456,26.501574807277283],[88.339941883006318,26.501519248072661],[88.33965944508374,26.501423570689944],[88.339484323088797,26.501351131087027],[88.338754485925477,26.501061035033011],[88.338696215784481,26.501029551959192],[88.338678263156538,26.500914884088562],[88.338649408591081,26.500879334426592],[88.338604882189003,26.500914044641501],[88.338550820079902,26.500931037037571],[88.338505146821348,26.500916755675288],[88.338492364015465,26.500912758319156],[88.338462165672084,26.500896603604641],[88.338147575641443,26.500728317056932],[88.337778390037201,26.500539193270434],[88.337744518543218,26.500512390643905],[88.337742905438304,26.500508728223352],[88.337602297784741,26.500189387733208],[88.337464408961637,26.499906056950774],[88.337207931055076,26.499705014238032],[88.337015298561667,26.499487090615808],[88.336809110537558,26.499189770507805],[88.336637229901299,26.498888438205466],[88.336390290636189,26.498705112843595],[88.336153570793314,26.498491086517653],[88.336071465476522,26.498415305063677],[88.335972967992703,26.498114812402655],[88.335887464836546,26.497933335057684],[88.335777939926842,26.497720765557744],[88.335576151523654,26.497458711825121],[88.335431340710457,26.497242299103057],[88.335411743043267,26.497250840381035],[88.335361529645027,26.497281053368461],[88.335339000195077,26.497294609362825],[88.335333122870878,26.49729814591289],[88.335307849776285,26.497308936164515],[88.334836520579316,26.497510159766733],[88.334023893293036,26.497785160688128],[88.333580133738053,26.497671575478662],[88.333547511125289,26.497663225478494],[88.333127025355012,26.497409941607206],[88.333121482821412,26.497406602725725],[88.332835419563423,26.497234289434285],[88.331536226038139,26.496639695554194],[88.331000097509531,26.496394324009945],[88.329440481681615,26.496118530035503],[88.3269278628309,26.495810776761285],[88.325192460696144,26.49590038862241],[88.323256426087866,26.496238208816884],[88.321726499852105,26.496661797330855],[88.321615272121562,26.49670578061594],[88.321547576500194,26.496732549888286],[88.320096148114359,26.49730648604265],[88.319419273921369,26.497727144360621],[88.319419229759404,26.497727173424657],[88.318942283561086,26.498023579574724],[88.317447336692567,26.498632231099545],[88.315310441479028,26.499091597517737],[88.313574893768802,26.499456419187915],[88.31285756554368,26.499413284583291],[88.312853003754498,26.499413009319401],[88.312591846535156,26.499397305698619],[88.311503747500211,26.498904913953005],[88.310656532459632,26.498295287199817],[88.309333006500992,26.497283863997293],[88.30712224540089,26.495418944006815],[88.306886798497317,26.495066849489749],[88.306751727735801,26.494425938337571],[88.306652484986714,26.492774213678153],[88.306618043773867,26.491582766901789],[88.3064287986507,26.490867366173589],[88.306382857513242,26.490693694246986],[88.305566274575597,26.489226561213403],[88.304684204754295,26.488355135892263],[88.303596323699779,26.487745405741219],[88.302508131925251,26.487650075064188],[88.300777878022572,26.487680749631618],[88.300194967449144,26.487737780661941],[88.299860114729128,26.487770541776545],[88.298841496862082,26.488473965301612],[88.297888089483706,26.489267699108073],[88.296679065740946,26.490382375750357],[88.296528189645841,26.490521477023133],[88.29554478767065,26.491166329116439],[88.294456292459515,26.491377797421972],[88.292891561553816,26.491313708717005],[88.291703345349887,26.490915867186036],[88.290926135887602,26.490640146646793],[88.289903372551294,26.49021533439257],[88.289269215060983,26.489563348008815],[88.289256085591433,26.489549849089805],[88.289156702674802,26.489447671188383],[88.289086932652083,26.489391151919641],[88.28866052125818,26.489045717359801],[88.28785601384493,26.488236290239264],[88.287543003107288,26.487921361430494],[88.287142140352302,26.487420138388842],[88.286896442197332,26.487374866600163],[88.286229280902731,26.487591048672172],[88.285241124949238,26.487865730781852],[88.284543759557991,26.488190241354328],[88.284112708870467,26.487950728286044],[88.283867265014052,26.48750379893993],[88.283662154546263,26.486948624097067],[88.283126180752262,26.486077287611792],[88.282850697067076,26.485670982390072],[88.282534878255717,26.485562415848758],[88.282324043384861,26.485756332645643],[88.2818121263374,26.486293034165207],[88.281470550834968,26.486974275003043],[88.28059708057306,26.488047675341594],[88.279753272978567,26.489536356735822],[88.279191381099054,26.489712020645808],[88.278514259987702,26.489892055561501],[88.277630985497396,26.490536792369504],[88.276776144015912,26.491088286845525],[88.276687605669295,26.491145406858866],[88.276356668819218,26.491158659347235],[88.275885392571482,26.490901154575528],[88.275437578010838,26.490466981781712],[88.275289084648406,26.490323011049149],[88.274768136539564,26.489672872552323],[88.274478639930592,26.488542973761266],[88.274473223081728,26.488521832379966],[88.274599192607013,26.487835940810395],[88.275051390304824,26.486911148069076],[88.275265703063127,26.486403783809507],[88.275272450808657,26.486387812429161],[88.275212578530301,26.486126086766774],[88.275087285659865,26.485981586208489],[88.274941921259526,26.48590018853697],[88.274706312886082,26.485859411327858],[88.273989029738175,26.485998794640938],[88.272368732410143,26.486512128559589],[88.271049585536531,26.486687105624377],[88.269579643110148,26.487272737010947],[88.268807160621066,26.487439129512275],[88.268315644911496,26.487574131305614],[88.26796431914525,26.487804033736687],[88.267498723549792,26.488003576782642],[88.266932624271803,26.488246190706178],[88.266860606343826,26.488277055768556],[88.266148260343272,26.488429899664933],[88.265306353079495,26.488437881520866],[88.264824293490207,26.488442450601635],[88.263244662863826,26.488341876091084],[88.262653136935839,26.488066161316279],[88.262157180982982,26.487501608071337],[88.261852178119227,26.486553755016523],[88.261806672008689,26.486148486251306],[88.261802504490461,26.486111374079314],[88.261938322541496,26.485714389051854],[88.262072555219987,26.485410910497745],[88.262074021801411,26.48540759409623],[88.262059289192052,26.485078205842107],[88.26149849709202,26.48423381556286],[88.261177835218504,26.483881580735325],[88.260291000078595,26.4830730168424],[88.259429127654272,26.482399918069699],[88.258953261624328,26.481907668788704],[88.258869722389392,26.481525645751699],[88.258868377422104,26.481519494092929],[88.258883721582322,26.480745510619432],[88.258883722430156,26.480745460829926],[88.258905416709794,26.479651197152752],[88.258936843756103,26.478817154714402],[88.25895693974438,26.478283823234733],[88.258952416636276,26.478251836694202],[88.258857383711344,26.477579709867712],[88.258717398944597,26.477105803040402],[88.258498040588634,26.47586458976015],[88.258263634727101,26.474650411057567],[88.258078823312331,26.473928179299286],[88.257944357936211,26.47305708399033],[88.257789393630432,26.472551529379981],[88.257996356599151,26.471215917341613],[88.257926850290715,26.47054340635993],[88.257081398581505,26.468602167866059],[88.256725653532087,26.468385287636522],[88.256044038134192,26.468032693078733],[88.255367610074586,26.467612430847069],[88.254841346174032,26.46739541972169],[88.254414949564662,26.467516890902079],[88.254356328333941,26.467527946508181],[88.25222337399741,26.46793019399334],[88.251967571689391,26.467975048723915],[88.251205779320685,26.467608870014519],[88.250694554201061,26.467436941622115],[88.24993246544561,26.467404703157637],[88.249135126545255,26.467498709127788],[88.248743965874326,26.467511880703782],[88.24690622447487,26.46404164237288],[88.246616674456646,26.463494869412639],[88.246174653882747,26.462705437505868],[88.245777219203049,26.462132492310811],[88.245767926946215,26.462119096973471],[88.244854660634147,26.461438404533364],[88.244096918102528,26.460771157077875],[88.243830871588983,26.460487106068793],[88.243599783170311,26.460058574252837],[88.243423899713306,26.459661519335075],[88.243368226536717,26.459138109421577],[88.24331750623756,26.458506320294365],[88.243191579229659,26.457969437765616],[88.242874898878895,26.457125818917898],[88.241619425884537,26.455132069540937],[88.241503071706063,26.454965746310975],[88.241152503719675,26.454464624224837],[88.240570257043302,26.453770101298471],[88.239476255870017,26.45271492358783],[88.238984379256848,26.452178322109855],[88.238167028904229,26.451939755661943],[88.237219062985844,26.451547845541814],[88.235544555326754,26.451549156028328],[88.234170796255043,26.451509570053581],[88.23320821856062,26.451523839732555],[88.23243619891231,26.451537994839665],[88.231775709847383,26.451662417561707],[88.230897347126415,26.451827879395989],[88.229219272302686,26.452489498775499],[88.228867543741345,26.452628173022028],[88.227639760785706,26.45316154225484],[88.2264868484868,26.453482821177388],[88.2256296809567,26.45355562970591],[88.225153417898241,26.453664260234525],[88.225147430214534,26.453891602165402],[88.225124299007149,26.454769901909824],[88.224964516313335,26.455546238723805],[88.224534130462089,26.456503289504148],[88.223127051480219,26.458602716471887],[88.222746425338698,26.459126440947088],[88.221884489153027,26.459578267001408],[88.220716635472542,26.460012298640404],[88.220180348659028,26.460319590603156],[88.219755043976946,26.461411915162589],[88.218687828810957,26.462346760071558],[88.218452426225511,26.462586115332286],[88.218202210467169,26.463285755589322],[88.218007243294437,26.463926694315496],[88.217907642765923,26.464860952185795],[88.217847986011961,26.465501819820059],[88.21772798062473,26.465908020975125],[88.217036158225724,26.466003296400629],[88.21660500953584,26.466134445321114],[88.216043482028596,26.466229507687029],[88.215492048287203,26.46638785885089],[88.214915726855793,26.466803359268248],[88.214635295260251,26.467245770971527],[88.214625666699973,26.467272295870419],[88.214355111246121,26.468017703987051],[88.213999469716683,26.468577487254414],[88.213498270190598,26.468744793094313],[88.21227971835404,26.468650777605404],[88.211627841927609,26.468596995612142],[88.21083058140745,26.468597437817984],[88.210284089041465,26.46876024210102],[88.210018522327758,26.46898602679703],[88.209823112034869,26.469225301317461],[88.209778325891037,26.469681144571638],[88.210400726565084,26.470493089905137],[88.210599968979807,26.470718652484383],[88.210666543746228,26.470794020669047],[88.210671669138364,26.47079982309895],[88.211038141129109,26.471291542893884],[88.211394335325039,26.471625267897409],[88.211705375927139,26.471823593248498],[88.212101587653152,26.471859502119127],[88.212798581754186,26.471899718105089],[88.213352124656083,26.471874012889238],[88.21368611961347,26.471858502055078],[88.21450355840463,26.47195284709629],[88.215065106281955,26.471952493847645],[88.216232852492382,26.471180045152209],[88.216839376179507,26.470859258370677],[88.217611408867995,26.470709853019482],[88.218218117341735,26.470664323758935],[88.218915105554174,26.470704508937651],[88.219802818992534,26.470861871044676],[88.221167281600358,26.471528845860565],[88.221879824860594,26.47220526937738],[88.222457131016924,26.472926994145094],[88.222768720381794,26.473820266012481],[88.223065542640029,26.474948302703435],[88.223165204296876,26.475243360405265],[88.223321550236165,26.47570623109991],[88.223452646196975,26.47609434285156],[88.223754012078132,26.476912126672378],[88.223894901483931,26.47729443789995],[88.224236461981519,26.477993708023508],[88.22447301455469,26.478941246166173],[88.224624241924275,26.479902334331417],[88.224624524651816,26.47992602893483],[88.224640436464298,26.481260729725918],[88.22436018203436,26.481946823718964],[88.223828951164805,26.482389508027183],[88.222229713582038,26.482977210233077],[88.221191945551084,26.48332545427937],[88.219858152478452,26.483524821449645],[88.218273312915883,26.483349850343252],[88.216864156448509,26.483319165983627],[88.21532450283793,26.483252474601695],[88.214141131402897,26.483370519831595],[88.213818978155302,26.48338252281366],[88.213032895757507,26.483411810373674],[88.212455997066556,26.483245178250954],[88.211964286372364,26.482897983094126],[88.21178828491864,26.482243770892925],[88.211772864997599,26.481643538044132],[88.212113448127027,26.481097340039568],[88.212970330374816,26.480298032997457],[88.213311084547797,26.47986459053033],[88.213530927999841,26.47890322301706],[88.213796126796424,26.478077161182814],[88.214643942579684,26.478518914639231],[88.215070341895725,26.47877141152939],[88.215341107961095,26.478711918794193],[88.215441367763617,26.47868988994875],[88.215636764917292,26.478477693218228],[88.215766884378851,26.478048927634998],[88.215030794746809,26.476989829876729],[88.214998771833891,26.476943754223228],[88.214095199898978,26.475671626654329],[88.213457673409565,26.474819112011776],[88.212745228643811,26.474273462064623],[88.212622603913545,26.474187328465934],[88.212293958555136,26.473956481254479],[88.211872281794527,26.473660285730112],[88.211250200539197,26.473322136998174],[88.210878962682131,26.473132898563055],[88.210733584364803,26.47309233084901],[88.210538020704973,26.473173707210751],[88.210212239197446,26.473349897067745],[88.209886361326795,26.473440320596438],[88.20895373055815,26.473535611599193],[88.207755429725765,26.473761973649591],[88.207339395008006,26.473884030575384],[88.205639411154252,26.473898575106048],[88.20515057446363,26.473941702782486],[88.204661737440404,26.473984828930867],[88.203699027414117,26.474188404644572],[88.203313073566434,26.474319495553473],[88.202972163350822,26.474518276686418],[88.202957179532717,26.47464010133935],[88.203524512122783,26.475560424929064],[88.203524758011042,26.475921455073184],[88.203389493565226,26.476187748930702],[88.202958312049674,26.476359485041783],[88.20226631289772,26.476242531993421],[88.201137754749794,26.4758956027115],[88.200651226338863,26.475616122840187],[88.200074603160388,26.47576081488651],[88.19952814789211,26.47594163508305],[88.198831091060043,26.475887813805613],[88.198339491163907,26.475621821039283],[88.19779279950825,26.475382920640012],[88.197040553079333,26.475288475599434],[88.196298339968266,26.475194123838246],[88.195766715278182,26.47513113746756],[88.195085042518301,26.475488036275546],[88.194122422982744,26.475917159576223],[88.193235195250509,26.476459128907148],[88.192332963332674,26.477123007625348],[88.191621166082683,26.477673884598808],[88.191588142772076,26.477716123070387],[88.191232967944913,26.478170405870255],[88.191059954856968,26.478391695463937],[88.190864545834216,26.47868511213418],[88.190749367967229,26.479005577118915],[88.190749856750102,26.479881025110465],[88.19084083309896,26.48106790877101],[88.19078103084243,26.481758423581571],[88.190660856513077,26.482051755365877],[88.190174581768503,26.482313742236141],[88.18949262931136,26.482512626205462],[88.189046503411276,26.482806144246503],[88.188736062987118,26.483699800082238],[88.188630909458098,26.484020270019329],[88.188290132794009,26.484471711891246],[88.187859079445289,26.484905126266653],[88.187790836409832,26.484896064330641],[88.187452810812331,26.484851177699515],[88.187272193957142,26.484594026185555],[88.187066386145631,26.484169882960572],[88.186619851932122,26.483926406952833],[88.18617851260872,26.483768562200606],[88.185968457645657,26.484914977592311],[88.1857179918605,26.485388865740795],[88.185036248296839,26.486070640441518],[88.183526984800736,26.486603721300138],[88.182669571698668,26.486748505054653],[88.181365675052561,26.486870890440066],[88.180578488306978,26.487123869562406],[88.180182305556642,26.487281976942189],[88.179886616422081,26.487643107549061],[88.180007418123481,26.48851855574928],[88.180198283156287,26.489249606563103],[88.180303798251501,26.489727944900022],[88.180584962171437,26.490291861031032],[88.181162107068175,26.491131030881185],[88.181443118578471,26.491482966690267],[88.181754274704062,26.491898030033497],[88.181799717951364,26.492525285222552],[88.181784758536892,26.49281864063563],[88.18160946415361,26.493229335046333],[88.181148297319069,26.493725995443796],[88.180777239103804,26.493870535838752],[88.180065109315194,26.494060328276415],[88.179443189109463,26.4940154533124],[88.179026984159862,26.494042635965236],[88.17885169344828,26.494602290813983],[88.178616440483808,26.495667471166712],[88.179010524514609,26.496197010815578],[88.179580026199957,26.49696226107233],[88.179655386424514,26.497395437098092],[88.179608429601927,26.497758786002493],[88.179505487158721,26.498555339518312],[88.179520713742235,26.499024672830235],[88.179701616090597,26.499584182520188],[88.180042773844619,26.499850307542353],[88.18092296825651,26.499936661309299],[88.181050976808365,26.499949219969263],[88.18132422915707,26.499952485716339],[88.182144293748436,26.49996228519943],[88.182650951883048,26.500016318064834],[88.182774440982413,26.500043011032776],[88.182778091471164,26.500043830563285],[88.182778147517737,26.500043842369674],[88.183212685627964,26.500137874385452],[88.18358404655028,26.500413039210635],[88.183932109768961,26.500933794721774],[88.184005611104809,26.501043762907404],[88.184077283123813,26.501170839531614],[88.184206780056982,26.501400442611544],[88.184222360946819,26.501428067021703],[88.18437208896718,26.501693540367743],[88.184658156727181,26.502498046923833],[88.184702799587384,26.502623595326771],[88.184769439242302,26.502811003131562],[88.184794047327884,26.50288020658008],[88.18490387512594,26.503285715844232],[88.185110570982602,26.504048878390559],[88.185399344651003,26.504354128580687],[88.185652577990453,26.504621809184027],[88.185969833828764,26.50475950840611],[88.187273106199399,26.50532516082303],[88.187514004941491,26.505713168178744],[88.187593019602843,26.505902718826054],[88.187955984106921,26.506773444304763],[88.18827715097396,26.506994484340645],[88.188310959316581,26.507016688407145],[88.188798955343501,26.507337174985096],[88.189624176998294,26.507677470873645],[88.190099764776093,26.507873585726379],[88.190263987555198,26.507941304465362],[88.191132043009148,26.50853207725228],[88.191298620406599,26.508990159477634],[88.191333329819543,26.509085607824971],[88.191538948614777,26.509651044464515],[88.191418045887659,26.509967581426295],[88.191272606621325,26.510348354230185],[88.191063112520382,26.510896824494136],[88.191284172792791,26.511528475607726],[88.19215221098986,26.512338136132819],[88.192187028048863,26.512370611665283],[88.1922426941357,26.512422533207626],[88.1923821652924,26.512552623550803],[88.192982928154592,26.513112974350371],[88.193407128676085,26.513508634437418],[88.193602022243951,26.513580992421694],[88.194037792830343,26.51374277944031],[88.195101890007933,26.514137836495394],[88.195663016688329,26.513925419919971],[88.196672659744223,26.51354320790238],[88.197821133926112,26.513095800067916],[88.198844157871875,26.512657562415136],[88.199035155987985,26.512669192280438],[88.199253543359205,26.512682488753015],[88.199947689163452,26.512724750710664],[88.200151139930398,26.512830729146021],[88.200795714095833,26.513166487489954],[88.201337660269587,26.51350020395742],[88.201668780027049,26.51354526273596],[88.201969675083433,26.513472761401598],[88.202416041471693,26.513310106088394],[88.202892427719945,26.513120293090896],[88.203163309262919,26.513133717455759],[88.203324025930087,26.513408889345509],[88.20354496325163,26.513742687234576],[88.203499971989785,26.514008941112255],[88.203419874103545,26.514041798449835],[88.203356577084364,26.514067763287976],[88.202772833860763,26.51430722113308],[88.202644138721752,26.514399980674362],[88.202572334615951,26.5144517347935],[88.202424122133849,26.514858022497904],[88.202365276068619,26.515019335400808],[88.202331935424496,26.515110729646278],[88.202744504396861,26.516933706657195],[88.203189208469539,26.517932115815789],[88.203437809265893,26.518490245123534],[88.20390436101647,26.518548691419848],[88.203919582865396,26.518678190083008],[88.203924514093515,26.518720143881978],[88.203894617130985,26.518999993329746],[88.203914855091497,26.519266239045479],[88.20370926771507,26.51935653889765],[88.203726116671021,26.519407313126113],[88.20399078026216,26.520204870890318],[88.20415200975394,26.521287863085089],[88.205365900755936,26.521151758174216],[88.205544660103399,26.521141600150788],[88.206088234552411,26.52111071264212],[88.206402579893151,26.521288549944938],[88.206765730759287,26.521493997526285],[88.207383169056783,26.522102855243823],[88.207531057266792,26.522221582560714],[88.207608918737193,26.522284090847894],[88.20761908324755,26.522292251334857],[88.207646933518461,26.522857252846702],[88.207675140109842,26.523429483852524],[88.207698469711985,26.523454904872555],[88.208108521073754,26.5239017161473],[88.208217337289284,26.524020286574061],[88.208774421643611,26.52441261623234],[88.209024475986453,26.524500289833558],[88.209416769928339,26.524637834807805],[88.210630982273941,26.524912454857951],[88.211341466117929,26.525130543467228],[88.212125849409034,26.52537131196841],[88.212186445164136,26.525389911642769],[88.213053766682492,26.525861094624826],[88.213215286290122,26.525948840614653],[88.214379742788054,26.526643111114275],[88.214728077248679,26.527151492017342],[88.214982436873655,26.527522717634014],[88.215570723540907,26.52805580957536],[88.215652617829676,26.528130019887534],[88.216127049692929,26.528559933185317],[88.216544144023729,26.528606816936065],[88.21704524752333,26.528663143179994],[88.217187065244744,26.528632215717479],[88.217647140452627,26.528531883590066],[88.218183872548437,26.528531541580797],[88.219142452805656,26.528932586351921],[88.219287574343326,26.529029956995551],[88.219559101827912,26.529212140356339],[88.220527604023516,26.529563436232927],[88.220707304391382,26.529661117483695],[88.220829537750248,26.529727560851043],[88.221290536927569,26.529978147942241],[88.221468441077278,26.530243881044566],[88.221797870235889,26.530735940959094],[88.221845966245724,26.53076739901163],[88.222008609660747,26.530873778152358],[88.222314915221702,26.531074119808757],[88.22282338394109,26.531345473067791],[88.22337897626899,26.531641970179386],[88.224694069286741,26.532390199911152],[88.225848649703309,26.533228813781808],[88.226258075851334,26.53346251555076],[88.227198944434946,26.533999557663044],[88.228604215317048,26.534643874808651],[88.22968332005162,26.535044710210823],[88.22969890217108,26.53534603226645],[88.229713699618515,26.535632164451435],[88.229724157588379,26.535834392441451],[88.229579975491305,26.537373362979363],[88.229341899994395,26.538574731322612],[88.229280330221641,26.538885415966817],[88.229306435505165,26.54006324524941],[88.228995904523885,26.540677203994811],[88.228978179303354,26.540712353645379],[88.228924582765003,26.540818638994022],[88.227969195685915,26.542713183093309],[88.22769893391694,26.543471599519645],[88.226978128593927,26.544548253410802],[88.226365954069422,26.545462628467547],[88.226223426298162,26.546017067831173],[88.22615592277937,26.546279656915107],[88.225559631421888,26.547209697336061],[88.225490316161881,26.547997066127902],[88.225460305696743,26.548337957929608],[88.225461933761011,26.550237870203645],[88.225658268526843,26.550973311287848],[88.226110108703523,26.551230240254391],[88.22708349809659,26.55123856301109],[88.227200044552617,26.551352804681823],[88.227391683503541,26.551540654245205],[88.227575687545212,26.551721019236176],[88.227907195857682,26.552045786403177],[88.227961804444874,26.552561186606525],[88.228003288809759,26.552952713777554],[88.227626102285981,26.553339648212418],[88.227496967057533,26.553472118786747],[88.227440140212337,26.553506168701066],[88.226433757099969,26.554109166000359],[88.226426032472844,26.554125918342454],[88.22627404207698,26.554455534271003],[88.226273436189558,26.554456849246417],[88.226273495370208,26.554457192477809],[88.226275379578084,26.554456997631537],[88.228390696985201,26.554238373403344],[88.229011912746941,26.554174160803473],[88.231038864105003,26.553628531615182],[88.233190347952956,26.553465480804366],[88.235773384260028,26.553294142644166],[88.237657430166919,26.55346737734034],[88.23962619780113,26.554050617454099],[88.241913936553658,26.554888345368116],[88.243302861974456,26.555223804663605],[88.245268314507683,26.555030598225212],[88.246606574397447,26.555321330054003],[88.248642455955547,26.556996227817539],[88.249878359580904,26.558028108825788],[88.251282262863398,26.559275172162195],[88.25117530727033,26.560057020733343],[88.250871460993523,26.561197198731435],[88.250499372929355,26.562062626449418],[88.250377744722712,26.562880714470111],[88.249850667159151,26.563341245901203],[88.248691517653228,26.56383891583453],[88.247795978039733,26.564113085215531],[88.247044096917975,26.564674882243072],[88.246110151328224,26.565111878297955],[88.245483979366327,26.565695137141546],[88.245199402973071,26.566302491854238],[88.245023490743378,26.56674639474349],[88.244585742203256,26.566650914148834],[88.243978704340222,26.566683299664991],[88.243433601817586,26.566873131026487],[88.24270137185745,26.566933688364262],[88.242468581864429,26.567224610179991],[88.24274892945057,26.567619391108821],[88.24286222737328,26.567884723727438],[88.242804528276054,26.568119951663668],[88.242472667707617,26.568068680165588],[88.241929071668721,26.567933489066306],[88.241510474267898,26.567752067039262],[88.240893643473498,26.56734215983538],[88.239880585982235,26.566962782735498],[88.239237195457633,26.566882617554171],[88.238580494341207,26.566965066346132],[88.23732220479053,26.56712044760684],[88.236350884338748,26.567354579256701],[88.235473908871711,26.567493092212967],[88.234466477348946,26.567637244527258],[88.23332738084946,26.567674196201153],[88.2326885778768,26.568022785784954],[88.232453880268579,26.568607114650121],[88.232365129114868,26.569226292838493],[88.232180671580707,26.570284151481793],[88.232222424321463,26.570902199904634],[88.232301007952344,26.57214736686457],[88.232360526037439,26.573018042993461],[88.232591381735972,26.573480980969414],[88.232595161000887,26.574771933958537],[88.233138489855136,26.574880079086213],[88.233525583384264,26.574930894204901],[88.233708369611364,26.575123410390749],[88.233892436326471,26.576372174731855],[88.233491295162523,26.576416276110209],[88.232883959354723,26.57642604862497],[88.231745256962725,26.576508126369028],[88.230575470406023,26.576500183945974],[88.22999757139776,26.576915945191985],[88.229539901408572,26.577308096148975],[88.229588693940585,26.577646219835604],[88.229673680432157,26.578552788234628],[88.229746067664593,26.579689675192139],[88.229855044478882,26.580961663997673],[88.23015236591857,26.582475778099045],[88.230331729246203,26.583286737394282],[88.230886730020728,26.584013197047803],[88.231043028382587,26.584544490266538],[88.231483543497788,26.585362217142119],[88.231858417018188,26.586144397963583],[88.232319695005629,26.586555686884946],[88.232845175696141,26.586867112670109],[88.233365155442257,26.587133445413563],[88.233595852511286,26.58757832481918],[88.233707215916084,26.587663125238006],[88.233952625047579,26.587606830868253],[88.234377453983484,26.587427104586581],[88.234747301079963,26.587270424071839],[88.235479131634449,26.587160254818922],[88.235993736551634,26.586925577618306],[88.236331688004483,26.587071603217268],[88.236919121419888,26.587540462980382],[88.237630802241384,26.587890877714358],[88.238145533773604,26.588134667628314],[88.238627279335162,26.588112421079678],[88.238845674896169,26.588345245245186],[88.238738291252531,26.588630556634048],[88.238681012453483,26.588906403570849]]]]}},
{"type":"Feature","properties":{"OBJECTID":40390,"STATE_UT":"WEST BENGAL","SHAPE_Leng":38202.311956500002,"SHAPE_Area":38442051.033100002,"District":"Darjiling","Dist_LGD":"327","Sub_dist":"Matigara","Subdis_Typ":"CD_Block"},"geometry":{"type":"MultiPolygon","coordinates":[[[[88.311412920323207,26.774958442359424],[88.311465016072489,26.774951457232344],[88.31239484429112,26.775362062857173],[88.312877435327465,26.775575171900304],[88.31388494118606,26.775840177032052],[88.314863018229516,26.775920550259322],[88.31542488287397,26.775966719216481],[88.316640834751141,26.7760666237475],[88.31900404690758,26.776260760632727],[88.319017000277526,26.776261825026982],[88.3224702418633,26.776153270092099],[88.322536104038804,26.776151199767451],[88.322633589995036,26.776365911886163],[88.322634660485349,26.776368267990485],[88.322635709457288,26.776367914838531],[88.322635269107835,26.776369609763258],[88.322740462192357,26.776601295887463],[88.32214228742032,26.77732681888012],[88.321343604158955,26.778143760575073],[88.320026505747549,26.778893122827306],[88.319740971725579,26.779055576984675],[88.318434911295597,26.77924359360647],[88.318354775495422,26.779244056179312],[88.316926420277085,26.779252298614733],[88.316525507906761,26.77943513040119],[88.316226983262027,26.779888193882755],[88.315935578631851,26.781333939381533],[88.315141387711549,26.782782547979387],[88.314846777082991,26.783777128728623],[88.314750662637167,26.784409400873098],[88.314255624581023,26.785495302985833],[88.31366435648745,26.787213565762446],[88.313577989557189,26.78919968320141],[88.314121085750685,26.789593251920298],[88.314690128526109,26.790005624677487],[88.315497241169112,26.790362025668006],[88.316972497004272,26.790529822174427],[88.318246925594678,26.790346391266468],[88.319451890351601,26.790068680064245],[88.320856081603438,26.789518998685168],[88.323162811945338,26.788603029364904],[88.324569551080813,26.788414386360905],[88.324610427119694,26.788417200548114],[88.324636076230064,26.788413761216386],[88.325843588342579,26.788496979041675],[88.327053145041006,26.788850899679129],[88.327573240075523,26.78897830255238],[88.327962831114192,26.788278159020546],[88.328226982300251,26.786343814671955],[88.33263089694988,26.787918352040762],[88.335036803787858,26.784641314849516],[88.337534835765595,26.781083518598951],[88.340540321829181,26.780924211078524],[88.342485326175165,26.780820029602005],[88.342486303279173,26.780048179341531],[88.345916665955869,26.780525675317463],[88.349180101509816,26.780918915661054],[88.348730440272234,26.779040989553167],[88.350049572702474,26.777046913798245],[88.350638757957043,26.775840656143206],[88.351509818749207,26.775507363796464],[88.352816026976541,26.775400109335731],[88.355932483109683,26.775284555609755],[88.357705388652519,26.775096056288206],[88.359655831782476,26.775036727963045],[88.359668735586922,26.776119887389463],[88.35973576904226,26.776259168197576],[88.365968627236711,26.776862716742155],[88.365685935541748,26.775091568567319],[88.365711581047705,26.773872630394795],[88.367434648992585,26.772885569904595],[88.367477468364385,26.771002953758661],[88.369034778117566,26.770455301563651],[88.370567551075894,26.77079706419233],[88.370120480817789,26.772512068688187],[88.371316109661464,26.773669541929507],[88.372929850388644,26.773631344586313],[88.372917608331676,26.774285944606724],[88.373579308040675,26.774112526410253],[88.3744686837491,26.773219222050852],[88.375024461059226,26.773854768689798],[88.375920164588209,26.77390475123487],[88.374766019274972,26.775360328367753],[88.372517543872021,26.778234765635137],[88.371006762138649,26.780569419726167],[88.367874751075547,26.783592261181855],[88.36421167956739,26.787433783213686],[88.363891350968117,26.787769708641562],[88.3639001337054,26.787769300960431],[88.365133610177068,26.787712119863716],[88.366595605427264,26.787644338679129],[88.36950259135763,26.788487396430895],[88.367945030849754,26.791909327075896],[88.368135964952401,26.791916126273001],[88.368233301016062,26.791919591819159],[88.368817192266718,26.791940383144812],[88.368807281079498,26.791967670820473],[88.368757744535614,26.792104062091198],[88.368785902461426,26.792100556241994],[88.368868316877737,26.792090290398686],[88.369569950109423,26.792002887242596],[88.372304195947052,26.791854547937842],[88.374345294153997,26.7922003589476],[88.376743421080874,26.793373182244153],[88.379388248177619,26.79373110335214],[88.38213000421355,26.793785613787772],[88.384365163443832,26.79436860810004],[88.386713800066147,26.795595904829398],[88.3893546124132,26.796856403641858],[88.390989256028774,26.797269150154889],[88.394003921578886,26.797835299836642],[88.39763073335952,26.798688730081906],[88.401040193863551,26.799860168911362],[88.403769584383397,26.79971577911915],[88.405785160095462,26.799605508154599],[88.409234536336129,26.799521567275782],[88.411244510719683,26.799366137598902],[88.413615238724176,26.79950497580365],[88.416321353535082,26.799514040264661],[88.419293109689406,26.799448172141304],[88.420788498424713,26.799573094767155],[88.423111357193349,26.798696696188117],[88.425427907821728,26.797721024630405],[88.426443321970311,26.797272979736295],[88.426089000803103,26.795484652914364],[88.427688760767552,26.79591537699655],[88.429626427275849,26.796017692906023],[88.431195422598705,26.796497799172357],[88.431205198521951,26.796500790820325],[88.431115373743978,26.795872841292972],[88.43109491879747,26.795584585676544],[88.43109007659082,26.795516342850391],[88.431472109339467,26.795186780914793],[88.431859271768616,26.795073818558141],[88.432432393884994,26.794974319579634],[88.432697694538135,26.794995524100329],[88.433050941646968,26.795023758750606],[88.433389682408702,26.795286664708968],[88.433463464080475,26.79534392875258],[88.434000361273817,26.795608833536249],[88.434112276498425,26.795664051840262],[88.434383885272979,26.795673036300126],[88.434631288614909,26.79565726835213],[88.434740896920559,26.795650282281489],[88.435550430875736,26.795672498135875],[88.436144137248604,26.795706961942823],[88.436400342326266,26.795721833370585],[88.437184692499727,26.795685347984087],[88.437591893892488,26.795486588652455],[88.43786826683025,26.794972033455984],[88.438385985519929,26.794651456644189],[88.438397410606044,26.794634679332567],[88.438647304876568,26.794267765668561],[88.438732455171305,26.793687916991598],[88.438737436016211,26.793653995834177],[88.43858695234232,26.792689415468573],[88.438586083744184,26.792683849670247],[88.438585998786678,26.79252539433568],[88.438585767556205,26.792092665304025],[88.438736389220153,26.791745123024668],[88.439339506500346,26.791266512933635],[88.440148920464594,26.791058602833498],[88.441335462058461,26.79077373088489],[88.441448465987776,26.790727224010308],[88.441993994752067,26.790502711451204],[88.442310610284082,26.790182092415911],[88.442341890528596,26.789971025733763],[88.442350739625368,26.789911319876968],[88.442089090589718,26.789591084254702],[88.441880301641518,26.789504368439957],[88.441470461648862,26.78933415001309],[88.439896451263266,26.789122768810611],[88.439413624309978,26.788937925647105],[88.438991105184911,26.788653892177507],[88.438784880687336,26.788396726969346],[88.438659858587826,26.788103750356097],[88.438653974420404,26.788089960084484],[88.438683890984976,26.787742471618554],[88.438866293523006,26.78749470566764],[88.438899964570652,26.787448970141629],[88.439715617312373,26.786761501263651],[88.439779446420246,26.786722100609492],[88.44020164643743,26.786351847427738],[88.440915453472698,26.786031163800622],[88.44174992350662,26.785723872232378],[88.442046435348516,26.785453018136291],[88.442135835338846,26.785292216417719],[88.44214182995168,26.785281432913404],[88.442101417254563,26.784925000579776],[88.442023372449938,26.784734239972632],[88.441990675625007,26.784654321191994],[88.441608460791642,26.784446886390942],[88.441236290451883,26.784262005938277],[88.440502668641571,26.783998291864048],[88.440346133650579,26.783942021392168],[88.439948805206626,26.783779780302876],[88.439889343122118,26.783553465078008],[88.43988281585564,26.783528621448262],[88.439868189825887,26.783472953966658],[88.440003890462179,26.783314953070199],[88.440415948197099,26.78293117132208],[88.440613242600634,26.782677247074702],[88.440636951126493,26.782646734419362],[88.440526292281433,26.782461809491373],[88.440299054934727,26.782361785236652],[88.440249672143651,26.782340047944643],[88.439701713167338,26.782403482633477],[88.438831957426927,26.782710758792962],[88.437781302234313,26.782981952278398],[88.437358105818788,26.78312439056123],[88.43668039642651,26.783352495014952],[88.435529131671117,26.78364626650642],[88.434897670910232,26.783740446860421],[88.434709631606282,26.783768493318796],[88.434423006378211,26.783682840146735],[88.434201633994377,26.783403162739418],[88.434031842544186,26.782246720039776],[88.434030039210938,26.782234436005428],[88.434039404541835,26.781618917913651],[88.434039788932168,26.781593678331493],[88.434014182455869,26.780668560298388],[88.433827968340239,26.78017674934361],[88.43355627806163,26.779942173644098],[88.433048352876938,26.779612945795986],[88.432253712150015,26.779157527211158],[88.431866358701825,26.778810195459638],[88.43160979286003,26.778417667642589],[88.431547195955361,26.77801355540155],[88.431539205487695,26.777961966715985],[88.431609429807494,26.777763381039893],[88.431730029389342,26.777555710093846],[88.431991402888087,26.777433818705909],[88.432142032095015,26.777420422075465],[88.43311256716639,26.77733410539529],[88.433620518180177,26.777618196142583],[88.434264198059935,26.777938284167604],[88.434651435699521,26.778060021743194],[88.434993157725287,26.777897411104348],[88.435158999010255,26.777752921379712],[88.435314712099583,26.777418872147361],[88.435701486070201,26.776728344675899],[88.435877425590746,26.776579329056453],[88.436123706242043,26.776457402454252],[88.436550995811672,26.77628570576865],[88.43701348950664,26.776186229791911],[88.437631691079162,26.77592873090995],[88.4377572230119,26.775594715517805],[88.437796123339808,26.775458473198061],[88.437837012710673,26.775315265035832],[88.437852582882087,26.775260734940986],[88.437535653740085,26.774931480180342],[88.437193644953553,26.774782752414183],[88.436575142740097,26.774584469365756],[88.436308557454467,26.774291261116936],[88.436294706039106,26.773684665138081],[88.436293099347438,26.773614287786867],[88.436305979669513,26.773591146902827],[88.436306140205232,26.773590861961157],[88.436458913966632,26.773316424762211],[88.436815654507683,26.772910104695704],[88.437070685030179,26.772656742442873],[88.437433673994576,26.772296125679947],[88.437513943598518,26.771889990803999],[88.437581825374721,26.771355029692764],[88.437588964761574,26.771298761106102],[88.437588596506671,26.771298056086991],[88.437397806690072,26.770933294431739],[88.436919957785548,26.770586080546927],[88.436861085766182,26.770530080896556],[88.436753942470816,26.770428163519338],[88.435838893008707,26.77030221203799],[88.435588314901324,26.7701224255574],[88.435587414994885,26.77012177953317],[88.435587415107946,26.769945839096071],[88.435687867813158,26.769760757065619],[88.4360296424382,26.769652307285863],[88.436577613306639,26.769602429228467],[88.437095435172239,26.769602233072018],[88.437452178584422,26.769380968909733],[88.437507874960673,26.769177074865947],[88.437522454798838,26.769123702956136],[88.437331351978287,26.768898156145056],[88.436109539874536,26.76870463517389],[88.435636935452791,26.76860552100975],[88.435424175607253,26.768419411013692],[88.435229583832566,26.768249191605985],[88.434857331136087,26.76782065040755],[88.434610768236112,26.76741457545166],[88.434382036832631,26.766933284659373],[88.434364198679248,26.766895751380186],[88.434238064384502,26.766133145570123],[88.434082066560961,26.765691038057803],[88.434068183409394,26.765095727960691],[88.434066594192771,26.765027604693255],[88.434169313032939,26.764502660916197],[88.434191993077746,26.764386758237055],[88.434275190456987,26.764223598006584],[88.435080681759018,26.764755500099458],[88.435503114649322,26.764083667240492],[88.436985106588907,26.761726681180789],[88.437013216708394,26.7616819742106],[88.437547673506984,26.760924447043582],[88.437592760616781,26.76098962342548],[88.437709809611974,26.761289635477848],[88.437768886229065,26.761790922057671],[88.437821646282046,26.762095406319666],[88.437892198482743,26.762315820715301],[88.437989162812286,26.762551541014751],[88.438185606275553,26.762917349375201],[88.438542157947595,26.76340455976808],[88.438704080372588,26.763578890262842],[88.439192322576019,26.763919954479704],[88.439887402708948,26.764315380362639],[88.440533387460206,26.764866567220771],[88.440436084368713,26.765290424638767],[88.4405660276894,26.765522034517804],[88.440736428708121,26.765741309891919],[88.440940254254897,26.766013389010574],[88.441140865050997,26.766338164850097],[88.44128168975638,26.766740714213078],[88.441372731199465,26.767143455304808],[88.441461641140251,26.767489294391716],[88.441648955289736,26.767968948111871],[88.441866875024886,26.768428350715965],[88.442063479115674,26.768810299193781],[88.442180707006401,26.769163978429734],[88.442224534161795,26.769258244188563],[88.442245554569325,26.769228836100478],[88.442427181882266,26.769032787983733],[88.44257206959324,26.768824457945861],[88.442879157953897,26.76882325179557],[88.443094651711363,26.768839554373045],[88.443305457625598,26.768829778132069],[88.443598465696709,26.76881644843893],[88.443836752352567,26.768815511435768],[88.444130462598622,26.768855111632238],[88.444332405740099,26.768890849185855],[88.444561017945801,26.768938905399708],[88.444837043793981,26.768970373760094],[88.445043199897384,26.768973536376318],[88.445231275113912,26.768989196498929],[88.445437333317315,26.768980181554102],[88.445652554779969,26.768963179291852],[88.445876546985602,26.768888982335568],[88.446114144384111,26.768802553146319],[88.446173438588445,26.768663649246243],[88.446083459390167,26.768395359185607],[88.446050790525334,26.768228485041298],[88.445919583657428,26.76798073682863],[88.445867374153551,26.767748828417599],[88.445797168322258,26.76757415183658],[88.44570951584042,26.767386370448985],[88.445855298233553,26.767394741480455],[88.446107864318193,26.76743102279212],[88.446300469946252,26.767453871025783],[88.446584602959504,26.767485552431481],[88.446919534796081,26.767504359552493],[88.447441981063136,26.767539071856778],[88.447698721060519,26.767538055555455],[88.447931820883852,26.767484199945347],[88.448147170668634,26.767483347410757],[88.44832574817633,26.767466237207046],[88.448527359431424,26.76746146136826],[88.448742738044359,26.76746458343262],[88.449085615491356,26.76746322300988],[88.449357193879607,26.767498924884578],[88.449577436716169,26.767550236775691],[88.44973358155957,26.767595094757759],[88.449876756003505,26.767627080415643],[88.450673984309944,26.767713621197849],[88.450862323006632,26.76776232502846],[88.451036667090122,26.76780984151679],[88.451243591006445,26.767874126974899],[88.451376993564153,26.767942681357372],[88.452947709894715,26.767128166440745],[88.452692463312047,26.765641302953494],[88.452197604567345,26.763895105332914],[88.451991596565591,26.761929295487818],[88.451872725477969,26.760093484530714],[88.452019878350029,26.757826158094151],[88.45259224302248,26.754994789022021],[88.454640146958255,26.750383471729375],[88.454660165193175,26.748401802105416],[88.45442850431715,26.747185510512413],[88.453756492128804,26.745742288347436],[88.453715239165035,26.74565369193872],[88.45355893642953,26.744432111744324],[88.454351023023747,26.742677229464697],[88.454372216410846,26.742654130402446],[88.454375241490737,26.742581412710106],[88.45436349938592,26.742267842033101],[88.454402341186977,26.741950843706238],[88.454403092164327,26.741485884269188],[88.454355053831208,26.741213461664174],[88.454361247258106,26.740834712259307],[88.454335222733192,26.740447889546981],[88.454282419174703,26.740138705838277],[88.454270261899808,26.73977245347174],[88.454189015312309,26.739332915023041],[88.45414522603545,26.739031896164178],[88.454057372838591,26.738360277512367],[88.454040523144755,26.73796621046391],[88.453959211669343,26.737517975395477],[88.453917579764052,26.737346418642868],[88.453882836859862,26.73712737205005],[88.453840411514278,26.736891455337069],[88.453800508187697,26.736586197466558],[88.453774122750588,26.736503299284781],[88.453748882459564,26.736423625639731],[88.453832512961185,26.735902179714355],[88.453897624854932,26.735547556842565],[88.453857365322136,26.735197566608754],[88.453843303133795,26.73504702556188],[88.45379081524257,26.73481114919187],[88.453757285998805,26.734603528596832],[88.453685618634111,26.734241485420494],[88.453583308888938,26.733472257314734],[88.453558858820287,26.733281002023094],[88.453566268739124,26.733053092599441],[88.453582105670051,26.732759794192052],[88.453524900605871,26.732457831786931],[88.453510527438866,26.731811521220795],[88.453454180142373,26.731651949927389],[88.453406261245419,26.731392447140031],[88.453321212024392,26.730928565871153],[88.453276473641836,26.730717011955988],[88.453253350480082,26.730586884216855],[88.453154166224337,26.730208543690473],[88.45310689143237,26.730029554084069],[88.453026907199572,26.729745075212477],[88.453034739080437,26.729569846156529],[88.452976689677939,26.729195570893712],[88.452891142310321,26.728808977497092],[88.452798667896687,26.728113266103744],[88.452768597177226,26.727811943352684],[88.452742829241259,26.727453695379182],[88.452718893019451,26.72729101567765],[88.452689309437318,26.727050823877338],[88.452664247089317,26.726781538716992],[88.452678248581918,26.726326219959748],[88.452622875873004,26.725724549441125],[88.452607783199724,26.72544304807856],[88.452573235276276,26.725105212002003],[88.452599759308129,26.72499502150357],[88.452604070443456,26.724974627854703],[88.452777042936361,26.724929228523909],[88.45278486908893,26.724082287523906],[88.45275072177094,26.723936048265088],[88.452710777839215,26.723410858259527],[88.452721821760306,26.72304029166181],[88.452737769590101,26.722759417962745],[88.45278570429906,26.722457795190348],[88.45279774763344,26.722107602607256],[88.452874231634283,26.721492501695487],[88.452953549176442,26.721094090265343],[88.452974469399678,26.720840781436273],[88.452970829143737,26.7203805609157],[88.452960242590763,26.720173098119421],[88.452973970378949,26.719611172984482],[88.452926329851877,26.719384221206258],[88.452915134807043,26.719135012351487],[88.452890173392362,26.718841870559981],[88.452863327741056,26.718345209873068],[88.452837477527368,26.7179747856867],[88.452796711106998,26.717449847098159],[88.452795393117668,26.717282855669978],[88.45275726624304,26.716985788707547],[88.45274501777989,26.716708998505208],[88.452676676993804,26.716196343462641],[88.452600355211445,26.715805735840465],[88.452541582672694,26.715442642514763],[88.452485039111906,26.715113837260134],[88.452441991277951,26.714865744096262],[88.452484042157948,26.714880990936436],[88.452836977348937,26.715006627464373],[88.456946082587223,26.716293748729573],[88.45729196996777,26.714860042891704],[88.457442343706376,26.714187760482144],[88.45770965336277,26.713244658222131],[88.457707596886394,26.712984981089537],[88.457779605982253,26.712829886165874],[88.457868644018959,26.712389694580025],[88.458185827385378,26.711496849201577],[88.458467349762188,26.710583763303795],[88.458759387922456,26.709197257976825],[88.458724853711885,26.709191070180946],[88.457876588683405,26.70848663702721],[88.457814670906416,26.707571011273476],[88.457968400019055,26.707014258066494],[88.457977945741177,26.706984002961057],[88.457672341243082,26.706986593492449],[88.457292603343831,26.707032150161755],[88.456952658867095,26.707162567912807],[88.456688724978562,26.707267901251385],[88.456300271399684,26.707323169785742],[88.455855646466972,26.707321769867129],[88.455337421246114,26.707283123004501],[88.454238924532845,26.707265041788649],[88.453734662238915,26.707260523048536],[88.453021157279409,26.707240728935343],[88.452330326139972,26.70724535221278],[88.45168936438688,26.70725402759124],[88.451258939424804,26.707309956720287],[88.451127680716937,26.70732701246633],[88.451262561494488,26.705130633323684],[88.450640531933558,26.701154454538631],[88.448466183148895,26.696445701643558],[88.448326696347124,26.696143605750226],[88.448234954040629,26.695860136747342],[88.447889320392477,26.694792157900139],[88.446733908844294,26.691221764797156],[88.448220286651591,26.688961215740303],[88.45076765365684,26.688284938678034],[88.452842481746572,26.686695081240224],[88.453750789819679,26.683464771318718],[88.452634613445383,26.681348722307742],[88.438605677251573,26.679806609678398],[88.433810032379654,26.679043251461831],[88.428657297789073,26.679139687637793],[88.425092528228461,26.678523009205534],[88.423198718611388,26.678195350387334],[88.422175278229588,26.678018266719548],[88.419358260353761,26.676520833932344],[88.416255147657679,26.674393182281925],[88.415741632908052,26.674041072336383],[88.412253123973144,26.673801943752025],[88.411345237777297,26.675573180624191],[88.411785519751518,26.679136334988097],[88.411562641565041,26.686555356098044],[88.410956543870114,26.693702064564235],[88.41318594590723,26.69992866011015],[88.413052225310693,26.699913172851993],[88.410268667895949,26.699643043886358],[88.409827700313443,26.699517912153489],[88.409776271488951,26.6995033178273],[88.409474807341709,26.699336416959895],[88.409258589766722,26.698925833728651],[88.408891563440051,26.698127127025355],[88.408338621783187,26.697166056276],[88.407605046814481,26.696782629211096],[88.4067760147245,26.696588724397266],[88.406198177456488,26.696421936966445],[88.4055851573561,26.695984313768371],[88.404725785173127,26.695348176617134],[88.403866517711791,26.694662472890617],[88.402826376573131,26.694084983028581],[88.402077735544324,26.693493955034334],[88.401650603797762,26.69308336646284],[88.401591010507914,26.692674174019629],[88.401590148326036,26.692668252637123],[88.401589978022088,26.691884336299552],[88.401589963096171,26.691815348844809],[88.401403762432452,26.691240910243554],[88.401313505335452,26.690962464417467],[88.401006902114489,26.690109604801091],[88.400639827286369,26.688954473015034],[88.399840682692329,26.686973442876781],[88.39939840014992,26.686274118499462],[88.398792027999633,26.685348488778402],[88.398694886080506,26.685200202049558],[88.398021588987319,26.684320252816573],[88.39743868692004,26.68371564945323],[88.396579662128332,26.683278056372803],[88.395922204484776,26.683020947225664],[88.39544926008746,26.682835994052983],[88.394132992064499,26.68247961224538],[88.392630858581924,26.682010482409613],[88.391806964323081,26.681599958066336],[88.391478350765183,26.681320899635843],[88.391404195806686,26.681328835216373],[88.389240327029555,26.68156036322349],[88.386652096496775,26.681513439893106],[88.382390222346501,26.681428605799223],[88.381118715224702,26.681404868170777],[88.380831498620637,26.680920179812912],[88.380882432559972,26.680143325811787],[88.381478417325653,26.679149025875123],[88.381736304696616,26.678451405822386],[88.381449583052913,26.678007337127578],[88.380591148493551,26.677234810816092],[88.38068615621556,26.676362740593181],[88.380944586869248,26.675710253122407],[88.381007688471271,26.675109314774936],[88.380607149270887,26.675226051633153],[88.380129488613406,26.675614360039646],[88.379940270878748,26.675756123689986],[88.37896440999792,26.676496823640338],[88.377917205225145,26.676737186831808],[88.376476581774355,26.677270233781126],[88.37615621007258,26.677787901999981],[88.375759950151107,26.678680943596071],[88.373956108804791,26.679095614084034],[88.372227665666699,26.679094269629271],[88.372162408687686,26.67909941422657],[88.371173182544396,26.679149592251303],[88.369813533242521,26.679316178677187],[88.370399090049887,26.681644125892255],[88.370877335107267,26.682980086402662],[88.371435437726817,26.684689912451844],[88.371362882759897,26.685345101851723],[88.371380871519705,26.686428222184286],[88.370926094331708,26.687055507391801],[88.369505027242781,26.687556701879966],[88.368756863378664,26.688863867876538],[88.366844202384897,26.690281547627379],[88.365237848847528,26.691262939720062],[88.365521329193015,26.692280316264984],[88.365336637522731,26.69280568402225],[88.362923080533207,26.693523988793114],[88.362021630364552,26.694205184722286],[88.358552464655602,26.69744317406046],[88.359785082215566,26.697562270004518],[88.35593519511292,26.701765268847019],[88.354818524760447,26.702529725063808],[88.353648291138398,26.702590540810196],[88.352109540459537,26.702086128605103],[88.351406222877799,26.704236849954448],[88.351300892313091,26.704680198646134],[88.350883679991739,26.706376820149696],[88.348609405888595,26.708285190452706],[88.346751515985034,26.708853509262198],[88.345869328231686,26.709909064784419],[88.344318718143697,26.711824044914781],[88.342772266591211,26.711956044241013],[88.341674082398072,26.712598355173679],[88.341232897294404,26.714408021344958],[88.341323463072129,26.716560218007761],[88.342194116549621,26.717084604961947],[88.343978380074191,26.717081257022386],[88.34483600205138,26.718206076551233],[88.344683600239719,26.718496399718639],[88.343235218155939,26.722707891214185],[88.340745865385585,26.723029345899999],[88.340420605389752,26.724011899541178],[88.338996139005644,26.724273607978319],[88.33787469122538,26.725087633751784],[88.337366352218922,26.724171625400523],[88.336708736329584,26.722954600400051],[88.334893680024877,26.724203942313348],[88.333274837676328,26.72504066725741],[88.332074112980251,26.725525889748713],[88.331901307045527,26.727089267016026],[88.331495717216058,26.728519416555066],[88.330919509205089,26.729111611109527],[88.329711553161232,26.729411819193789],[88.328858799125385,26.730864208839332],[88.32815939037296,26.732969649559035],[88.32765043309621,26.734594847903097],[88.327092502534029,26.735466707813583],[88.325204113416106,26.735619779176702],[88.324940260314222,26.73671005655061],[88.325767907638678,26.737420005897377],[88.326681593119773,26.737745478263079],[88.327587908378064,26.738734533248671],[88.329256433479316,26.738691819994795],[88.33070944244092,26.738705274153229],[88.329028231509554,26.74025119816066],[88.326151024073809,26.742711039538602],[88.322936418914807,26.745133352333379],[88.321395591284457,26.747097655575278],[88.322858740241685,26.747977731584765],[88.326062799609204,26.749405734715079],[88.325795579072391,26.750640484434705],[88.323596251146895,26.753486632919063],[88.322466631625147,26.755365862004332],[88.319867039827884,26.757962922017132],[88.317323601241739,26.760207342748103],[88.316981702879886,26.761952822374688],[88.316637746723515,26.76308445245996],[88.314987055642746,26.763397685450315],[88.31260075094815,26.764020135394563],[88.312565341610025,26.764081485565331],[88.312181687552211,26.764746214430925],[88.31172317516257,26.765540364085485],[88.311695540548413,26.765548457390235],[88.309638374175947,26.766150946340403],[88.309033236180269,26.766411389805977],[88.308571706384427,26.766610023077291],[88.306240814895801,26.767613161728175],[88.303653829312523,26.769503127796515],[88.302949462796633,26.770017695624283],[88.299352583008087,26.772099968169339],[88.298708521143354,26.772507596958064],[88.298542772751617,26.772672242152236],[88.298516015786092,26.772698820790261],[88.298476756865625,26.772737819006373],[88.298476440006738,26.772738134167678],[88.298476440494085,26.772738172822176],[88.29847727708507,26.772859079856232],[88.297679072022447,26.773766164428569],[88.297680681304271,26.773994845014688],[88.297680696623729,26.773997093180991],[88.297684785858081,26.774578405710528],[88.298161258881933,26.775917450919152],[88.298197621028208,26.776019642312196],[88.298560576340662,26.776615534852166],[88.298891516175502,26.777158864726626],[88.298905148629643,26.777181247164808],[88.298909837637055,26.777188944977109],[88.299911073341406,26.776551447533159],[88.299923176439023,26.776547492328973],[88.301304316496953,26.776096054976016],[88.301315733384911,26.776092322943388],[88.301578737482089,26.776049128180766],[88.303021973284601,26.775812093182765],[88.303023447209526,26.775811851199411],[88.303692631602161,26.775808040992267],[88.304977170586483,26.775800727899458],[88.305272933097527,26.775799043560625],[88.305311060419768,26.775798827179564],[88.305336460088867,26.775798681753784],[88.307648108392257,26.77560502958184],[88.308970533354,26.775349919009511],[88.310058414809646,26.77514005492532],[88.310979680484252,26.775016531365935],[88.311006668598893,26.775012911677671],[88.311412920323207,26.774958442359424]]]]}},
{"type":"Feature","properties":{"OBJECTID":40425,"STATE_UT":"WEST BENGAL","SHAPE_Leng":25251.792795500001,"SHAPE_Area":8644196.8505000006,"District":"Darjiling","Dist_LGD":"327","Sub_dist":"Darjeeling Municipality","Subdis_Typ":"Municipality"},"geometry":{"type":"MultiPolygon","coordinates":[[[[88.251321640790707,27.021287204490822],[88.251197089381336,27.02147427166895],[88.250106315124441,27.022188091217462],[88.248512837993204,27.022563323206747],[88.246286138555689,27.022646242613263],[88.244557850742083,27.022223707139013],[88.243438071806281,27.022138815305613],[88.242304368183071,27.022162364162643],[88.24062484360131,27.022506670778853],[88.237928349264706,27.023410570552556],[88.23665673787356,27.023728675298138],[88.23580003409927,27.02373619697336],[88.237993295254199,27.025290323565837],[88.238001551733248,27.025314438310666],[88.23843810377916,27.02557729468738],[88.238988094012242,27.02590038753776],[88.23972558134075,27.02636694500265],[88.240280362215856,27.026709284379507],[88.240709854712833,27.026967195095526],[88.240815471846105,27.027021824860824],[88.241657133430948,27.027528598098694],[88.242160790350383,27.027822073532775],[88.242788224464732,27.028198895462491],[88.242907962277116,27.028266556775488],[88.243225839346835,27.028452831486618],[88.24399457656996,27.028908812220763],[88.244325039971827,27.029100103318576],[88.244963004604372,27.029482688529786],[88.245135798874941,27.029573062232188],[88.245379864947125,27.029738205663172],[88.245779669738553,27.0299658753339],[88.246063669845668,27.030125535129674],[88.246331787084173,27.030298071448737],[88.247162082757342,27.030823760667893],[88.247179162096259,27.030834137330931],[88.247589208686719,27.031083251161725],[88.248310116608877,27.031519203935936],[88.248526111380784,27.031649069202629],[88.248953503620044,27.03190603595278],[88.249688799435447,27.032361571849719],[88.249743004823273,27.032388177487789],[88.250314138368452,27.032751339114711],[88.250450247564331,27.03282583323956],[88.250970487234525,27.033119085278468],[88.251109566837101,27.033199175378357],[88.251245946669101,27.033277709349004],[88.251626124409484,27.033514057853218],[88.251889168848038,27.033670844048565],[88.252210984893296,27.033888425052243],[88.252419055306305,27.034039333880525],[88.252774263057205,27.034285067152911],[88.252792888396499,27.034297951938051],[88.253182134467096,27.034604024202224],[88.253372972374066,27.034756985769498],[88.253671127260432,27.035024536774699],[88.254033870681596,27.03533734985011],[88.25428503274297,27.035525782532655],[88.254327817079727,27.035572924048449],[88.254312334749116,27.035655594949166],[88.254312309139536,27.035655564990765],[88.254229622121855,27.036010906563],[88.254201294483138,27.036115044018313],[88.2540463185466,27.036684758526839],[88.253896116999343,27.037281096638964],[88.253787224072155,27.03772193228048],[88.253659763314261,27.038232384644846],[88.253540540873331,27.038759329854603],[88.253489407963144,27.038988081697731],[88.253376668326482,27.039486493478279],[88.253299571511377,27.03982969738999],[88.253158608405698,27.040384448751947],[88.253045545722543,27.04082262395265],[88.25295818295838,27.041143756005685],[88.252918180511912,27.041256942750909],[88.252871736301785,27.041492181348506],[88.252850204360811,27.041577079577113],[88.252850220568874,27.041577107267219],[88.252777122364094,27.041865305509742],[88.252720532594651,27.042090168352878],[88.252643296439999,27.042417933648807],[88.252573221826552,27.042679465322603],[88.252448241462815,27.043208095604236],[88.25236914753529,27.043530750462011],[88.25231519014433,27.043774227841762],[88.252278644708838,27.043973276711775],[88.252199698956744,27.044292021540883],[88.252167913701115,27.044457639881614],[88.252160524184092,27.044496144080785],[88.252106004879124,27.04475810657274],[88.252067549446991,27.044868300142642],[88.252257384899906,27.044849352681446],[88.252360810679505,27.044856593644962],[88.252525053986631,27.044951214187837],[88.252637655299353,27.045042195279581],[88.252800777702546,27.045231243290239],[88.252905184998269,27.04534173094828],[88.253054004248924,27.045432478254742],[88.253224802003956,27.04548551476212],[88.253514572518881,27.045526488568559],[88.253795387118132,27.045543015768249],[88.254298268363328,27.045627219981764],[88.254723152694282,27.045727554180282],[88.255017257900917,27.045847706373248],[88.255199159340179,27.045934007370441],[88.255485504654274,27.046128667313688],[88.255839357880475,27.046366869016005],[88.256050776156272,27.046507769120545],[88.256022852044921,27.046656528303185],[88.256011181197479,27.046846452655785],[88.256001240989249,27.046997253808964],[88.255990500316372,27.047121038184581],[88.255978466546281,27.047291080073826],[88.255986118442863,27.047514811278614],[88.255938224635358,27.04777566057016],[88.255828351414408,27.048086770592178],[88.255765255264649,27.048221119527138],[88.255758251675118,27.048320792773158],[88.255787595743755,27.048433885217868],[88.25580408677267,27.048506345577319],[88.25588991748144,27.048642296947566],[88.255951847597004,27.048758017793915],[88.256028368755594,27.048863411858921],[88.256118724835815,27.048994773326328],[88.256181803773416,27.049071289223832],[88.256281804980759,27.049204247698395],[88.256388641150565,27.04930624187697],[88.256453530492522,27.049406318467568],[88.256486892202588,27.049500145294584],[88.256520894763241,27.049622567852147],[88.256525306491767,27.049668555989147],[88.256532983309953,27.049748587768111],[88.256553082015557,27.049870621110525],[88.25658818020257,27.04996985495082],[88.256630231888892,27.050094955457638],[88.256660329158848,27.050131534692202],[88.256730623145955,27.050201394134206],[88.256886965548517,27.050302276061707],[88.256987643129051,27.050360493772505],[88.257085356211164,27.050397196244628],[88.257156322011383,27.05045279113261],[88.257264160090102,27.050536749365161],[88.257339907595593,27.050617483412264],[88.257478205780131,27.050721422892259],[88.257613846041707,27.050839577203337],[88.257737008739852,27.050927013006365],[88.257832533034033,27.050980405892684],[88.257960377208732,27.051010814639767],[88.258121399399485,27.051054664875178],[88.258238335797571,27.051063327425794],[88.258352594689839,27.051091007216858],[88.258370794746838,27.051132343209797],[88.258367006010218,27.051174398105704],[88.258165344133133,27.051320145148608],[88.258010696418339,27.051496892137816],[88.257866862924416,27.051629066108465],[88.257833664786162,27.051684733353632],[88.257739450708499,27.05179605709532],[88.257618263743154,27.051948225757631],[88.257534730125812,27.052024198632338],[88.257440468530376,27.052129972026364],[88.25738247482721,27.052198800050345],[88.257282380169912,27.052286600652206],[88.257131743246859,27.052376049981696],[88.257052485123467,27.052397609732033],[88.256924964741884,27.052429122589409],[88.256839546764013,27.052441669240142],[88.25672486137141,27.052494948244057],[88.256644336470501,27.052554189431842],[88.256544480556713,27.052668164631672],[88.256492994588925,27.052745771536316],[88.256461487125776,27.052839165372678],[88.256445637070726,27.052942410129081],[88.256442989434063,27.053058385739401],[88.256459374051218,27.053158443007035],[88.256448510934618,27.053198001426331],[88.256407350045251,27.053248683045787],[88.256226638719212,27.053397825846211],[88.256073712580047,27.053531951133923],[88.255906555494022,27.053686006861518],[88.255860111702091,27.05374759310676],[88.255830710854639,27.053845323805792],[88.255814956909575,27.053945854682958],[88.255780036077596,27.054011631446787],[88.255757907315683,27.054046397371408],[88.255713962097005,27.054054716562121],[88.255680339852475,27.054036118103355],[88.25565906340087,27.053997038984683],[88.255623107400567,27.053925540579911],[88.255516233408628,27.053795553281937],[88.255334125147627,27.053600518267292],[88.255186535313982,27.053510677306171],[88.255089124803519,27.053452659843529],[88.254910151115467,27.053401654719689],[88.254846760248938,27.053414481511133],[88.254784767558121,27.053496257753292],[88.254728403683174,27.053557315053858],[88.254667926636017,27.053557690386086],[88.254537721640247,27.053508064185564],[88.254416605307512,27.053462872387993],[88.254269161187992,27.05343363640608],[88.254079973499302,27.053451255132551],[88.253881950549413,27.053508305073997],[88.253792304443365,27.05355998888119],[88.253690086332085,27.053607213840706],[88.253565359832791,27.053672805901172],[88.253531556916798,27.053699229106726],[88.253491489800226,27.053767303787755],[88.253357606178156,27.053686645172878],[88.25323366258074,27.05361197368531],[88.253076139637358,27.053524842660472],[88.252879063024693,27.053429992275223],[88.252870183537965,27.053425718864482],[88.252719625675482,27.053353392641259],[88.25253225686096,27.053283509000067],[88.252369394148829,27.053218048551191],[88.252300582197421,27.053186129731355],[88.252168236273747,27.053124736418127],[88.251808505479232,27.052956288942255],[88.251774773527231,27.053039241979359],[88.251698064078099,27.0532089625205],[88.251566709359949,27.053525803542566],[88.251458747435976,27.05379879931278],[88.251287885244892,27.054230818292762],[88.251147641679296,27.054585877236622],[88.250121951275162,27.055448949661624],[88.249736068752668,27.056111367714731],[88.24983520952631,27.056868777397078],[88.250039636470149,27.057409627886962],[88.250023729145852,27.057451557707829],[88.249840899752016,27.057888678186909],[88.249688037786896,27.05828339385771],[88.24957798565363,27.058566616170555],[88.249450926828885,27.058889298438071],[88.249355516663144,27.059139293865535],[88.249281262741462,27.059335095152161],[88.249265615470534,27.059406763366628],[88.249158297860944,27.059517068448134],[88.249064824091562,27.059611360218721],[88.2490315343818,27.059704263161997],[88.248995270310047,27.059852104507421],[88.248936548553061,27.05996946356921],[88.248739744160517,27.060371670096874],[88.248629727201461,27.060579242680774],[88.248527647793196,27.06078276383078],[88.248249375139224,27.061316534134441],[88.248163384235468,27.061481475418066],[88.248077237423644,27.061625219164121],[88.247797655663589,27.06215059394475],[88.247601931240183,27.062524552241111],[88.247426532656021,27.062859255563705],[88.247231633910971,27.063246913305278],[88.247147237136176,27.06341761519101],[88.247063919061304,27.063557667764396],[88.247035908411988,27.06370183229879],[88.247051684453524,27.063791255150413],[88.247096420795017,27.06401785244422],[88.247129146276293,27.064131229140198],[88.247174014481544,27.064238928160446],[88.247195269769719,27.064403100038927],[88.247239445158485,27.064534697023454],[88.247276181053678,27.064721213110406],[88.247288781565771,27.064798426028922],[88.247335231011803,27.064892869192558],[88.247369154248929,27.065017325655056],[88.247393842418504,27.065131818045366],[88.247414345185561,27.065287613494135],[88.247456335488764,27.065427217767347],[88.2474810954172,27.065566887275789],[88.247537806018798,27.06569657521959],[88.247546444199017,27.06571960157784],[88.247597314342059,27.065855206397043],[88.247642936141531,27.065948417704639],[88.247727008669202,27.066061817930901],[88.247793757988845,27.06617788728785],[88.247852497929543,27.066256264343512],[88.248026102071037,27.066415790056496],[88.24811597226487,27.066510731406101],[88.248229071885731,27.066590559313692],[88.248420459166908,27.066762889582684],[88.248629444141415,27.066918133174756],[88.24877201595956,27.067048360529252],[88.248961768249956,27.067230833185615],[88.249032527325625,27.067307607800025],[88.249066288844418,27.067402510784959],[88.249121637179442,27.067507584843348],[88.249179784682596,27.067644539820041],[88.249251481238147,27.067786735829046],[88.24936437560747,27.068038572685957],[88.249434791706477,27.068232402679651],[88.249463623372435,27.068316889194172],[88.249512066993589,27.06845884598934],[88.249613395051966,27.068645568430277],[88.249727072264974,27.068868612612587],[88.2498159957089,27.069065551449754],[88.249828836986921,27.069134866771293],[88.249914088397816,27.069320483569626],[88.249972281544004,27.069457182497342],[88.249990889206558,27.069531019408085],[88.250050633948646,27.069680165142021],[88.250072454231969,27.069707809859807],[88.250137081589813,27.069713012587677],[88.250266241297879,27.069709403205312],[88.250711527556305,27.069695222907459],[88.251158248302161,27.069687808369906],[88.251395195740926,27.069675230000605],[88.251484405618285,27.069670494177682],[88.251860571943666,27.069661972298498],[88.252169923328495,27.069646818538988],[88.252416822141171,27.069653479985291],[88.252500010781006,27.069644193991994],[88.252527185713959,27.069628680487121],[88.252538688766364,27.069595633616299],[88.252546443077492,27.069542582482239],[88.252547901284117,27.069414984835706],[88.252558971456693,27.069265600682908],[88.252568404330816,27.069035767961886],[88.252563300680762,27.068798605701708],[88.252575854820336,27.068692460484769],[88.252575099199262,27.068543013881193],[88.252569528665418,27.068404669047879],[88.252572101789923,27.068244621200886],[88.252582992799304,27.068143764942175],[88.252596846980964,27.067999973807527],[88.252591470734657,27.067898852883644],[88.252605792697523,27.067742704009127],[88.252627080708706,27.067640684123951],[88.252630542502459,27.067626117100367],[88.252637226725383,27.067518549044873],[88.252635936581683,27.067298613352143],[88.252649869795789,27.067152608341971],[88.252639174535503,27.067034121200702],[88.252642854760992,27.066927824771625],[88.25262250874286,27.066789849351199],[88.252614597288101,27.066719261567837],[88.25262594672769,27.066605121723025],[88.25263614676642,27.066524193321396],[88.252625068350227,27.066286672911087],[88.252611318464659,27.066128254031181],[88.252625028845728,27.066031428395398],[88.252635022255532,27.065954850781548],[88.252625748444473,27.065752635811268],[88.252616802578501,27.065583656006947],[88.252613486455999,27.065440241070668],[88.252600762787395,27.065131755653606],[88.252606461266339,27.064976859978366],[88.252591271883375,27.064820765626397],[88.252582898768765,27.064519806347754],[88.252606665738725,27.064418854643598],[88.25261737216745,27.064356320063293],[88.252623190521717,27.064254139676521],[88.252622920247077,27.063986814734172],[88.252651135346511,27.063837247705855],[88.252645149710915,27.0637809550052],[88.252623105452344,27.063652055804152],[88.25259811782513,27.063523844169218],[88.252570287537566,27.063386773062295],[88.252555386705993,27.063271426579128],[88.252573689584224,27.063261220417399],[88.252600526041249,27.06326861677617],[88.252671890808003,27.063295903030234],[88.252746073917081,27.063329949027349],[88.252846951774259,27.063376731228118],[88.252990782290709,27.06344603521563],[88.253070826599583,27.063485580889189],[88.253120178328672,27.063493573805228],[88.253162752830491,27.063474654323507],[88.25321498338235,27.063431929566779],[88.253300665443845,27.063334755262701],[88.253336889586549,27.063272897961131],[88.253375014353779,27.063196381485252],[88.253482532668116,27.063053541880279],[88.253525445046705,27.062979233986489],[88.253555809946121,27.062911875766769],[88.253592250030266,27.06284200001371],[88.253666690597086,27.062755755620397],[88.253812455899819,27.062587197646444],[88.25384974944842,27.062541404832995],[88.253929334772948,27.062511188760244],[88.254075587962447,27.062491003990939],[88.254135809893796,27.06248591581959],[88.254324701307624,27.062460805447561],[88.254362241358578,27.062452134556157],[88.254395036419126,27.062444560747011],[88.254460760184173,27.062429381231823],[88.254529056063973,27.062413608133081],[88.254627351130068,27.062395257100146],[88.254753742471792,27.062377366763762],[88.254886191236025,27.062355589732391],[88.255149602778289,27.062257872383611],[88.255302562419487,27.062199201224622],[88.25541485079566,27.062118597798072],[88.255529955904024,27.062042030773593],[88.255679068505103,27.061923476773703],[88.255814175149595,27.061782096508896],[88.255890178450386,27.06164799542433],[88.255931394932844,27.061611442017629],[88.255985315131028,27.061549832027307],[88.256014370141628,27.061479849910135],[88.256051088970423,27.061359467567261],[88.256100141766453,27.061270597197346],[88.256125450548836,27.061180608683991],[88.256125505614051,27.060965253588993],[88.256129702186229,27.060843578817888],[88.256139625986492,27.060770622294452],[88.256166645316739,27.0606740191105],[88.256243753038149,27.06054100033942],[88.256274059790755,27.060477681490134],[88.256324847653332,27.060427317865578],[88.256379879927522,27.060376364862247],[88.25642479001327,27.060318599327807],[88.256452174564402,27.060211363392281],[88.256463302035456,27.060146405850844],[88.256466838714957,27.060041987615882],[88.256473991201645,27.059963669121007],[88.256494533669496,27.059840373314998],[88.256530527357555,27.059698236470904],[88.256531860735763,27.059659704603025],[88.256555927727618,27.059605590446473],[88.256620522408184,27.059534853466392],[88.256691962317561,27.059446425314704],[88.25688421843067,27.059235514182344],[88.256938085560236,27.059132693597682],[88.256968611387165,27.059020190966937],[88.257071360455242,27.058880056569151],[88.257129939069216,27.05876934221617],[88.257175721633473,27.058686333609],[88.257255418928381,27.058563991170704],[88.257270294047515,27.058496615907412],[88.257279984876746,27.058452723972259],[88.257309101838757,27.058395210364544],[88.257373593009959,27.058284591265377],[88.257564621258894,27.058035844918326],[88.257592388727815,27.058003058581811],[88.257662207146112,27.057952345500489],[88.25772075081791,27.057937264476031],[88.257819729770787,27.057889191891146],[88.257936159044206,27.057793855014619],[88.258003276564523,27.057727965530102],[88.258076426067348,27.057672445339286],[88.258121013520693,27.057615886437382],[88.258189756076376,27.057535114454769],[88.258258969201478,27.05749225948081],[88.258329157697148,27.057496795406713],[88.258393203620571,27.057501294036708],[88.25845329252472,27.057513887924461],[88.258498235386909,27.057538564967537],[88.258624851467673,27.057561083241072],[88.25872891067732,27.05755096017629],[88.258874571344975,27.057539762519859],[88.259064385025127,27.057527322026594],[88.259112131843494,27.057526295581827],[88.259237833080192,27.057514963238411],[88.259355088965492,27.057468369987685],[88.259501483850698,27.057411555319842],[88.259595544121467,27.057363463783808],[88.259780993451571,27.057283901833465],[88.259878295549399,27.057268088842616],[88.259984927623535,27.05723669938811],[88.260046355998753,27.057218320853657],[88.260137608482239,27.057174007640622],[88.260276178758119,27.057130063750403],[88.260353352546574,27.057112246960653],[88.260435083597358,27.057113892107221],[88.260562643432237,27.05711076086174],[88.260615547299764,27.057099776545847],[88.26069978482677,27.057066764621641],[88.260846838668357,27.056978686622294],[88.260934653901955,27.056884054660436],[88.260954068499586,27.056828137389822],[88.260951926030202,27.056766270299352],[88.260943502573667,27.056651499075567],[88.2609429639556,27.056604887935919],[88.260963943282221,27.056542456589767],[88.261009538093163,27.056497240781386],[88.261109090220742,27.05642456856248],[88.261181091909449,27.056392382602347],[88.261335804169036,27.056321393398218],[88.261642747079804,27.056203774287741],[88.261750794312874,27.056141197746488],[88.261861883755444,27.05607728091703],[88.262100520499175,27.055945777558254],[88.262289332423805,27.055815254886941],[88.262420485722188,27.055734228264331],[88.262567002608705,27.055609069745749],[88.26267209471095,27.055483456393361],[88.262773818204536,27.055321609170228],[88.26286792702372,27.055130959230588],[88.262928443400412,27.054961189210424],[88.262958324112972,27.054724239480702],[88.262971084659682,27.054604051176316],[88.26297392127519,27.054432308354137],[88.262985456595047,27.054283385672072],[88.263034062719299,27.054193149001573],[88.263076790265927,27.054108843906075],[88.263093429830221,27.05407473276308],[88.263158279956016,27.054040225932681],[88.263229315265505,27.054014688143248],[88.263339053561523,27.054019003295583],[88.26349147252381,27.053990720787638],[88.263641615054567,27.053967679530125],[88.263754987833096,27.053980421769268],[88.263870575245193,27.053960828415686],[88.263970558406783,27.05389021942888],[88.264125532554417,27.053794975537116],[88.264169944409446,27.053776563666016],[88.264274991222962,27.053684092824774],[88.264359528761275,27.053586185516615],[88.264557977598471,27.053386825637119],[88.264647639698168,27.053314911004332],[88.26476996207586,27.053286355398509],[88.264938624388463,27.053274165154736],[88.265013078262626,27.053299298539368],[88.265086961075781,27.053386192438019],[88.26510973902829,27.053410870361905],[88.26516042015146,27.053476077765914],[88.26528839928055,27.053590930126092],[88.265378391103553,27.053729827379311],[88.26545184542168,27.053838931029194],[88.26554192070445,27.053926549421305],[88.265639482641916,27.054042281920267],[88.265704655378102,27.054130881047037],[88.26578838712652,27.054203195170409],[88.265982102847005,27.054349271059358],[88.266160575592011,27.054462338298556],[88.266338530396979,27.054600970314723],[88.26636262452341,27.05461393134771],[88.266451397979864,27.054650496163848],[88.266640502258468,27.054652843827778],[88.266743990798986,27.054668482811081],[88.26686505415104,27.054689481954778],[88.266960332877389,27.054675061593631],[88.267023479157999,27.054643856849154],[88.267074464124036,27.054638567047874],[88.26712317570221,27.05465321621686],[88.267173010585012,27.054671601322287],[88.267219795668169,27.054668767772078],[88.267321823274571,27.054656966936466],[88.26742039708607,27.054652270264818],[88.267474465598468,27.054669511924569],[88.267528195419274,27.054692953728733],[88.267582611878652,27.054702725088745],[88.26767154728104,27.054706896811719],[88.267754080681129,27.05470097947191],[88.267819094685578,27.054688478234169],[88.267912204700423,27.054632874373649],[88.267947405722126,27.054583698131079],[88.267971847723317,27.054529290297641],[88.267996048975647,27.054481086677299],[88.268094583757431,27.054455534592627],[88.268198971392465,27.054403291628024],[88.268300116007623,27.054351555225185],[88.268340385660238,27.054311175399285],[88.268391775747588,27.054267244166013],[88.268414165259102,27.054199112851443],[88.268458386071487,27.054132618175306],[88.268529002346057,27.054072000045114],[88.268574860281817,27.054029232549084],[88.268635211770572,27.05399919975223],[88.268674265695964,27.053984940809588],[88.268736308743669,27.053977410594989],[88.268843516415188,27.053971957747407],[88.268914571489233,27.053948334981708],[88.268967004172268,27.0539119442765],[88.269064077047943,27.053858907003178],[88.269073688915356,27.053837006612483],[88.269080579922502,27.053805329044721],[88.269120860281134,27.053761138640532],[88.269193470636708,27.053710355826134],[88.269321437910193,27.053656196668939],[88.269392611517446,27.053595525746275],[88.269501224507692,27.053492411100965],[88.269625456686242,27.053395572130949],[88.269726676508327,27.053325620604465],[88.269861730599715,27.053203735778684],[88.269983200964816,27.053117232779087],[88.270054108659508,27.053042868396972],[88.270098725353805,27.052983254619011],[88.270193161937073,27.052928107860708],[88.270272728055829,27.052912923925369],[88.27040072527187,27.052932246293274],[88.270494586601359,27.052968916825446],[88.270574059683227,27.052997779291591],[88.270649525906549,27.053000970390219],[88.270766735891044,27.053029150795236],[88.270905471734181,27.053062837456835],[88.27108059369283,27.053109695602629],[88.271273329275175,27.053113205428172],[88.271450919447005,27.053110015838659],[88.271584419536367,27.053095973156072],[88.271624359700581,27.053082488044705],[88.271804924107556,27.051454126921101],[88.272149519822278,27.050272958403141],[88.273323009469053,27.051517124863128],[88.273880489292281,27.052225227853501],[88.274407026135023,27.053317265044701],[88.274730220192936,27.054704525958954],[88.275406240629025,27.056530921411202],[88.275768151795532,27.057773392572912],[88.276033168738692,27.058917443151817],[88.276629433298638,27.060374439344411],[88.277102979976931,27.062568261013119],[88.27696178919409,27.06390105391624],[88.277719184293048,27.064891678672147],[88.278723893153867,27.065460287434348],[88.27969812085999,27.066895775322429],[88.279720348773338,27.067965293281588],[88.279690421147947,27.068881824166567],[88.280080518964837,27.069934453042087],[88.280772173756318,27.071345421991705],[88.280869715990377,27.072829503085643],[88.280934279098474,27.074516995684746],[88.282352225852364,27.07638623444803],[88.284029873220675,27.078031919765181],[88.285263985213774,27.079248336202365],[88.285336995704611,27.079902136737104],[88.28580552740091,27.079866257953984],[88.287017826289173,27.079611430714756],[88.287737179729561,27.078580261819241],[88.287735656540022,27.077564722404304],[88.287822766703854,27.076363312774966],[88.287594987728923,27.075404007052366],[88.287092618244955,27.075124252038393],[88.286032470752417,27.07412742429322],[88.28551359003302,27.073283616100412],[88.285069571082403,27.07281374887804],[88.284409645102173,27.071980253162366],[88.283734967191748,27.070736150841082],[88.282353457754837,27.068076713976641],[88.281562331045876,27.065807641701301],[88.281561261440871,27.06580457421094],[88.281296732883902,27.06471018171796],[88.281090103461423,27.06294273739271],[88.280666682526117,27.060730419258743],[88.279837476936308,27.05874295676335],[88.279540714230961,27.057025976614007],[88.278217543921116,27.053706970995641],[88.27699879734115,27.052034466171527],[88.275019668484134,27.049985185890808],[88.272615181907469,27.048652873772678],[88.271630716396174,27.048075007076083],[88.270840955177761,27.047328368729406],[88.26984684478299,27.046339836614482],[88.268718421225188,27.044612274067546],[88.268416780037569,27.044235850840508],[88.26827609302515,27.042034473778408],[88.268405009123683,27.040498681708364],[88.268996102696704,27.039721524171096],[88.268922681304971,27.03857121337369],[88.267887090009623,27.036125137647293],[88.267572216789617,27.034119412141457],[88.267253589131627,27.033124771453451],[88.267282759124726,27.032131511389377],[88.267862372128221,27.031232593176565],[88.26831649156594,27.030379940886458],[88.268487675533919,27.029466646131471],[88.26882458720371,27.028949056386679],[88.267889239578224,27.028740372370724],[88.267652577979916,27.028612703458439],[88.267565649401504,27.028526863736008],[88.267400782319555,27.028351721658755],[88.267241094248092,27.028240119059145],[88.267085644518815,27.028132125299813],[88.266941436692619,27.028077492299907],[88.266795082211615,27.02799254376627],[88.266625844921222,27.027893600782399],[88.266504361518486,27.027848938279764],[88.26638789945028,27.02773453985953],[88.266342806969902,27.02763164135429],[88.266316420492899,27.027512737563512],[88.266294506103648,27.027365287787461],[88.266234036183178,27.027210244739425],[88.266188836928578,27.027112876910913],[88.266109485836225,27.026983059909124],[88.2660114468176,27.026852041029706],[88.26591747189994,27.026738357855603],[88.265828456692205,27.026578714570963],[88.265765467739442,27.026424718943431],[88.265687846158741,27.026311556485556],[88.265529581151029,27.026136795175578],[88.265357818031333,27.025983370213353],[88.265255424094562,27.025882332444088],[88.265155406449736,27.025839350816387],[88.265093126793872,27.02581258753948],[88.264887380068444,27.02576912952771],[88.264697636464192,27.025744626597568],[88.264603122880644,27.025767437827216],[88.264499418968072,27.025843455573316],[88.264416751672329,27.025888780053986],[88.264318393530928,27.025898555399195],[88.264238283875457,27.025874844341171],[88.264196055770427,27.025836601987255],[88.264146668544726,27.025744632746068],[88.264114975728816,27.025690124495295],[88.264070951445674,27.025638911764172],[88.264042283838464,27.025532843290613],[88.26403467472079,27.025393496084138],[88.264021012469925,27.025251014541265],[88.264019751924579,27.024993903903852],[88.264019560563057,27.024896125839042],[88.264016118984628,27.024753967585792],[88.264019262309375,27.024588042101577],[88.26400741352802,27.024452222131757],[88.263946533485651,27.024319301058735],[88.263901826098717,27.024196119413787],[88.26381031843799,27.024060375729636],[88.263691605409818,27.023924849156863],[88.263619260545099,27.023815643313664],[88.263460319821263,27.0235954360821],[88.263322112754992,27.023472627297686],[88.263259401276017,27.023397698990635],[88.263173524458807,27.023223395133222],[88.263163855733964,27.023197914765948],[88.263119832049284,27.02308189770887],[88.263088653934048,27.022967668968938],[88.263018537737466,27.022839517139658],[88.262951366582968,27.022646437729655],[88.262920130064174,27.022535861672043],[88.262862175387653,27.022420856916479],[88.262771978010065,27.022259225114645],[88.262668173858827,27.022144060524198],[88.262552913606001,27.022003634633599],[88.262338721054221,27.021864002179232],[88.262150993592883,27.021801009774364],[88.262063018433366,27.021760078744414],[88.261890937757869,27.021694777334822],[88.261778217861448,27.021654958408725],[88.261716964179186,27.021618458636343],[88.261649650602081,27.021574467078295],[88.261621500893739,27.021529782769502],[88.261612352794259,27.021456403621738],[88.261593304774863,27.021357146418357],[88.261537439220348,27.021240375851924],[88.261454738877731,27.021112670309194],[88.261451192784122,27.021076009997877],[88.261343609083696,27.020903037660098],[88.261306476216618,27.02084333555732],[88.261191419823831,27.020690120304355],[88.26114058870769,27.020601747453849],[88.261087922161522,27.020543560756675],[88.260968459230199,27.02040849397579],[88.260872825739341,27.020330782077814],[88.260742856171703,27.020197461624171],[88.260701018152943,27.020105095969548],[88.260648081827327,27.01997593386854],[88.260615024843105,27.019853711075516],[88.260606349780147,27.0197257051638],[88.260587336162004,27.019615176418441],[88.260563751542193,27.01955105509143],[88.260557710023249,27.019485631271497],[88.260555920250468,27.01933299160503],[88.260545684358121,27.019205716776472],[88.260521653442908,27.019085137934056],[88.26048406188977,27.018962438925296],[88.260459978287599,27.01884102312972],[88.26045635193077,27.018758019314738],[88.260472815255667,27.018650847719858],[88.260478671511819,27.018576914334826],[88.260471043514741,27.018498496997882],[88.260453852438147,27.018413373217264],[88.260454343055216,27.018321660302863],[88.260473880187703,27.018172232169704],[88.260511521901108,27.018000348125312],[88.260481871545522,27.017866316491471],[88.260435354666043,27.01771339646907],[88.260394953990897,27.01755005284306],[88.260339038197145,27.017383577711829],[88.260312391136551,27.01728763537519],[88.260288988553626,27.017140650383183],[88.26028833132419,27.01696674497629],[88.260270984685775,27.016898379744354],[88.260217385586017,27.016805963542339],[88.260132346015695,27.0167036276594],[88.260047406032697,27.016590808786891],[88.259967144963397,27.01640812516527],[88.259930199940115,27.016297593037859],[88.259895509162192,27.016147839731524],[88.259852973807327,27.015995292840632],[88.259850274023492,27.015860675556723],[88.259825265222531,27.015757265544092],[88.259708979965666,27.015575925679109],[88.259647502069058,27.015476351416076],[88.259613852079283,27.015439266153958],[88.259594320723679,27.015390105674392],[88.259601641695014,27.015253852108625],[88.25962340504492,27.015071276920239],[88.259618909124086,27.014915661299451],[88.259611670012958,27.014836923058684],[88.259563267310966,27.014670328568098],[88.259546531457573,27.01453904625437],[88.259519500260282,27.014420734742252],[88.259502273848582,27.014340135875567],[88.259459599265057,27.014244010886316],[88.259413155258017,27.014147777420408],[88.259392617660268,27.014034434272624],[88.259362344523126,27.013919966745988],[88.259289288529956,27.013810836132503],[88.259216307292803,27.013699942063734],[88.259192089058701,27.013628868062408],[88.259205573326099,27.013538303957372],[88.259229492706368,27.013475276819236],[88.259270867266508,27.013364969548007],[88.259307154048315,27.013236914052005],[88.259309833033726,27.013030534845203],[88.259308389117891,27.012830136912356],[88.259296252079125,27.01270108564696],[88.259264114509989,27.012539864416588],[88.259208196276106,27.012386111689743],[88.259152236564418,27.012238517013195],[88.259120489506032,27.012161993025263],[88.259049374080249,27.012052902866991],[88.258956618377681,27.011952662989913],[88.25893313142403,27.011866557457274],[88.258943854800776,27.011795309483141],[88.258964312452278,27.011727349635926],[88.259044433724384,27.011662499793978],[88.25910964372315,27.011584067757703],[88.259147430346459,27.011421063807809],[88.259210431168626,27.011302909317816],[88.259245289800901,27.011209873496941],[88.259278956087527,27.011009373438476],[88.25930313522737,27.010894043971],[88.259304962136042,27.010804215726605],[88.259317159038019,27.010605338542558],[88.259336713420268,27.01055900764754],[88.259383805252355,27.010497363193579],[88.2594277827437,27.010417526074708],[88.259469308841702,27.010350118590214],[88.259496575636859,27.010299753688656],[88.259566219125588,27.010253998393953],[88.259611078349351,27.010199402370546],[88.259708960353834,27.010131198720529],[88.259787301811031,27.010062629183526],[88.259798377886867,27.010029183716579],[88.259772660216385,27.009950123795843],[88.259761931332932,27.009882851095401],[88.259767402766499,27.009848663525464],[88.259775035928527,27.009800968617839],[88.259773227357726,27.009705503208739],[88.259784904795723,27.00965770433293],[88.259845737413357,27.009601501520805],[88.259896759604615,27.009538321602651],[88.259953123380171,27.009486286975896],[88.260076372905417,27.009408103866679],[88.26023550214623,27.009309493841961],[88.260274116089889,27.009266176908334],[88.260296667354055,27.009190025422686],[88.260279713768853,27.009083813090765],[88.260231921111114,27.008975104578379],[88.260189943373135,27.008914755906144],[88.260134602747542,27.008849923319715],[88.260025724809466,27.00876394903695],[88.259908627274854,27.00865713539552],[88.259814993247105,27.008574132693656],[88.259729865275247,27.008521326179466],[88.259709088040296,27.00849524153508],[88.259720963660385,27.008439565547082],[88.25975369990455,27.008407827298477],[88.259851078023956,27.008380963477997],[88.25991612554968,27.00837903914179],[88.260067965943634,27.008327275528604],[88.260196426922747,27.008309957708299],[88.260287299014138,27.008312253273687],[88.260403704173669,27.008298601947146],[88.260532090163281,27.008267748595056],[88.260615372125471,27.008266092614019],[88.260743203540912,27.008226573875621],[88.260796204882496,27.008170646022922],[88.260885507514388,27.00814996614411],[88.260993889355646,27.008094181411153],[88.261075887709723,27.008030951320876],[88.261171420166406,27.007942162990584],[88.261253010929437,27.007911771484281],[88.261291119555409,27.007791946729444],[88.261244661522397,27.007687281042973],[88.261225840879064,27.007569810601598],[88.261231469396137,27.007385743228731],[88.261387613404565,27.00729643597829],[88.261589754672457,27.007188750135519],[88.261757274808346,27.007099076314542],[88.261907723444168,27.00699549661141],[88.261993255533753,27.006914950047648],[88.26200428008859,27.006668770340248],[88.26193135387534,27.006386327563423],[88.261797363559523,27.006020219923979],[88.261793851959453,27.005890495121871],[88.261813565911083,27.005771498158239],[88.261867800864863,27.00564719820726],[88.261892156608937,27.005524874527275],[88.26183200247921,27.005423884508193],[88.261740021144746,27.005372544220414],[88.261728223115142,27.00528757227044],[88.261754997584163,27.005205822909826],[88.261886763470656,27.005026860445987],[88.262046132302046,27.004844324020873],[88.262096637434908,27.004722674623775],[88.262021547704151,27.004693240593348],[88.261914135605437,27.004687360531655],[88.261684147804914,27.00469454503067],[88.261489292343171,27.00470837737198],[88.261336008770641,27.004754577423185],[88.261029494349017,27.004862938715942],[88.260876707720627,27.004936914345272],[88.260705605269152,27.00500346225428],[88.260477321640593,27.005065163474576],[88.260276760701302,27.005124173070776],[88.260152512638754,27.005178534138246],[88.26015179049709,27.005172454817391],[88.260114987802538,27.005193385115636],[88.259946665650162,27.00528990375031],[88.259850701618205,27.00533983403956],[88.259661931670578,27.005376450584414],[88.259565259093364,27.005379832112578],[88.259503833724224,27.005381981221753],[88.259419579586208,27.005384928959522],[88.259195592945701,27.005376838963397],[88.259017167735166,27.005354340981999],[88.258862039956625,27.00533110522392],[88.258761235206435,27.005312128266944],[88.258658862198075,27.005278799509945],[88.258589239446025,27.00524387443182],[88.258482377297568,27.005190267825547],[88.258383451736066,27.005142938556951],[88.258284826544994,27.005095752724596],[88.258189771820597,27.005024049983348],[88.258060664951458,27.004927225179614],[88.257939758951949,27.004845653749147],[88.257818980349796,27.004791570159508],[88.257651098555542,27.004752645096687],[88.257483477262738,27.004724819292452],[88.257306570179679,27.00472430014981],[88.25716817349381,27.004727724103962],[88.257025920386269,27.004709071879567],[88.256923079091749,27.004690721009581],[88.256690448726474,27.004574334296798],[88.256566536833333,27.004512763226611],[88.256409889765038,27.004470291868781],[88.256275365870849,27.004466251637275],[88.256103486281731,27.004471878880928],[88.255887761361635,27.00448909628653],[88.255645831060846,27.004491634809618],[88.255384585754186,27.004492181685077],[88.255382344224458,27.00446933296632],[88.255259107895213,27.004338642682232],[88.255106238189754,27.004160147524683],[88.255049087570839,27.004093437821872],[88.254951944815105,27.003949246676068],[88.254849504187334,27.003831342389457],[88.254778097889172,27.003746875974496],[88.254637928341211,27.003571555229119],[88.25452502599282,27.003459246850465],[88.254450977355489,27.003381168048321],[88.254266607259069,27.003288553816347],[88.254149940478086,27.003221411053477],[88.253904852359554,27.003100829035905],[88.253791470522103,27.003021416978189],[88.25354987373089,27.002846387264757],[88.253468017079371,27.002783156958099],[88.253413201378322,27.00272084473389],[88.253372287885028,27.002602862620741],[88.253336101633067,27.002491521009695],[88.253253910269436,27.002416939995353],[88.253125901086634,27.00233271257666],[88.253030579651863,27.002310049309479],[88.252951974722393,27.002305224348987],[88.252890637905239,27.002298826593503],[88.252795995726771,27.002252435449662],[88.2527596144445,27.002233928526636],[88.252650451437972,27.002162758256222],[88.252575785766595,27.0021062494619],[88.252489321542669,27.002032065590495],[88.252366971761234,27.001922119118916],[88.252271355314662,27.00182387488336],[88.252153343814783,27.001713304461553],[88.252061220948676,27.001593525008989],[88.252010160484062,27.001514100421829],[88.251970151128944,27.001405052055944],[88.251871722908788,27.001154314833638],[88.251831686805673,27.00110735132527],[88.251702810879237,27.001000738509763],[88.251582090155679,27.000907173910036],[88.251464427023095,27.000828426055325],[88.251329794600935,27.000742368442772],[88.251238950534628,27.000671171461278],[88.250956873059096,27.000388367912539],[88.250882719173916,27.000331373824885],[88.250806144018512,27.000306437589977],[88.250700402431278,27.000299263553959],[88.250608097480807,27.000299651005971],[88.250406281232472,27.000113655267285],[88.250021017019478,26.99944905234662],[88.248340359948841,26.999658044315375],[88.246640887083998,26.999989050376719],[88.2461991034791,27.000137396572491],[88.245071704116924,27.000255694382499],[88.24426226648643,27.000420823657631],[88.243241870778448,27.000567371025394],[88.242961644470114,27.000794552244294],[88.242749562158821,27.00086744030061],[88.242586253013982,27.000898598087609],[88.242379187502621,27.000910995306771],[88.241883145074993,27.001010793609918],[88.241483080837909,27.001059815170183],[88.240484153783186,27.001244443359624],[88.240225299417034,27.001309730481832],[88.240008034752151,27.001350039812777],[88.239869601868918,27.001397946233503],[88.239703391840919,27.001433097079627],[88.23950954447804,27.001493077897447],[88.239304367311163,27.001521534264061],[88.239139548652375,27.001572442367525],[88.238781996688047,27.00166281521447],[88.238544278736555,27.001743688304856],[88.238322183069485,27.00179966413528],[88.238089464490685,27.001835762226072],[88.237953207713574,27.001844018968221],[88.237899233603869,27.001875195174783],[88.237884013328255,27.001915042722395],[88.237871260271618,27.002026338443205],[88.237877286331383,27.002105939876479],[88.237874549373984,27.002201625357284],[88.237861816034922,27.002314450240352],[88.237829828818306,27.002403557849568],[88.237767476722382,27.002579232399889],[88.237697748001281,27.002683974894037],[88.237666687848773,27.002799038552478],[88.237637935461905,27.002925573016217],[88.237545831479068,27.003217215541753],[88.237491958717555,27.003416613100985],[88.237439528811308,27.003555416259207],[88.237439512933179,27.003809577119391],[88.237456501600178,27.003971721277932],[88.237464535648598,27.004176387667503],[88.237472574816138,27.004382815073821],[88.237483013588545,27.004542987865328],[88.23780810367613,27.004573576436727],[88.23809080338728,27.00457686703551],[88.238333899373131,27.004579696256847],[88.239606923026642,27.004951688082329],[88.239859770395555,27.005095164981029],[88.241043062309259,27.005766608375662],[88.241301948779039,27.006454499126363],[88.241389028977693,27.006685878490803],[88.241032975185902,27.006815029935243],[88.240067892363953,27.007165087607408],[88.239366746793067,27.007603755231145],[88.238780027634363,27.008001838194499],[88.238813892139831,27.008017123269674],[88.238877677290674,27.008011681213677],[88.238942111967688,27.008010641065258],[88.239052506039059,27.008001348963109],[88.239113674271579,27.008002341710309],[88.239207799920777,27.008006627754643],[88.239329301653143,27.00804011210576],[88.239375565858111,27.008049293446387],[88.239487256162519,27.008083531573675],[88.239561561309031,27.008122111108364],[88.239671712880721,27.008168252672149],[88.239729325530618,27.008164777442509],[88.239857012798694,27.008149548034794],[88.239991159750957,27.008121491202605],[88.240146380165669,27.008083279372482],[88.240199563500738,27.008062255453378],[88.240295889944178,27.00804688421664],[88.240365613531822,27.008055864279694],[88.240459781032541,27.008097410482719],[88.240550308680881,27.008163957064358],[88.240650714162712,27.008269663647212],[88.240707597982592,27.008313909088777],[88.24075845951144,27.008360595375859],[88.2408319806745,27.008394831012012],[88.240890631679164,27.008428558468864],[88.240967787761065,27.008435138528412],[88.241029927013614,27.008436829072227],[88.241150170970457,27.008435792357933],[88.241329561849199,27.008455422304657],[88.241406955287061,27.008459673186838],[88.241508019441312,27.008509908560082],[88.241611250823226,27.008546643022935],[88.241737128993833,27.00855507172859],[88.241872371333301,27.008590538453397],[88.241966579249592,27.008656962086977],[88.2420182539081,27.008674995090381],[88.242145332628766,27.008690180221684],[88.242250277383349,27.008722866251077],[88.242420099268855,27.008798937635657],[88.242665824706123,27.008919346864875],[88.242771996134266,27.00895641893041],[88.242763591971922,27.008017013861117],[88.244212754424282,27.007823671750298],[88.244807967708113,27.007877089789634],[88.246467146438036,27.007993311995786],[88.246954256536171,27.007840049275305],[88.248411692900959,27.007028220039796],[88.249052202137747,27.007076704667909],[88.250736841470456,27.009038736000345],[88.250676832580226,27.00953577108222],[88.250652403379377,27.010515451728946],[88.250855170092251,27.011533737222251],[88.250773764923508,27.012373999230228],[88.250563243931637,27.01338692664336],[88.250226041453445,27.01388190977617],[88.249861291580373,27.014164993841227],[88.249253022737832,27.014301287984829],[88.247894441221177,27.014489366432194],[88.247487428838554,27.014596787338633],[88.247207650975866,27.014828892157457],[88.247052971077693,27.014957213860463],[88.245676174479215,27.014865585582378],[88.243542023234866,27.014868812476969],[88.243536004744186,27.014971630592942],[88.243525479025365,27.015120133114927],[88.243504843884963,27.015400917322953],[88.243522026047131,27.015442941100023],[88.243549585125692,27.015460169048307],[88.243580148125375,27.015471960983458],[88.243583179706278,27.015580119423888],[88.243575654507168,27.015779656649357],[88.243574999053436,27.015866333213157],[88.243595305441929,27.015894636576196],[88.243631456634319,27.015903347427997],[88.243748299918963,27.015886354897201],[88.24386944979463,27.015848825542957],[88.243954773589692,27.0158478256044],[88.243982422668338,27.015861287668194],[88.244006713396246,27.015898515352923],[88.244008526814298,27.015999092119561],[88.244022348543183,27.016242043898892],[88.244027705821978,27.016366249686971],[88.244041648115456,27.016545124954018],[88.244017838298319,27.016896980803917],[88.244006182839954,27.017093871101725],[88.244019499877382,27.017180999439365],[88.244056724406292,27.017203568511142],[88.244120206817371,27.017217208308249],[88.244291276766148,27.01725668593302],[88.244506169018138,27.017335280197528],[88.244672777079828,27.017385921219727],[88.244849436706943,27.017484632259087],[88.244979692654709,27.017561007306515],[88.245098497136922,27.017622660748781],[88.245183585609212,27.017690758609341],[88.24530967418255,27.017740083528807],[88.245385428097606,27.017789032449546],[88.245426610042884,27.017848895715424],[88.245529330697138,27.017940182352909],[88.245702215768944,27.018021180040037],[88.245811385865721,27.018076237124308],[88.245890084527687,27.018118996973804],[88.245926890779216,27.018159141728354],[88.246013022974623,27.018183296195975],[88.246094930365686,27.018208570014398],[88.246174894428819,27.018293107529619],[88.246293831252615,27.018353589371198],[88.246416353361383,27.018435464298374],[88.246545383389517,27.018478599583627],[88.24667645283391,27.018555685538026],[88.246723964815189,27.018581763351367],[88.24676476093498,27.018591407317381],[88.246808915752183,27.018576056472909],[88.246820945192468,27.018542475862795],[88.24682844572834,27.018456157399577],[88.246807018708367,27.01833413207985],[88.246843431994876,27.01815192662449],[88.246856544679986,27.018002058335945],[88.246885516976818,27.01783724323688],[88.24689709766335,27.017758531037952],[88.246915398146001,27.017562699438137],[88.246932716913136,27.017415151440279],[88.246935301317052,27.017305923140928],[88.246951537915677,27.017254568389937],[88.246950896537058,27.017244671311513],[88.247010043300577,27.017233251226418],[88.247134404651035,27.017191064273248],[88.247203179664993,27.017145567964985],[88.247302855709009,27.017101888587078],[88.247396538902024,27.017075104696154],[88.247499144377159,27.017047101141841],[88.247535123899638,27.017035268107385],[88.247610939031702,27.016998092634829],[88.247647229992779,27.016977241473203],[88.247691216968946,27.016978989293722],[88.247754498763513,27.017010923414748],[88.247791804019897,27.017059255229789],[88.247799904599475,27.017119456750155],[88.247835059816083,27.017191628023564],[88.247845114453114,27.017260718590119],[88.24788964659696,27.017371717356472],[88.247938528487367,27.017465831278212],[88.247988375044557,27.017518790516593],[88.248098592052841,27.017613227746605],[88.248262728975476,27.017703285913008],[88.248417070175549,27.017761672058853],[88.248521272540742,27.017781203917345],[88.248566448023666,27.017810942127255],[88.248631596749846,27.017905167735663],[88.248699790797701,27.017992376027905],[88.248809613733101,27.018115334835382],[88.248866718401487,27.018228452897532],[88.248959619021747,27.018327351558302],[88.249060065567733,27.018425703949571],[88.249146929661762,27.018485201971572],[88.249276270655997,27.018535176160817],[88.249360233513798,27.018568939803174],[88.249459920319481,27.018575915834845],[88.249527226296976,27.018595681696699],[88.249579171579768,27.01862262157168],[88.249676185575467,27.018682370880558],[88.249804284108578,27.018708156634965],[88.249905976833432,27.018789157733657],[88.249995790015006,27.018888832915835],[88.250073781012546,27.018970756976252],[88.250145911053778,27.019094813625443],[88.250146595389197,27.019239756642609],[88.250139695598662,27.019337716474073],[88.250108868635351,27.019448677985377],[88.25008342008158,27.019542707055916],[88.250080358136813,27.019707186105059],[88.250049247899128,27.019833234369585],[88.250031495164336,27.019878091430673],[88.250022145900843,27.020016751572236],[88.250050624339735,27.020213707882213],[88.250063627717907,27.020338553136913],[88.25007921868783,27.020409889276372],[88.250118764912656,27.020466717839902],[88.250186919071382,27.020531793732776],[88.250250703434702,27.02055902328965],[88.250348027560833,27.020602170301281],[88.250421510439381,27.020620574776515],[88.250568381331178,27.020637762868873],[88.25062072018504,27.020643576421467],[88.250695073363744,27.020648420052936],[88.250844730454233,27.020606797978932],[88.251038019515491,27.020584361997901],[88.251151742062973,27.020564507260772],[88.251345593528228,27.02051189195824],[88.25147938438991,27.020504605932313],[88.251595213051431,27.020527193418609],[88.251718239824115,27.020552856393664],[88.251784219156903,27.020552963960146],[88.251812518940895,27.02054993934826],[88.251321640790707,27.021287204490822]]]]}},
{"type":"Feature","properties":{"OBJECTID":40435,"STATE_UT":"WEST BENGAL","SHAPE_Leng":18604.236712499998,"SHAPE_Area":7401235.4614700004,"District":"Darjiling","Dist_LGD":"327","Sub_dist":"Kurseong Municipality","Subdis_Typ":"Municipality"},"geometry":{"type":"MultiPolygon","coordinates":[[[[88.298235030452503,26.892017014932762],[88.296681485627374,26.88777939841675],[88.296266201195209,26.884912506735969],[88.301271115146051,26.881084033274217],[88.299702066289299,26.879446467006069],[88.299414572421213,26.879394947402727],[88.297089361962378,26.877651460289002],[88.292791801233932,26.874192731840306],[88.291729546913984,26.874170850315004],[88.288633293901242,26.874601838597712],[88.288051048055152,26.87468287830799],[88.28261848021998,26.875422887415123],[88.281290036824828,26.875452993897717],[88.281520214880771,26.87488669310817],[88.281453187373558,26.874265469990117],[88.281046292672841,26.874196480580189],[88.280656859351723,26.874099859288343],[88.280327079144868,26.874008076093336],[88.280269741707301,26.87399211798899],[88.279902966145471,26.873852504398027],[88.27958535276241,26.873646405256636],[88.279290465900516,26.873408663845531],[88.279008359311703,26.873153252289651],[88.278733867485585,26.872888395680665],[88.278461810492018,26.872622444155585],[88.278193228885513,26.872354980937491],[88.278048722562843,26.872188254974922],[88.278040975172075,26.872179316023523],[88.277942294557008,26.87206546093957],[88.277695464698766,26.871772482588],[88.277436042880154,26.871498429561608],[88.277147662357649,26.871265937871005],[88.276813634710649,26.871087917685411],[88.276437388198346,26.87095375182793],[88.276190167203083,26.870896788501078],[88.276039381825385,26.87086204608778],[88.275640501729001,26.870812065342992],[88.275255815727647,26.870817711894123],[88.274872325815807,26.870921614470443],[88.274489792563699,26.871066977901002],[88.2741094332561,26.871207046804852],[88.273728188283442,26.871389206846263],[88.273361223146111,26.871472195497844],[88.273023645945216,26.871341357072943],[88.272699723826605,26.871088638141742],[88.272676493434844,26.871071895934666],[88.272383716846292,26.870860893018019],[88.272360439108098,26.870844116426294],[88.272002405450166,26.870642181112672],[88.271638128130121,26.870444040217091],[88.27126974718378,26.870249320297653],[88.270899449394506,26.870056841558689],[88.270528823419667,26.869865369187018],[88.270155058013501,26.869679951220963],[88.270023701112734,26.869616938432191],[88.269778696492978,26.869499650120666],[88.269402470771311,26.869319978219355],[88.269025988509924,26.86914096540082],[88.268646700020142,26.868966026107405],[88.268265933735776,26.86879329188935],[88.267884914885869,26.868620792006599],[88.267504959358888,26.868446622780841],[88.267127357122433,26.868268813767948],[88.266753367331987,26.868085503899298],[88.26638037226131,26.86789968023087],[88.266006723511211,26.867714032865518],[88.265633298879195,26.86752766653094],[88.265261091006195,26.867339746215571],[88.264891123964034,26.867149368038611],[88.264524346946317,26.866955676273363],[88.264161703192642,26.866757802622647],[88.263804198966824,26.866554869032154],[88.263452833064292,26.86634605586309],[88.263378274214347,26.866297865251195],[88.263382094503029,26.866295837092473],[88.263306635607833,26.866181186698611],[88.263081628085914,26.865994960545159],[88.262866136209766,26.865869085171799],[88.262791732733348,26.86578676277308],[88.26277546575858,26.86575092588545],[88.262765684763181,26.865682495319181],[88.262824830618555,26.865643990471231],[88.262961621412131,26.865671513043747],[88.263068775482964,26.865716269132541],[88.263465563478704,26.865961141669352],[88.263565922597863,26.865913083703717],[88.263593977455855,26.865847364433556],[88.263538427336556,26.86576437273629],[88.263281279490172,26.8655185994802],[88.263220464253067,26.865273971200207],[88.263147114294568,26.865223971776253],[88.262771678608814,26.865055212969764],[88.262426671687663,26.864893460194267],[88.262257611995921,26.864802351946679],[88.262196052365297,26.864650795905817],[88.262245370336714,26.864426539084196],[88.262411577014774,26.864198142331222],[88.262642273611803,26.863979597945445],[88.262695759373557,26.863767327315795],[88.262694741901768,26.863504394203282],[88.262548079194033,26.863173794566997],[88.262434081736899,26.862918900717919],[88.262344021884573,26.86270362241892],[88.262142511312447,26.862427556753115],[88.262014005916228,26.862306687931724],[88.261837533170706,26.86221988224953],[88.261586177497961,26.862151913941606],[88.261336270371487,26.862128395385543],[88.261170198628903,26.862130182590445],[88.261136007499744,26.861845663847042],[88.261134271770587,26.861482962429182],[88.261200852527921,26.861266513273815],[88.261950814898654,26.859914727389071],[88.262921619308599,26.85851131435415],[88.263579265436206,26.857006877897994],[88.262710951734149,26.855854606291391],[88.261543020966613,26.855364007039341],[88.261151633860095,26.855466800883189],[88.260090401086202,26.855521400268845],[88.260055177637341,26.855521713956033],[88.260023040067466,26.856709114384049],[88.25883129490073,26.859522761679781],[88.259297944533017,26.859852622865791],[88.258725325125383,26.8613156604412],[88.258162984792094,26.863216517936397],[88.258011219750841,26.863306097667568],[88.257814145457175,26.863398034966011],[88.257618998784764,26.86343326445153],[88.256677420141656,26.863498965363362],[88.256475130128749,26.86354658094384],[88.255817750696153,26.863877329682207],[88.255577406222599,26.864031483754435],[88.255024727160176,26.864447522334892],[88.254834978477916,26.864648433882213],[88.254702181807033,26.864859463081793],[88.254641109934155,26.864954675739849],[88.254601054727559,26.865016197381141],[88.254745296553494,26.865135353417244],[88.25496406276983,26.865301085837256],[88.255110365213042,26.865500921658288],[88.255266072728034,26.86576351150919],[88.255405795627269,26.865987239425504],[88.25558175209764,26.866193911032376],[88.255824875161764,26.866429746427361],[88.256127561014637,26.866687131166934],[88.256286767747284,26.866831312733556],[88.256498185848415,26.866997304370063],[88.25661362829652,26.867072787608148],[88.255087158675224,26.870018899174514],[88.254896718377765,26.870548698098386],[88.255448909024651,26.870873296223149],[88.257246563589973,26.871859363807143],[88.258877753701768,26.87371804162288],[88.26127175633259,26.87582266139804],[88.262436923583621,26.877304817539006],[88.262714472883644,26.877019224988782],[88.263011865886128,26.876757642335285],[88.263344615245018,26.876576448414461],[88.263726303379826,26.876510328045821],[88.264147213650091,26.876526969889628],[88.264585417272883,26.87659024424973],[88.265018708178431,26.876664404577145],[88.265436520710793,26.876729626235079],[88.26585277923347,26.876802265977918],[88.266268087490872,26.876881977088356],[88.266682383906584,26.876967504939092],[88.267095587021672,26.877057605158765],[88.267507558230321,26.877151086112747],[88.267918155537444,26.877246783050655],[88.268324367293644,26.877356985929744],[88.268726262307368,26.877481739965507],[88.269126644650228,26.87761334371174],[88.269524898580642,26.877768930726671],[88.269925661256252,26.877866099371541],[88.270330607929566,26.877876424016836],[88.270765417669622,26.877872529600047],[88.270721772466814,26.877945810731216],[88.270672097450003,26.878250555817999],[88.270915686803079,26.878470227290514],[88.271337846461591,26.878624905392513],[88.27132654006536,26.8788698174011],[88.27137311105065,26.878934854695878],[88.271488242378837,26.878921252266736],[88.271600277952629,26.878812491182053],[88.271715097769473,26.878789375123983],[88.271768489172416,26.879063766168212],[88.271662342863991,26.879353329546316],[88.271632712573407,26.879535388703179],[88.27157612933766,26.879708874427475],[88.271405654830019,26.879934028540735],[88.271338332771933,26.880050731481038],[88.271354961014296,26.88028831518027],[88.271416301162859,26.880533841992747],[88.271449758906684,26.880742245541239],[88.271626850575899,26.880993201438088],[88.271840083993325,26.881261929779104],[88.271971881480127,26.881377319496444],[88.272010927258378,26.881411504185927],[88.272059713517848,26.881454216340771],[88.272092555885322,26.881643592367318],[88.272289576566649,26.881960523596682],[88.272417412904545,26.882337068468381],[88.272519746822624,26.882476344917681],[88.272603387200718,26.882587706809197],[88.272662244958951,26.882757102793651],[88.272810527533679,26.882942386141814],[88.273071257586494,26.883304694588389],[88.273288519556289,26.883697121926058],[88.273468711825501,26.884043227730821],[88.273591898587853,26.884277027420286],[88.273659948772149,26.884455622781708],[88.273609204322923,26.884507358646314],[88.273582508041386,26.884534576344645],[88.273569396859699,26.884677937690974],[88.27366408647805,26.884855589075951],[88.273657686779188,26.88493202780673],[88.273597694567428,26.885000835552571],[88.273555460717162,26.885069012837938],[88.273531920743523,26.885165113627707],[88.273592020155334,26.885372566436043],[88.273615359999127,26.885543215270232],[88.273643036447567,26.885847077693384],[88.273615575298834,26.8860957359189],[88.27358625001078,26.886287298767868],[88.273593379379591,26.88650615358879],[88.273574797773151,26.886754495475259],[88.273502003480885,26.886976174742145],[88.273367356993134,26.887209570485062],[88.273247374961485,26.88734718238225],[88.273140301226448,26.887608178755244],[88.273111908772506,26.887828287804862],[88.273079795126463,26.88793421246794],[88.272991613237224,26.887956384269291],[88.272930381094611,26.887987132135727],[88.272942673332949,26.888091484056513],[88.272990480500241,26.888194579065964],[88.273234318901359,26.888370697268947],[88.27325451314799,26.888385283395433],[88.273377085394387,26.888600048792181],[88.273714638943758,26.888864360963954],[88.273950172123548,26.888998918160528],[88.274035051981073,26.889148330776504],[88.274182402386614,26.889305059946224],[88.274425265570784,26.889391726612097],[88.274671538833957,26.889583060958707],[88.27494693069373,26.889849570323452],[88.275114518877018,26.890081788436873],[88.275262182478031,26.890248031674851],[88.275389915046077,26.890348300451194],[88.275622348977905,26.890387703347336],[88.275803050983669,26.890476568107623],[88.276114893404511,26.890770366176465],[88.276599178196619,26.891172371544481],[88.276783907860022,26.891384929159024],[88.277073034371298,26.891527113541013],[88.277123211312457,26.891577349405569],[88.277247648767357,26.891701926578072],[88.277349052395323,26.891812650691946],[88.27745902022339,26.891913542489906],[88.277566199470797,26.891928805086824],[88.27773337606682,26.891875257666531],[88.277927499363841,26.891830285505446],[88.278053063890923,26.891863945215931],[88.278145583941637,26.891974982673389],[88.278156627644236,26.892041272495415],[88.277995857780155,26.892018383362746],[88.277981508486974,26.892123675695316],[88.278258138499751,26.892428241266803],[88.278420174954434,26.89250427219995],[88.278420919845644,26.892504621505854],[88.278465792245655,26.892525677233049],[88.278582782010162,26.892569163870167],[88.278714439224061,26.892516879320901],[88.27880014346411,26.892418586948978],[88.278942282427252,26.892437501129763],[88.278983293373656,26.892360739790792],[88.278996750140678,26.892194427102673],[88.27902336686806,26.8920842802458],[88.279083165372512,26.892065982791664],[88.279321760498036,26.892089901119618],[88.279396513767765,26.892067030033708],[88.279485425538155,26.892015350361085],[88.279510946965658,26.892021231761149],[88.279576709365116,26.892036386719003],[88.279673347122838,26.892105774764641],[88.279769930181686,26.892057863501446],[88.279846879225374,26.891986381233501],[88.280045666096143,26.891946987490339],[88.280148215198977,26.891850331476025],[88.280278469847062,26.891793141432061],[88.280679199443739,26.891811318160887],[88.28104950368477,26.891822483753028],[88.281258074099995,26.891851506401881],[88.281384211623234,26.891899623617984],[88.28146610991854,26.891864369521691],[88.281504819531364,26.891778059062684],[88.281632496975732,26.891757362330889],[88.28178993378431,26.891723480657678],[88.281944396766946,26.891713968341122],[88.282107274197969,26.89161517829011],[88.282202548885891,26.891526869016896],[88.282354962764742,26.891468757408571],[88.28245981675046,26.891428778382199],[88.282632465836414,26.891394851842158],[88.282786143557075,26.891364651957172],[88.283091961762196,26.891365962968468],[88.283281274140577,26.891383534733297],[88.283538421007179,26.891629251511773],[88.28367315106162,26.891709423776632],[88.28387306585482,26.891737276357375],[88.284632819287935,26.89109420143059],[88.285069428630194,26.891101990207297],[88.28515288720709,26.890971192506385],[88.285276050414225,26.890778168648165],[88.285455375901861,26.890445287231223],[88.285602160118316,26.890090530371907],[88.285733284999537,26.889701485315499],[88.285742235761788,26.88935179159197],[88.286037738153254,26.889567313165134],[88.286350028060568,26.8898067094003],[88.286659787057886,26.890049677077872],[88.286967715842138,26.890294375279897],[88.287267420042085,26.89054913273382],[88.287562071102471,26.890811105124321],[88.287856257668878,26.891075602496329],[88.288151567604729,26.891341203936545],[88.28844445972463,26.891612097508251],[88.288739070192889,26.891883630929101],[88.289039421126347,26.892149540911937],[88.289349333320871,26.892405924768902],[88.2896669225822,26.892654710759707],[88.289988008649544,26.892900004670953],[88.290309068609929,26.893145069098104],[88.290634135262238,26.89338574244919],[88.290959003960097,26.893626618967168],[88.291276912267463,26.893874707127242],[88.291587648433392,26.894130316506164],[88.291895330325559,26.894389251559165],[88.292199868103907,26.894651317225474],[88.292720087175297,26.895112914408628],[88.292800832288535,26.895185515630061],[88.2930992226228,26.895455995772263],[88.293397785094285,26.895727481012386],[88.293696521878729,26.895999973075686],[88.293995411141154,26.896273561515386],[88.294294357411474,26.896548293733812],[88.294593276049042,26.896824163152793],[88.294892109702914,26.897101297116301],[88.295190885643038,26.897379610386476],[88.295216010731622,26.89740299149101],[88.295489607106489,26.897657605504769],[88.295787743454795,26.897934522277122],[88.296086606621131,26.898209523385628],[88.296384628713398,26.898483849195514],[88.296465746661681,26.898559773292366],[88.296679410713324,26.89875928310877],[88.296968409354804,26.899037679705739],[88.297249073467697,26.899320820333237],[88.297519652699691,26.899610232226323],[88.297783277767252,26.899904404581932],[88.298040398661826,26.900202730749349],[88.298290657931133,26.900504929459352],[88.298533782697433,26.900810662484819],[88.298769501947604,26.90111962004698],[88.298995133126965,26.901432991917197],[88.299195868035895,26.901760103688343],[88.299382290012332,26.902094841367592],[88.29957043113329,26.902427843247629],[88.299776303872221,26.902749588372458],[88.300014116384659,26.903051729422536],[88.300274077721653,26.903340030014103],[88.300549220541029,26.903618664303945],[88.300836727641226,26.903889163376562],[88.301134652403164,26.904152631065234],[88.30143838051994,26.904412071092484],[88.301740374222476,26.904672355501027],[88.301966842782988,26.904862232898566],[88.301704435852599,26.90439767732472],[88.301698200052158,26.902975929164331],[88.302498814202863,26.900355133929477],[88.302346340119144,26.896718522776222],[88.301766063876514,26.895284010930425],[88.298235030452503,26.892017014932762]]]]}},
{"type":"Feature","properties":{"OBJECTID":40488,"STATE_UT":"WEST BENGAL","SHAPE_Leng":27157.9990125,"SHAPE_Area":11857896.967900001,"District":"Darjiling","Dist_LGD":"327","Sub_dist":"Mirik","Subdis_Typ":"CD_Block"},"geometry":{"type":"MultiPolygon","coordinates":[[[[88.194794793802657,26.888730244822607],[88.195504224980283,26.889181791530962],[88.196187563809346,26.889633382714283],[88.196441576658884,26.890220129955022],[88.196402041344285,26.890396336259329],[88.196396521303484,26.890420459682442],[88.196365107861183,26.890557691187873],[88.196257276850332,26.890740810943186],[88.196083604908637,26.890958301449739],[88.1959130754271,26.891125140560899],[88.195708815036326,26.89131483737993],[88.195605138646641,26.891569588365442],[88.195550060721331,26.891700931755693],[88.195463806538086,26.891969986406966],[88.195432407001206,26.892122601564981],[88.195479327747535,26.89223117436071],[88.195577669391184,26.892306449044973],[88.19567712272152,26.892361427188991],[88.19581706010807,26.892480733151622],[88.196000295920769,26.89270936889293],[88.196100301128126,26.892874280776212],[88.196186400243448,26.893097041008946],[88.19620669466444,26.8932879216676],[88.196169561313155,26.893499293625737],[88.196044401379794,26.893769293117654],[88.1959650643782,26.893901845051186],[88.195691817806718,26.894144966237182],[88.195487026332714,26.894258587800454],[88.195367187310552,26.894296699287672],[88.195055217172467,26.894308668192728],[88.194662422180031,26.894356547552796],[88.194440093459065,26.894358954021591],[88.194168401987895,26.89427500486023],[88.193784606066302,26.89407830767793],[88.193599442325791,26.894030426915819],[88.193090991489925,26.893937356191937],[88.192749091253418,26.893924521119253],[88.192263539801203,26.893917438923832],[88.192140242407163,26.893987803746406],[88.191866763219736,26.894096023855884],[88.19152049135495,26.894232455652268],[88.191394125988126,26.894450554457531],[88.19157271101507,26.89482216561974],[88.19192613412045,26.895568857922481],[88.192073320865873,26.895912762766837],[88.192554606428843,26.896540888585346],[88.192633702033831,26.896826212696986],[88.192715486740525,26.897328619972754],[88.192787149744632,26.897448886715118],[88.193058867741058,26.897904839840457],[88.193301519403732,26.898329412110662],[88.193467035230171,26.898607904085598],[88.193519609574693,26.898800590557617],[88.193535196563232,26.898961710788264],[88.193517662527753,26.899071206838489],[88.193439658857073,26.899154743560647],[88.193279463307334,26.899158214049319],[88.192985202326142,26.899082746444588],[88.192755235785143,26.898719007578936],[88.192623719183757,26.898575376216328],[88.192499930915673,26.898495916210607],[88.19206649157988,26.89833888586913],[88.191624050125426,26.898162103372329],[88.191205953442164,26.89799271674994],[88.190708136247451,26.897827127087542],[88.190150448507438,26.897710885825031],[88.189907545777444,26.897654798003895],[88.189289501004325,26.897395074665464],[88.188970470073656,26.897570847892432],[88.188827708524371,26.897472224127362],[88.188576321107121,26.897379518403451],[88.188432088939479,26.897406149188733],[88.188281765239296,26.897348230224374],[88.187971304112992,26.897262712859394],[88.187935720938569,26.897313106222203],[88.187841018261452,26.897447246423948],[88.187729241262872,26.897495977058533],[88.187279893527588,26.89749792113318],[88.186851921696274,26.897489544718788],[88.186606021138189,26.897465920008454],[88.186302015809346,26.89754403955363],[88.18628759131758,26.89771284595918],[88.186349937369712,26.897848608367362],[88.186517894186082,26.897967724746827],[88.186639349479876,26.898074630141554],[88.186720437499773,26.898193735534338],[88.186774053665573,26.898385167820948],[88.186789119051454,26.898563883455878],[88.186772718644534,26.898706801438596],[88.186643952647259,26.898697756855878],[88.186519923161882,26.898668132996033],[88.186342742181083,26.898457460249013],[88.186121309172918,26.898516153324728],[88.185949354848418,26.898601046218911],[88.18569278291244,26.898468297501047],[88.18556733244337,26.898383245902934],[88.185515022055753,26.89825100225729],[88.185506356839198,26.898129472296169],[88.185572545464979,26.898017633517647],[88.185679133990305,26.897912444682916],[88.185609797111837,26.897792960778752],[88.185505298713622,26.897718510632721],[88.185274400795933,26.897684426646247],[88.185124249013612,26.897702837344788],[88.184933948285931,26.897687387937836],[88.18480731334985,26.89772970249339],[88.184721783776382,26.897838706035436],[88.184685015475907,26.897941244383112],[88.184640683747929,26.898064848078182],[88.184547464350103,26.89817440068034],[88.184351659357475,26.898335086900982],[88.18415038495958,26.898452986769879],[88.183887925962807,26.898570036810387],[88.183801160647562,26.898585092559706],[88.18384641644343,26.899264610840273],[88.18394893358483,26.89992276507099],[88.183984881289604,26.900473144590109],[88.184712473673201,26.901207304729414],[88.186313734551689,26.901234487320608],[88.186162444110082,26.903619036250404],[88.186451104457731,26.904262081722052],[88.185915084758491,26.906446742247738],[88.185382433773682,26.910883747615781],[88.18548175617174,26.911389445727263],[88.186576688351678,26.910995859437584],[88.1878839809347,26.910718733756614],[88.189896564151368,26.910528457924816],[88.192312902356363,26.910516649008763],[88.193219141370108,26.910512153201417],[88.195030321994338,26.91032278293337],[88.19662262397803,26.909990117812896],[88.197242519010928,26.909860609188073],[88.198648808913561,26.909312081121527],[88.199593459291648,26.90886704827323],[88.201359351772368,26.908035119471865],[88.202563664541913,26.907397363875496],[88.203167150698732,26.907304024432737],[88.204274085695886,26.90720828372184],[88.205077281896507,26.906843219239224],[88.206781563778051,26.905661404812871],[88.207743946241337,26.905079249188596],[88.207985161387953,26.904933335223436],[88.208493058483498,26.904800490363165],[88.209392453661067,26.904565243599649],[88.210297979686828,26.904470460470833],[88.210654423608105,26.904542317067843],[88.211608495654744,26.904734651198517],[88.212413894728343,26.904730536701589],[88.213519669870294,26.904454274625454],[88.214825686477027,26.903996363738589],[88.216031468843426,26.903629219295894],[88.216836395244755,26.903534898901285],[88.217541097059552,26.90353126168975],[88.218044527873687,26.903528725832992],[88.218546726415269,26.903345648777012],[88.219750887705956,26.902707751142724],[88.221452007089297,26.901074506969032],[88.221568726817068,26.900910754756413],[88.222201287904468,26.900023310087462],[88.222549651530187,26.89953457647055],[88.222950103498761,26.899171453875329],[88.222976544559131,26.899159435191972],[88.223506821990711,26.898918382001558],[88.223552387362759,26.898897668825491],[88.223630057068931,26.898897263583276],[88.224257058840863,26.898893998942111],[88.225164909259775,26.899160110979494],[88.226780874908698,26.899964155134825],[88.228899602720801,26.900675246148804],[88.230210687001431,26.90102953404465],[88.231115686042244,26.900844257115111],[88.23126616102185,26.900789396730804],[88.232120011504506,26.900478101175771],[88.233121542511924,26.899660587338452],[88.233299640446063,26.899199751653327],[88.233715707882425,26.898123163712441],[88.234212070507709,26.897037514638097],[88.234912678224035,26.896402084986754],[88.235313557406258,26.896129289771952],[88.235613275821777,26.895766651956418],[88.235710376687251,26.895224605854605],[88.236010672819262,26.894952326975986],[88.23641212378925,26.894769708251687],[88.236669136310752,26.894768380011612],[88.236831561852554,26.894463795887923],[88.238426579320645,26.891619705914358],[88.237985245560168,26.890386809599505],[88.237388083753046,26.889173330808777],[88.236880966061236,26.887444494805468],[88.236301558058798,26.886009681912828],[88.235990180006198,26.884224964309336],[88.236066388974692,26.882901769103107],[88.236067077326609,26.881114318963569],[88.235912183483123,26.879368852598077],[88.235587103911584,26.878635954870017],[88.234847316230443,26.877721616348381],[88.234199064445477,26.87689223635418],[88.233580724424371,26.876035508023325],[88.233416280007233,26.87526057797248],[88.233471174945663,26.874289641343388],[88.233762167060249,26.87327601988439],[88.234363810360932,26.872133299837486],[88.235027875233612,26.870714692623839],[88.235290170498416,26.869841244912024],[88.235219351692848,26.869345350863959],[88.234801810550152,26.868437221013259],[88.234251177415331,26.867322617574125],[88.234000800070035,26.866512328265944],[88.233964825430661,26.865980017867212],[88.23413625567116,26.865545201394756],[88.234992073526584,26.864639487690987],[88.235699115725367,26.863938189723971],[88.236126995119605,26.862557751962846],[88.236221681894719,26.861545841680357],[88.236275078668882,26.860439502766585],[88.235996061425453,26.85930898903004],[88.23573948285879,26.85839042517404],[88.235443927095773,26.857589558093558],[88.235453924360769,26.857120038709482],[88.235751824472885,26.856747306742609],[88.236631227488857,26.856166370380329],[88.236735524992497,26.856039072363053],[88.237216949581111,26.855420987847456],[88.23770938976152,26.854428163927778],[88.238322065712183,26.852924230162081],[88.238715835461392,26.851652414260752],[88.239051574480172,26.850597764621927],[88.239486760561732,26.849433913705603],[88.239708333952379,26.848524704563335],[88.239842890719501,26.847480845612623],[88.239817321297579,26.846519638147168],[88.239831512167882,26.845512942887169],[88.239870958912945,26.844515055240223],[88.239889871725438,26.843941640925888],[88.239970977464523,26.842148964019927],[88.239972385971427,26.841354529074362],[88.239974875535282,26.840659386045356],[88.239977055321063,26.840397568551122],[88.239783589529353,26.839266308326987],[88.239950078576982,26.838845068208066],[88.241063292320419,26.837571450094305],[88.241539095988216,26.836908264180035],[88.241456639758823,26.836268032240337],[88.241152595652451,26.834686366882675],[88.240748167362668,26.832202826029413],[88.24063897185583,26.830493062709483],[88.240800557696119,26.828699676608757],[88.24142450686567,26.827322015627008],[88.242375098476145,26.825449483208512],[88.24315358021633,26.823944071851813],[88.243913451059143,26.822118343366064],[88.244615992794934,26.820112561923438],[88.24515887020398,26.816848839002976],[88.245620113788462,26.815323636709699],[88.245864463026507,26.814206582631677],[88.245770552124029,26.811598444835958],[88.24588682477075,26.81027036997374],[88.246370515842159,26.80804081686442],[88.247159008424447,26.804246808529328],[88.247638939472807,26.801218344762937],[88.247559975092628,26.799977748636483],[88.247215014314207,26.800170367879463],[88.245030557320803,26.801088181638153],[88.244411786015334,26.801308890317689],[88.244027155424263,26.801216429622237],[88.243752472758089,26.80104607941329],[88.243851903313228,26.800865014861966],[88.244048683530011,26.800626626333063],[88.244151254920197,26.800502364917918],[88.244171835873871,26.800452230632192],[88.244746904507821,26.799051423742476],[88.245042406685172,26.798331613579723],[88.245635839024146,26.796794143434273],[88.245834101615586,26.796341741576853],[88.246128766929758,26.795257194400591],[88.246325756563735,26.79462434230291],[88.246524598113979,26.794262211297131],[88.24692509878939,26.793989391949548],[88.247325597036507,26.793716482213579],[88.248323764543244,26.792537893399786],[88.24999875328335,26.789758331838971],[88.250015152167052,26.789731013695484],[88.253112248094354,26.786555637616537],[88.254613685972174,26.785464544241453],[88.254755902821699,26.785396007322575],[88.254329268154365,26.782503760961863],[88.254436262410749,26.781257007190383],[88.254251415650984,26.779538889858991],[88.254045352812156,26.778177549442653],[88.254042068881105,26.776963367432625],[88.254114361432755,26.775762057646457],[88.253947216786372,26.773822606329848],[88.25387165005364,26.771521238725896],[88.253767978982353,26.769865592956954],[88.253821146459643,26.767838427316974],[88.251799463388465,26.766443480657202],[88.250856908338278,26.764862945237549],[88.249993738116004,26.763182398040573],[88.24922937434583,26.761338476936508],[88.247417005887584,26.759756550829046],[88.245592024701963,26.757935479857704],[88.244040604848436,26.756297049298819],[88.241366698938322,26.755927788854258],[88.239732107224171,26.75588341529274],[88.238711842294009,26.755459007868126],[88.238928984528187,26.756472720255971],[88.238873145092739,26.756460901270188],[88.237966417383859,26.756268981079771],[88.237964521458878,26.756280307092634],[88.23747528221179,26.759202739912034],[88.231562691629023,26.759254238690197],[88.231588489478284,26.755584272340879],[88.23108771386471,26.754839327394929],[88.230605870254834,26.754450807038804],[88.231181606078565,26.752820828944348],[88.22919397846259,26.750802338758366],[88.227898518484764,26.749558718623483],[88.227098627671324,26.747173309581392],[88.225726077058354,26.745298397910592],[88.224567946741402,26.743724045584802],[88.224236499925098,26.74328906489179],[88.223988001131687,26.742618647683781],[88.223219021572234,26.741699944762978],[88.221968299930893,26.7403926853721],[88.220930662601361,26.739264133459983],[88.220227242228617,26.737888949018728],[88.219691069400341,26.736638709627123],[88.218033540008435,26.736774829972365],[88.214842554059572,26.736896991725761],[88.211758030353423,26.73710393582849],[88.210391319138836,26.73716977372148],[88.210595966336541,26.737980522396743],[88.210531755154776,26.738563357966463],[88.210139449186244,26.739496561920777],[88.210019127709046,26.740003141455393],[88.209955471003838,26.741218973925001],[88.209952216763398,26.741281133732169],[88.210213599979042,26.742226814369364],[88.210253820459812,26.7428376077929],[88.210285490405781,26.743318554359149],[88.210364320093504,26.744590788748077],[88.210566672853176,26.746132801394829],[88.210596991836539,26.748520371465997],[88.210602156194028,26.749007824177241],[88.210575865841662,26.749373670277624],[88.210589630653843,26.751147496661432],[88.210702146355189,26.751327090865779],[88.211372371088245,26.751470322233782],[88.214693340499849,26.751712735728368],[88.214519753100731,26.752883310266412],[88.214163883729739,26.754407526343019],[88.213952752983587,26.755831196342303],[88.213230412692539,26.756464805369877],[88.211710918086695,26.757317377857074],[88.210317768068762,26.757758096881343],[88.209010257393928,26.758690081139608],[88.208562092837482,26.759578618243349],[88.208560299560204,26.760359529291392],[88.208596245788755,26.7609053990994],[88.207980288785222,26.761619324414706],[88.207972939317585,26.76235063025981],[88.208171114382864,26.763021504873457],[88.208897035248228,26.763669822388735],[88.212467983690871,26.763743134147784],[88.218153580170764,26.76359958710124],[88.222570715884643,26.763335859389173],[88.226808920056101,26.76373707525023],[88.226455224921494,26.765450877671483],[88.22600017217394,26.766623897259681],[88.225438338083606,26.766750629866248],[88.224225989111432,26.766237504121158],[88.222118744089343,26.767618868590841],[88.221867952475435,26.7690880258858],[88.221074314360621,26.769641040467633],[88.220183527415372,26.77051537020472],[88.219888742672211,26.770693947664096],[88.219699152088864,26.771304947701736],[88.219311622486501,26.771746124544723],[88.217975213304783,26.772804828081931],[88.216951115164093,26.773915003126156],[88.216954290662926,26.775156279387829],[88.216562742840239,26.776166226606215],[88.215789836588527,26.777256182725477],[88.215343803137529,26.77787389052877],[88.21415815748918,26.779405218343353],[88.21303858071947,26.78147763094951],[88.212703581659454,26.782135005631442],[88.211686680998511,26.783461747076892],[88.209997783122091,26.785150610597114],[88.209936160716993,26.785212232041061],[88.209756546559731,26.785425604293362],[88.209787219120685,26.785057721839316],[88.209732712135946,26.78463850347373],[88.208806617879134,26.782673864831782],[88.20717322714836,26.780877745451555],[88.205992227826499,26.77905518545327],[88.204377352895236,26.77757484161264],[88.201024798503767,26.776790811951813],[88.198182630295975,26.77623710491374],[88.195901724209392,26.775972003957651],[88.195126066377171,26.776818127437661],[88.193697834049942,26.778261060463279],[88.191924658052656,26.779905491682602],[88.190334108279785,26.781223369889222],[88.18950292022592,26.782539369799551],[88.188766366971805,26.783768807233805],[88.188332330746903,26.784106475128795],[88.188078583011148,26.784853388614188],[88.188176812569992,26.785592836682159],[88.1878468733928,26.786751152135533],[88.187163055308602,26.788702356217478],[88.185838622384182,26.790961350656204],[88.18538220074727,26.792535992670331],[88.184999930304571,26.794471120647533],[88.184559437877695,26.797097353695253],[88.18408726463376,26.799096424957998],[88.183675496320859,26.800616522192215],[88.182870612288809,26.803033643684724],[88.181928184410438,26.805772393312147],[88.181421824647401,26.807392577810809],[88.180226340033641,26.808856744910081],[88.179072843161222,26.809294518585467],[88.179021990334121,26.809313819022002],[88.177943129835413,26.809848167762595],[88.177848548993239,26.809907245939645],[88.177814420857345,26.810006417438942],[88.177730275169907,26.810250935621507],[88.177786088450162,26.810664520099259],[88.17797991638227,26.811263635034837],[88.178112605276112,26.811575827110715],[88.178288140991171,26.811958576509795],[88.178449190708662,26.81220438142001],[88.178298095624456,26.812482358315027],[88.178233924759141,26.812634244304764],[88.178094262983919,26.81302008171188],[88.178224248694306,26.813189254017843],[88.178398154530427,26.813451114279498],[88.178641498482335,26.813840574598004],[88.178784969312261,26.814058676531339],[88.178781381694009,26.814301363025667],[88.178780346272688,26.814643732693252],[88.178765224268957,26.815258853639858],[88.178822764023437,26.815717433727031],[88.1788742822297,26.816305735063207],[88.178839748022554,26.816392280930764],[88.17874773213191,26.816484326962772],[88.178690526438061,26.816567312428571],[88.178614300717626,26.81666677866863],[88.178535333478038,26.816780584885745],[88.178356073682295,26.816995825633676],[88.178252213573543,26.817161963337419],[88.178152166828909,26.817286514463063],[88.178138163543011,26.817303947336519],[88.178022718884904,26.817382342258782],[88.177979189056785,26.817411901808089],[88.177809206113636,26.817550843639808],[88.177657862055995,26.817687644005289],[88.177527728187329,26.817827077151193],[88.177340847073836,26.818023209640359],[88.177197036465444,26.818191154665438],[88.177063056667791,26.818411747926465],[88.176915658324106,26.81863226789714],[88.176836871208479,26.818734125347952],[88.176738426815987,26.818895475291921],[88.17666238388405,26.818985382175899],[88.176568963650581,26.819154792866723],[88.176519217763484,26.819280063231524],[88.17647441218061,26.819422951943878],[88.176353101414449,26.819682032683264],[88.176262189094402,26.819874528309089],[88.176202224200097,26.82012717609696],[88.17615741315133,26.820267676116128],[88.176094146233538,26.820398368539053],[88.176062746214456,26.820534252077849],[88.175957595873285,26.820781636442732],[88.175867137080019,26.820943066403679],[88.175776959792231,26.821090158436412],[88.175650958634733,26.821308531565542],[88.175471783964454,26.821521469133184],[88.175379295298853,26.821637408652791],[88.175313638688564,26.821751378724027],[88.175255599560202,26.821884544089723],[88.175105715874466,26.822095415753804],[88.175006530774624,26.822302167940464],[88.174915156307819,26.822523429128722],[88.1747867729365,26.822729766143322],[88.174607974772186,26.822951932705472],[88.174503900393006,26.823094409524273],[88.17442262384472,26.823181840525418],[88.174354660828072,26.823267137454025],[88.174200552024473,26.823411015013516],[88.174031186137157,26.82357012103942],[88.174024764553465,26.823576153968865],[88.1738225236668,26.823726628736036],[88.173698664254005,26.823803940416319],[88.173661061812851,26.823827412053323],[88.173472046544205,26.82398521786638],[88.173298928994299,26.824155223438794],[88.173163460591681,26.82429815335399],[88.172899909401181,26.824533913309129],[88.172726802905672,26.824737968233372],[88.172481404642639,26.825099429526073],[88.172391347994463,26.825316505219078],[88.172392479736857,26.825459968083717],[88.172389273957862,26.825683404428538],[88.172388693349632,26.825723895486664],[88.17231414309741,26.825750418735041],[88.172277839653262,26.825763334587414],[88.172169550831455,26.825869553445091],[88.172096977678223,26.826041982550525],[88.172032730803579,26.826313152688378],[88.171952590881759,26.826857115697745],[88.171874490071716,26.827061269681558],[88.171772428365614,26.827409696009386],[88.171697004102342,26.827761347101227],[88.171705921392984,26.828045370037046],[88.171748223393081,26.828323829483839],[88.171802543866676,26.828487291223027],[88.171835856374955,26.82868659127703],[88.171844768498161,26.82896762604344],[88.171833520358305,26.829260362493347],[88.171830269806591,26.829581592566285],[88.171863444767894,26.829688095558819],[88.171938379006818,26.829799604949645],[88.172148994179707,26.829963623810979],[88.172356098150729,26.83013959478571],[88.172484395448421,26.830245787887623],[88.172718690730107,26.830389138574727],[88.172813597882921,26.830497908008521],[88.172968101722134,26.830843567131641],[88.173093916152837,26.831102188656107],[88.173285970981183,26.831394488735913],[88.173559796482195,26.831780456581161],[88.173755630801168,26.832036907213705],[88.173838263520068,26.832284486245147],[88.173801335204814,26.832417600066371],[88.173739529043331,26.832640384576568],[88.173683351385264,26.832962989279224],[88.173648136444442,26.83316521041165],[88.173620642010292,26.833646055559218],[88.173616052086359,26.833935887748932],[88.173576676959087,26.834111716399907],[88.173513993602825,26.834287212348851],[88.173352270278073,26.834616888108219],[88.173210812098731,26.834812405799038],[88.17317870084095,26.834856788842227],[88.173020913183052,26.834929579468032],[88.173018535363653,26.834931363644277],[88.17291888805255,26.835006131863729],[88.172844056181887,26.835085393860449],[88.17280469779918,26.835127081465721],[88.172512252819942,26.835290737557241],[88.172072115234229,26.835533234374299],[88.171816206423671,26.835706346346647],[88.171332129575731,26.835984196452785],[88.170966340712667,26.8361893967651],[88.170774798250733,26.836261139881209],[88.170554208573037,26.836309115437967],[88.17041760057063,26.836313449084805],[88.170067786026806,26.836311982039362],[88.169794380199676,26.836329517753846],[88.169473527962452,26.836397166679312],[88.169219086962116,26.836477676979314],[88.168884268884199,26.836583990908032],[88.168490725088134,26.836821169288008],[88.168039757909696,26.837117340486724],[88.167865704069328,26.837242792211839],[88.16776668226025,26.837314163069646],[88.167659370838834,26.837581690892254],[88.167628683241233,26.837838335937953],[88.167594120978194,26.838133815883754],[88.167592202713948,26.838465461506935],[88.167543290638847,26.838614326919433],[88.167542753631196,26.838859348184481],[88.167538893698222,26.839250156845608],[88.167642231585148,26.839317861869681],[88.167813263058562,26.83945450954614],[88.168039993638558,26.839657526944279],[88.168128709191166,26.839739333245042],[88.1682091942873,26.839916732905877],[88.168354441603327,26.840214346544634],[88.168397838053352,26.840418130143533],[88.168431436347774,26.84061577164902],[88.1684142528471,26.840860633390335],[88.168352776966898,26.841173706053787],[88.168274749287193,26.84144991054178],[88.168307026446868,26.841543693158236],[88.168341723607725,26.841666659342664],[88.168432293208042,26.84183816229114],[88.168560503992296,26.841947345828711],[88.168798148245784,26.842090789638323],[88.169070930205891,26.842118151543342],[88.169322816333121,26.842205005624667],[88.169460831520013,26.842323228009469],[88.169541325562804,26.842503613460167],[88.169587509361889,26.84274622415834],[88.169574391892269,26.842943289245664],[88.169499871750787,26.8432381858253],[88.169471748160404,26.843480400272675],[88.169500193807309,26.843644682921006],[88.169571709734967,26.843759095877925],[88.169812127618997,26.84393249423227],[88.170012414928664,26.844123321391006],[88.170215380570028,26.84434998800187],[88.170452232345013,26.844680291208032],[88.170460565684593,26.844864075548415],[88.170433039093751,26.845138728586171],[88.170324386630668,26.845481007117431],[88.17018344407569,26.845757157953351],[88.170094520015468,26.845866561958974],[88.170038307213815,26.845935720690822],[88.169863786831485,26.845962387292332],[88.169652337688319,26.846061310476049],[88.16951183226908,26.846098413078455],[88.169130549682407,26.846192203919681],[88.168878677725758,26.846317514182481],[88.168376734955359,26.846533244720707],[88.16832814752108,26.846554126637074],[88.168113475698718,26.846779561999121],[88.167946125477187,26.847042240988692],[88.167786529951684,26.84727487785646],[88.167584774353642,26.847593086588795],[88.167449660113732,26.847927174521121],[88.167412081372717,26.848045201510686],[88.167453423139548,26.848166273309793],[88.167506381153515,26.84830472529017],[88.167588130734785,26.848447807557712],[88.167609914295966,26.848592299562394],[88.167588705399737,26.848871852180302],[88.167545724522626,26.849164067878871],[88.167493064869475,26.84961551387504],[88.167516228876181,26.849816185043657],[88.167642185662245,26.850058671414331],[88.167760106759204,26.850193645602189],[88.167845170591264,26.850274417867507],[88.168112644804609,26.850359561922104],[88.168411124193582,26.850460180274514],[88.168687452752891,26.850588525731307],[88.16888693047774,26.850722332312465],[88.169180620548318,26.850973567542358],[88.169546373092516,26.851223556634093],[88.169752035251619,26.851385570398016],[88.169990531537579,26.851362651694124],[88.170367612274021,26.851345827822392],[88.170657501465243,26.851375359654018],[88.170810481579707,26.851418130388588],[88.171009678810876,26.851418537189041],[88.171220869686849,26.85141901896619],[88.171696213099708,26.85141203261016],[88.172076799974832,26.851472836463607],[88.17250269437757,26.851555643949819],[88.172835224539881,26.851628692469109],[88.173069022828216,26.851713416601978],[88.173473709968064,26.851925161449579],[88.173811144017193,26.852142539621337],[88.174116751378449,26.852400384739468],[88.174291978853077,26.852553307637375],[88.174485290941789,26.85277308846608],[88.174623619178178,26.852983698329847],[88.174631602443284,26.853011017091781],[88.174694326396789,26.853225672585797],[88.174698171010448,26.853371885295054],[88.174698528549072,26.853385475709803],[88.174596273150655,26.85350638927498],[88.174393040578607,26.853764365460275],[88.174143039161493,26.854099223609083],[88.17390060103267,26.85441255584961],[88.173762682302069,26.854634775757489],[88.173565542797732,26.854963836343632],[88.173502730950673,26.855145986833634],[88.173436797073492,26.855526176997738],[88.173440789580511,26.855735057252399],[88.173497642180749,26.855933836624878],[88.173649912341617,26.856176795016186],[88.173873496624083,26.856455174629279],[88.174001134091824,26.856736620221582],[88.174024862808835,26.856907018169984],[88.17399019880709,26.857001575747205],[88.174019348938387,26.857107122444862],[88.174004052712164,26.857317907788723],[88.173955357889,26.857517433524148],[88.173868830507431,26.857682128925561],[88.173724994978372,26.857822415671521],[88.173603122656132,26.857943581701289],[88.173533747000022,26.858080465618364],[88.173492526283482,26.858265102264752],[88.173497705843729,26.858394372259561],[88.173538681784677,26.858532655398211],[88.173624793411449,26.858710243948817],[88.173704705805946,26.858816747675537],[88.17386840494369,26.858939292406607],[88.174151960554113,26.859069859721199],[88.174339465174398,26.859203584028272],[88.174367850046281,26.859354168568768],[88.174359518460719,26.859459959442876],[88.174297532383505,26.859502902146403],[88.174322359184686,26.859617155551316],[88.174116041378568,26.859637982783592],[88.173888761157784,26.859744922880466],[88.173584186402891,26.859883185942603],[88.173415303748044,26.85993919286533],[88.17320548990989,26.860003297634098],[88.172988879675543,26.860041483912667],[88.172786502630387,26.860057635300336],[88.172755772691545,26.860060088528961],[88.172572122249747,26.860139588814814],[88.172527467931999,26.860191002096389],[88.17247082460662,26.860215515267846],[88.172402363887286,26.860294305204999],[88.172339304426615,26.860350164166153],[88.172259753438382,26.860420630883237],[88.172250841976179,26.860422869435066],[88.172198551982788,26.860436001769774],[88.172152146478084,26.860489216097083],[88.172106303822773,26.860658706363814],[88.172088514468911,26.860875948342933],[88.172117238411985,26.861188436455375],[88.172172535684041,26.861490494331338],[88.172276194406507,26.86192231125192],[88.172405307929296,26.862257636597271],[88.172597650697099,26.862703518804739],[88.172800685669486,26.863074172092276],[88.172916782666718,26.863321026723447],[88.173090754438036,26.86370856732194],[88.173275350519759,26.864186641429107],[88.173393671011539,26.864448554002525],[88.173602335932884,26.864767651194271],[88.17376946618117,26.86497849722247],[88.173874583622677,26.865162878470294],[88.173880318970987,26.865259782936604],[88.173864945943848,26.865392757988538],[88.173683947336386,26.865529585630412],[88.173584421800115,26.865604823194786],[88.173367125984299,26.865688174597384],[88.173170026610222,26.865705072222784],[88.172893573591509,26.865731740738738],[88.172719922594979,26.865789850883246],[88.17265490149957,26.865826886911183],[88.17255400700536,26.86588435593039],[88.172550887259391,26.866002959375731],[88.172531250075465,26.866185778460729],[88.172505548000728,26.866605189262767],[88.172463230137666,26.867009378429682],[88.172374301460138,26.867322536860694],[88.172343980640747,26.8677290438299],[88.172342544339855,26.868131573974537],[88.172327985351856,26.86844348146219],[88.172277346982781,26.868617280832819],[88.172156295052218,26.868835264993436],[88.171942884469544,26.869129645918566],[88.171778843144907,26.869314849463304],[88.171737255023146,26.869361801954398],[88.17165057233575,26.869403674370041],[88.171510770511759,26.869438525346087],[88.171297514318837,26.86941437896995],[88.170923967307345,26.869355805391841],[88.17056979971008,26.869286811158162],[88.170301368598231,26.869197686467214],[88.170170878216908,26.86916559865006],[88.169972659905909,26.869100642306293],[88.169795391038917,26.869076902143018],[88.169487184214574,26.869135425689972],[88.169103597016274,26.869261896319326],[88.1687543285815,26.869339379256317],[88.16850859551738,26.869396485817369],[88.168332168674112,26.869476109986763],[88.168162381999224,26.869588089355208],[88.167907339943184,26.869755089276328],[88.167859160633341,26.869786636782052],[88.167621318257673,26.869984452088811],[88.167543028507296,26.870049565973783],[88.167231136434381,26.870194152136722],[88.167026281172028,26.870247536665559],[88.16674990277275,26.870265587500459],[88.166515422835602,26.870219582227161],[88.166443904203064,26.870214702640837],[88.16631291059366,26.870205764167753],[88.166353017189564,26.870320882418447],[88.166377844678692,26.870422338918921],[88.166450288915314,26.870548129849833],[88.166617596918485,26.870746165121822],[88.166667708552794,26.870916803512717],[88.16667113551712,26.871160109401504],[88.166615585500423,26.871331669874245],[88.166447835192983,26.871622318398313],[88.166323928943385,26.871733636124521],[88.166287183026725,26.871766648845572],[88.166025205386333,26.871939865960233],[88.165817023886973,26.872051345629306],[88.165670593211757,26.872081183303354],[88.165646264100317,26.872086140770612],[88.165519427632574,26.872202636947573],[88.165307185140279,26.872417306519608],[88.165063018553539,26.872681229930421],[88.164935847885644,26.872829383922099],[88.164874773607636,26.872900535088618],[88.164872610331557,26.87290345796437],[88.164912065920731,26.872911511115582],[88.164991469581537,26.872901835665544],[88.165089837378304,26.872878502161626],[88.165953053176338,26.872673743204775],[88.168352224098939,26.872522916769228],[88.170922560225421,26.872361716063008],[88.173992581216851,26.872336246806046],[88.176430272670302,26.872004522745844],[88.180361120218464,26.871994316432801],[88.183568133291772,26.872075825630525],[88.187011961520867,26.871699381135464],[88.187193009499694,26.874094688709373],[88.187366853904464,26.875799444824498],[88.187451133394319,26.87712127956447],[88.187679484115989,26.879705767004751],[88.187657447204217,26.88079718872115],[88.187694865988533,26.880767624099903],[88.187902555887007,26.880669175055068],[88.188073989059461,26.88063718031708],[88.188142280277177,26.880691673918992],[88.188210582692093,26.88074616506551],[88.188366898363313,26.880952243766913],[88.188412581605732,26.881030778805741],[88.188427538540381,26.881167876762053],[88.188462233738633,26.881440761455078],[88.188536376958709,26.881582777824509],[88.188632450903569,26.881669954415251],[88.188763267523768,26.881740380750088],[88.188786812518913,26.881929590623855],[88.188843781330434,26.882060186084498],[88.188905304786829,26.882261494481465],[88.1889662788045,26.882436386618785],[88.189029718231907,26.882576633343032],[88.189171287088541,26.882680096984846],[88.189370521034618,26.882772399605475],[88.189486445882991,26.882896824530714],[88.18955716522953,26.882999862265411],[88.189557398879188,26.88318100828522],[88.189518702515429,26.883348545627573],[88.18943210030686,26.88350812772045],[88.189416737919586,26.883748067371197],[88.189472918922846,26.88392555544738],[88.189598000489539,26.883930792078928],[88.189720873670012,26.883954643909558],[88.189776411666173,26.883993854657064],[88.189804661843098,26.884075370661211],[88.189805806872698,26.884145453862583],[88.189907354724511,26.884157909096082],[88.190052313816182,26.884196561271981],[88.19016433551846,26.884268155058447],[88.19021302649368,26.884434358710497],[88.190248350618177,26.884716005125977],[88.190253922614531,26.884823252401404],[88.190066643170425,26.885111260799455],[88.190209645337433,26.885215580496645],[88.191547676986573,26.886191650586827],[88.191938441483643,26.88647670161625],[88.192462326268853,26.886727226735594],[88.193491274413446,26.887219268212693],[88.193719308024129,26.887328311542326],[88.194649131778746,26.887348804145436],[88.194914129334592,26.88764591619988],[88.195032998166923,26.887813509250456],[88.194996096648524,26.887923108348776],[88.194864177266226,26.888064223818716],[88.194654102062614,26.888444406126915],[88.194658277139865,26.888605798750202],[88.194794793802657,26.888730244822607]]],[[[88.154989605181015,26.885411900535871],[88.154829389027825,26.885371090337454],[88.154610933068412,26.885368350597098],[88.154450444504548,26.885349145981689],[88.154106013445954,26.885262976573681],[88.153787156157193,26.885239535957098],[88.15346607706303,26.885198885297058],[88.153278449681025,26.885224440523924],[88.153175176028142,26.885227501500594],[88.15306544297988,26.885180902288326],[88.152874133178827,26.88513752031097],[88.152665457166393,26.885119796758868],[88.152580562305957,26.885138747761243],[88.152536403587035,26.885148604948178],[88.152486498976302,26.885203614497367],[88.152373617219951,26.88536150896449],[88.15228589348817,26.885489816108674],[88.152280204082274,26.885498138218178],[88.152219193159169,26.885559787057943],[88.152144623137545,26.885571694238351],[88.151964844710562,26.885556540541142],[88.151822779719453,26.885558637544847],[88.151808782308507,26.885558844297286],[88.151762633101029,26.885592687357761],[88.151547939724878,26.885807429916877],[88.151376069923643,26.886048485381551],[88.151309054961615,26.88618974923661],[88.151305085980312,26.886233436304824],[88.151300438383743,26.886284582076755],[88.151162942680159,26.886319166243123],[88.150789061805554,26.886434998537524],[88.150572105179478,26.886515801937588],[88.150520938969677,26.886534858369011],[88.150408512837728,26.886660478323954],[88.150301241881522,26.886915276850623],[88.150179667853806,26.887165606232223],[88.150073789486427,26.887332188079721],[88.149974929976281,26.887423087086059],[88.149920017150066,26.887473578557859],[88.149847750968945,26.887512242930285],[88.149548709312057,26.887594561124185],[88.149252164814712,26.887674813556522],[88.148839046477406,26.887841688185844],[88.148568605963391,26.887940486019868],[88.148554126269374,26.88794577542777],[88.148478804316696,26.88799856067984],[88.148424707764804,26.888077594301144],[88.148337938824682,26.888257244946512],[88.148253744694244,26.888417708771062],[88.148164843195985,26.888571543168226],[88.148129060859077,26.888609270256694],[88.148072077408742,26.888669348935153],[88.147963441593689,26.888706747586578],[88.147825724733394,26.888684279422314],[88.147664886038555,26.888610388085979],[88.147437947195272,26.88854076572094],[88.147267482361315,26.888542898953215],[88.147130139457374,26.888569117040298],[88.147038049502825,26.888616863167009],[88.146992250403528,26.888640608346169],[88.146838745752873,26.88878284792807],[88.146734111480669,26.888864835474248],[88.146692807809188,26.888897198797196],[88.146479226157865,26.889049535789951],[88.146169367396013,26.889206981652137],[88.145886841602518,26.889311060910284],[88.145801390833356,26.889346957287145],[88.145712141733938,26.889384448499708],[88.145682347260333,26.889475436762606],[88.145654022209541,26.88958263570758],[88.145622938283907,26.889694614914923],[88.145583576513985,26.889820851212615],[88.145565350434367,26.889961673525818],[88.145551987579282,26.89013125662834],[88.145528150378567,26.89028872056311],[88.145480981038119,26.890405225863034],[88.14542535067126,26.890550413620335],[88.14535181482411,26.890652247888781],[88.145238202762243,26.890753580850799],[88.145171921435235,26.890818529211721],[88.145129825505848,26.89085977822598],[88.145011444676342,26.890927661226133],[88.144860619732341,26.891026101824519],[88.144694450367084,26.891078974889087],[88.144539405753363,26.89110095167737],[88.144392789323589,26.891045077453835],[88.144324096931228,26.891062349572682],[88.144089283352983,26.891068897251376],[88.143983367750536,26.891074469230645],[88.143942517846781,26.891076618221263],[88.143902080646342,26.891109571970333],[88.143855282555307,26.891202180345125],[88.143797633650479,26.891304268604184],[88.14376053920715,26.891361620119135],[88.143734750659931,26.891401491311047],[88.143635399249504,26.891448029048259],[88.143514909927802,26.891479980534957],[88.143381654173609,26.891475829941491],[88.143240025716892,26.891490804707281],[88.143080031162881,26.891495968156775],[88.142937938809823,26.891541917176706],[88.142819646489173,26.891602540742142],[88.14270842303857,26.891671911456417],[88.142639219549892,26.89171507425262],[88.142635444797662,26.891718817872007],[88.142560722927342,26.891792925465545],[88.142557648581345,26.891793072981262],[88.142459637315326,26.89179776424384],[88.142451501641219,26.891951691768949],[88.142391190734074,26.892056170617138],[88.142336584714556,26.892139137617619],[88.142267995713382,26.892260171564683],[88.142233772721553,26.892398439781822],[88.142168126409317,26.892500354615784],[88.142092016170182,26.89259740902326],[88.142058632868157,26.892683105445254],[88.142025530338174,26.892751985686342],[88.141935622928656,26.892875158339294],[88.141844968394523,26.893043734986531],[88.141734439116789,26.893286226378351],[88.141613857756241,26.893655194246385],[88.141587264761839,26.893824609662381],[88.141569311964417,26.893946314796914],[88.141473971411045,26.894069402306013],[88.141298920676022,26.894346899013254],[88.14121607054291,26.894527595589491],[88.141057568539196,26.894769413117256],[88.14091479240146,26.894964426203646],[88.140904957161297,26.894977859511936],[88.140856143869243,26.895029846503206],[88.14081990007557,26.895038226985115],[88.140732039312923,26.895058542974844],[88.14071320946428,26.895133143616558],[88.14062937359482,26.895206219827248],[88.140465387651858,26.895331236781512],[88.140370244579003,26.895403769429446],[88.140050749790376,26.895540737243074],[88.139730324290468,26.895739832745431],[88.139673287879774,26.895778135628127],[88.13957662662304,26.895843048701376],[88.13951878889246,26.895959472708643],[88.139429066438154,26.896073086087029],[88.13932563921027,26.896205648899581],[88.139284159836876,26.896293561444885],[88.139188358764684,26.896454882489937],[88.139064029887308,26.896728269512376],[88.13893656442761,26.897027853149048],[88.138816305442873,26.89721521281712],[88.138709929927174,26.897361081216239],[88.138637515752606,26.897454446250947],[88.138622864294703,26.897473336091569],[88.138506944791303,26.897548380958156],[88.138404826442994,26.89759969709711],[88.138241502365503,26.897645391154295],[88.138070268917247,26.897679054425726],[88.137879634204651,26.897762646258634],[88.137739605893231,26.89784997041793],[88.137699192019426,26.897875173488174],[88.137607651503899,26.897949875444244],[88.137569479862918,26.897981024651479],[88.137437387439917,26.898072630305201],[88.137290048261448,26.898113799540916],[88.137105208347535,26.898166410467802],[88.136909523996181,26.898233188756379],[88.136724500859785,26.898300227198749],[88.136533202445221,26.898419660769282],[88.13639605964083,26.898494454137705],[88.13635576148242,26.898523465611962],[88.136255780035015,26.898595444074491],[88.136146309428696,26.898791677141894],[88.136075005645282,26.898899134613799],[88.136055315086693,26.898961010401891],[88.136055824554376,26.899094915867998],[88.136051101161371,26.899226346780555],[88.136083127505913,26.899391736282723],[88.136119358750065,26.899626511275901],[88.136175794734143,26.899938002344385],[88.13622390446514,26.900096388871535],[88.13631648663808,26.900312804203757],[88.136456856637764,26.900541663651197],[88.136518422490752,26.900674564297027],[88.13668849519064,26.900726386502573],[88.136855946341797,26.90076432466206],[88.137089277777889,26.900848594447638],[88.137251297813137,26.900886538417275],[88.137386576953801,26.900933703345601],[88.137515492058995,26.901042914098504],[88.137586703349754,26.901089240044843],[88.137697621390302,26.901160053537346],[88.137845755280139,26.901233673173969],[88.138033772593872,26.901312572802855],[88.138218945089065,26.901408203820054],[88.138533031237515,26.901610654291307],[88.138677664310606,26.901741534564209],[88.138698694802258,26.901841503166871],[88.138740832696342,26.901957525948166],[88.138741440376663,26.902086651819335],[88.138709694538107,26.902241642071271],[88.138678500978202,26.902356011219716],[88.138674529353167,26.902439649617648],[88.138709508945581,26.902590698738756],[88.138733731057755,26.902743967576104],[88.138755097254077,26.902906887789005],[88.138770575904843,26.903107866879758],[88.138758188645511,26.903387457214716],[88.138780210248186,26.903509664401934],[88.138817948441414,26.903653542050684],[88.138830762337022,26.903854523795637],[88.138825754504182,26.903997902277943],[88.138805130659989,26.904119609657574],[88.138736164044047,26.90426931598455],[88.138703849788811,26.904455371876384],[88.138678505911855,26.904708509376306],[88.13865932911601,26.904904291555283],[88.13868154160393,26.905016940250164],[88.138732609288567,26.905163465365042],[88.138786432167961,26.905300429926978],[88.138870762799584,26.90547171462676],[88.138903382547866,26.905490805265824],[88.139019822763785,26.905549665232819],[88.139116947096156,26.905646506716995],[88.139184747461471,26.905738236209991],[88.139259709864831,26.905889788050356],[88.139316480390178,26.906010021938808],[88.139397050329634,26.906140153038137],[88.13952246739386,26.906301935286692],[88.139626562681016,26.9064658570068],[88.139818712183711,26.906626085773624],[88.139951186341222,26.906843002229348],[88.14005206189421,26.907045068768106],[88.140129126338536,26.907227773153071],[88.140148112135904,26.90737387837877],[88.14017986436744,26.907555995029597],[88.140223308493916,26.90770189175111],[88.140218967594464,26.9077859853642],[88.140292291750526,26.907870540472715],[88.140458534272881,26.907980252054312],[88.140757302845074,26.908139519656014],[88.140968674861853,26.90826415672181],[88.141166621341753,26.90839092339677],[88.141262913025599,26.908542814470589],[88.141319313122622,26.908686944124494],[88.141392267697185,26.908795484633657],[88.141486260254126,26.908918612015782],[88.141561417810919,26.909060603981331],[88.141645733334201,26.909288791289335],[88.141721778207469,26.909538402871224],[88.141810875113251,26.909809687313288],[88.14190351662252,26.909996215044366],[88.141910810745031,26.910062025409108],[88.142029651061762,26.910472326265609],[88.142227521117974,26.910941069452381],[88.142387842210539,26.911261067562723],[88.142589781362361,26.911641392072124],[88.142798179358223,26.911957283735752],[88.142951341268486,26.912219847469441],[88.143156108191974,26.912443231289291],[88.143207160387448,26.912569685980664],[88.143318882629572,26.912750504804507],[88.143465360860915,26.912934038870183],[88.143636815643461,26.913223138758564],[88.143888008372045,26.913692458178364],[88.144193693795998,26.914260596458298],[88.144454667445984,26.914624944425956],[88.144663164966886,26.914931183861619],[88.144804500049617,26.915100385482248],[88.144861278844857,26.91521822781117],[88.144875183686409,26.915293335238285],[88.144856842899287,26.915330541024481],[88.144770050396588,26.915422649210704],[88.144634157691328,26.915583562010394],[88.144513695441987,26.915778003990582],[88.144386971353285,26.916032190438536],[88.144139080916716,26.916361341218604],[88.143976672416031,26.916677240847587],[88.143787666335697,26.917162555680413],[88.143739169494765,26.91735670814905],[88.143767473183928,26.917425336830437],[88.143806062793459,26.917516642568614],[88.143958340231208,26.917666806455852],[88.144087564611269,26.917761672579577],[88.144204255533907,26.917968770611829],[88.144305332428402,26.918156587453609],[88.144358235970742,26.918353289651176],[88.14440875035578,26.918528397694779],[88.1445166507458,26.918623015197731],[88.144682351016542,26.918766176609374],[88.144844082697674,26.918992976832712],[88.14495821134912,26.919200076341564],[88.145025011414162,26.919440144278607],[88.14497202491502,26.919506285836725],[88.144935224796498,26.919639687235584],[88.144796716339968,26.919965392083292],[88.144760288535721,26.920074988002749],[88.14472915363865,26.920354236822465],[88.144683908578386,26.920853338466941],[88.144713756991052,26.9209924436637],[88.144769421604039,26.921181973835274],[88.14478168578421,26.921416408761065],[88.144749527562837,26.921762655992278],[88.144732935714075,26.921866997283566],[88.144708826228737,26.92201861273012],[88.144798484448486,26.92202238746329],[88.145861340618396,26.922018717861519],[88.146968994580718,26.922013604109083],[88.147370693939095,26.92183123099214],[88.147367123490667,26.921199506814517],[88.146932417372639,26.920239637158513],[88.146755252043363,26.919848440365556],[88.146550281206871,26.919217630229809],[88.146648843633187,26.918856086419627],[88.148055509683687,26.918308141279404],[88.148427706292736,26.918115203744986],[88.148758274784015,26.917943845761602],[88.148957531606897,26.917581932053803],[88.148956285333554,26.917364288977858],[88.148948741375605,26.916047669165387],[88.149344788111634,26.914872479317733],[88.150045993275938,26.914237452723132],[88.150446634634221,26.913874617781886],[88.150545283164732,26.913513160938528],[88.150036676344513,26.912612916748628],[88.149628773231328,26.911712213241113],[88.149625703731942,26.911170759731029],[88.149823922996774,26.910628300704673],[88.150728024722284,26.910263079688388],[88.152719020495638,26.910313347851361],[88.153749069043286,26.910339354665492],[88.155057994664546,26.910333346581922],[88.156268709910051,26.910778971258452],[88.157783174069309,26.91149400480019],[88.158031267400645,26.911682629728464],[88.159199037968818,26.912570484859543],[88.160516932664436,26.914098594311653],[88.161225883170502,26.914817320410926],[88.161932856047244,26.915175043709702],[88.163142703252504,26.915440151763608],[88.165260841904797,26.916062018945212],[88.166571930350941,26.916416807867598],[88.167682677860228,26.916953071267745],[88.168389057250593,26.917220492310651],[88.169597883919309,26.91730508996595],[88.170907941112375,26.917479385879567],[88.171815730970053,26.917745840216334],[88.172725113484503,26.918283011803471],[88.173236678565218,26.919634431890074],[88.173642571583883,26.920173976158114],[88.174046975796315,26.920442793870485],[88.174550489128436,26.920440411377211],[88.174579321332743,26.920421744189561],[88.175252646333661,26.919985806342705],[88.175564456012381,26.91953326902787],[88.176250937905209,26.918536961606609],[88.176296983039578,26.918439214554144],[88.177145836450748,26.916637232574654],[88.177344564660999,26.91618501041135],[88.177843684747813,26.915460627106636],[88.17927431021414,26.914300753706563],[88.17974753952177,26.913917085095957],[88.181654565944541,26.912915145025003],[88.182758890077949,26.912368216397425],[88.181903195634575,26.909515852055275],[88.180784043500992,26.90718148174032],[88.17754487016164,26.906628971197438],[88.172563855128232,26.906710753127179],[88.168512151033894,26.907063325649482],[88.165975233232047,26.907162960010695],[88.159091145769381,26.906692998045514],[88.159068618433935,26.906630834879024],[88.159067327955739,26.906627333007364],[88.158938601636208,26.906278061784725],[88.159212312731228,26.905703952036731],[88.159530651593386,26.905032915927983],[88.159994696105471,26.90487404114436],[88.160804841070401,26.904668705681789],[88.16125260840947,26.904589889976755],[88.161620293441487,26.904543679627597],[88.161666674368945,26.904584736507573],[88.16266553402528,26.904568518268277],[88.164364175524042,26.903667161942689],[88.164730629624998,26.903076847810734],[88.164400451696835,26.902425564398236],[88.163732838632427,26.901685649773011],[88.162729218137173,26.901085185537998],[88.161978857697193,26.900024815568468],[88.16182361602506,26.899168482180105],[88.161468133956205,26.898354920567016],[88.161068406690703,26.897923037164759],[88.160970685778793,26.89753007344267],[88.161824758504423,26.896546322429376],[88.162484729791927,26.895517975763401],[88.162754807484987,26.895036097528578],[88.162506343202082,26.89384365236609],[88.16185906766249,26.893077825519789],[88.161112051990827,26.891873334752454],[88.160582061418438,26.891161687322828],[88.159794438702178,26.890325140988455],[88.159544407379869,26.890003177538272],[88.159482033219589,26.88888637402539],[88.159469399312329,26.888122998084796],[88.159084131304937,26.887318288427949],[88.158998121594422,26.887138637560362],[88.158597234182935,26.886443648459249],[88.158041216473734,26.885851433122436],[88.157649822540591,26.885263461246417],[88.157519107064346,26.885037169436654],[88.157344066791069,26.884683991104886],[88.157290438862461,26.884889970437833],[88.157227669842186,26.885061354282275],[88.157148852140054,26.885191696020403],[88.157022427130471,26.885301878679059],[88.157000347377817,26.885321121756476],[88.156740637312367,26.885505076569988],[88.156494116920399,26.885605286589175],[88.156327588080785,26.885626685492863],[88.156243459580821,26.885516068913653],[88.156102080642455,26.885348476883127],[88.155972145887844,26.885217719592902],[88.155945442389012,26.885208241807781],[88.155833614159732,26.885168550692558],[88.155696560349625,26.88518195698359],[88.155508564395973,26.885231184778462],[88.155257153304916,26.885337761098313],[88.15509161136336,26.885423658189858],[88.154989605181015,26.885411900535871]]],[[[88.279924071986258,26.763786403969103],[88.27796129589241,26.764530835898135],[88.275194810294067,26.764451939673808],[88.273439129252282,26.764381965004041],[88.272741370260633,26.765841671149431],[88.271912011335232,26.767677198689842],[88.270973218063077,26.769170656379949],[88.270068144056381,26.770376909454981],[88.270726036527378,26.771052097695208],[88.270937889990051,26.772154899932346],[88.270621143726828,26.772923048860459],[88.270925261451126,26.773282416795581],[88.27099143814965,26.773345981860562],[88.272139936944413,26.774449159736168],[88.272949208696204,26.775879842034833],[88.272954265627973,26.775888780987174],[88.272985292764304,26.775883965697272],[88.273556989256875,26.775795256157839],[88.274358947351715,26.775520338840934],[88.274359642781789,26.775520100453868],[88.275701372732073,26.77551275683205],[88.275767535796689,26.7755123949437],[88.276868857930026,26.774784331544822],[88.277321014315092,26.774549118981479],[88.278271771511228,26.774054533313656],[88.278973931835466,26.773779897890176],[88.279151454051473,26.773607852038499],[88.280472408972003,26.772327644694169],[88.280576834198357,26.772249014315371],[88.283974112710581,26.769690879557636],[88.286076469618038,26.768325357628978],[88.28817887934764,26.766959895359747],[88.290283086704207,26.765865030615952],[88.292084955488804,26.764681716249083],[88.29243051599974,26.764524182629874],[88.292485859125378,26.764498954196156],[88.292519590744263,26.76457330698787],[88.292690077430834,26.764949099058907],[88.292777409380463,26.765065067799355],[88.293096140466119,26.765488309690021],[88.293505208093521,26.766478866693973],[88.294525213904521,26.768549040440856],[88.295441583737357,26.770168505937757],[88.296354767376272,26.771336708815145],[88.296399702836169,26.771367329915034],[88.297668368219604,26.772231857792512],[88.29847540426033,26.772588362844662],[88.298475608450758,26.772617865997965],[88.298476302341797,26.772718124421061],[88.298476440006738,26.772738134167678],[88.298476756865625,26.772737819006373],[88.298516015786092,26.772698820790261],[88.298542772751617,26.772672242152236],[88.298708521143354,26.772507596958064],[88.299352583008087,26.772099968169339],[88.302949462796633,26.770017695624283],[88.303653829312523,26.769503127796515],[88.306240814895801,26.767613161728175],[88.308571706384427,26.766610023077291],[88.309033236180269,26.766411389805977],[88.309638374175947,26.766150946340403],[88.311695540548413,26.765548457390235],[88.31172317516257,26.765540364085485],[88.312181687552211,26.764746214430925],[88.312565341610025,26.764081485565331],[88.31260075094815,26.764020135394563],[88.311540047402673,26.764043497154621],[88.310116213003568,26.763095240358158],[88.308972857274085,26.762487422225419],[88.3074812211687,26.762884288106534],[88.307478990726381,26.762884880598694],[88.306228902439599,26.76173637507415],[88.305809922538771,26.76115344890847],[88.3064531296301,26.759360076883503],[88.307163860986222,26.758635837749488],[88.308302915488355,26.757555569597308],[88.311619718667487,26.754342724910764],[88.313953825288436,26.751392401842409],[88.313968783495952,26.751373493666851],[88.313144628259863,26.750970379838453],[88.309815854890545,26.750495634949136],[88.307084771088157,26.749965650729877],[88.30426010035454,26.749603483860589],[88.30200618542014,26.74947073421594],[88.300976613001524,26.750450643994206],[88.298925054330624,26.750428832835297],[88.295732266848304,26.750412913787837],[88.294399923888435,26.750130120214365],[88.294386629387091,26.750127298161118],[88.293979596525276,26.749702205864125],[88.29160499139941,26.749657559598102],[88.291628430665497,26.750305923238841],[88.291372380501173,26.753896702349884],[88.290977166744426,26.759411611085817],[88.290932913517011,26.7639483471693],[88.288315775678996,26.762843722086274],[88.284942550419899,26.761123003522446],[88.28446801217423,26.761849508592469],[88.282238626503514,26.7625783590486],[88.279924071986258,26.763786403969103]]]]}},
{"type":"Feature","properties":{"OBJECTID":40505,"STATE_UT":"WEST BENGAL","SHAPE_Leng":16986.537643600001,"SHAPE_Area":10522463.6579,"District":"Darjiling","Dist_LGD":"327","Sub_dist":"Mirik Municipality","Subdis_Typ":"Municipality"},"geometry":{"type":"MultiPolygon","coordinates":[[[[88.185915084758491,26.906446742247738],[88.186451104457731,26.904262081722052],[88.186162444110082,26.903619036250404],[88.186313734551689,26.901234487320608],[88.184712473673201,26.901207304729414],[88.183984881289604,26.900473144590109],[88.18394893358483,26.89992276507099],[88.18384641644343,26.899264610840273],[88.183801160647562,26.898585092559706],[88.183887925962807,26.898570036810387],[88.18415038495958,26.898452986769879],[88.184351659357475,26.898335086900982],[88.184547464350103,26.89817440068034],[88.184640683747929,26.898064848078182],[88.184685015475907,26.897941244383112],[88.184721783776382,26.897838706035436],[88.18480731334985,26.89772970249339],[88.184933948285931,26.897687387937836],[88.185124249013612,26.897702837344788],[88.185274400795933,26.897684426646247],[88.185505298713622,26.897718510632721],[88.185609797111837,26.897792960778752],[88.185679133990305,26.897912444682916],[88.185572545464979,26.898017633517647],[88.185506356839198,26.898129472296169],[88.185515022055753,26.89825100225729],[88.18556733244337,26.898383245902934],[88.18569278291244,26.898468297501047],[88.185949354848418,26.898601046218911],[88.186121309172918,26.898516153324728],[88.186342742181083,26.898457460249013],[88.186519923161882,26.898668132996033],[88.186643952647259,26.898697756855878],[88.186772718644534,26.898706801438596],[88.186789119051454,26.898563883455878],[88.186774053665573,26.898385167820948],[88.186720437499773,26.898193735534338],[88.186639349479876,26.898074630141554],[88.186517894186082,26.897967724746827],[88.186349937369712,26.897848608367362],[88.18628759131758,26.89771284595918],[88.186302015809346,26.89754403955363],[88.186606021138189,26.897465920008454],[88.186851921696274,26.897489544718788],[88.187279893527588,26.89749792113318],[88.187729241262872,26.897495977058533],[88.187841018261452,26.897447246423948],[88.187935720938569,26.897313106222203],[88.187971304112992,26.897262712859394],[88.188281765239296,26.897348230224374],[88.188432088939479,26.897406149188733],[88.188576321107121,26.897379518403451],[88.188827708524371,26.897472224127362],[88.188970470073656,26.897570847892432],[88.189289501004325,26.897395074665464],[88.189907545777444,26.897654798003895],[88.190150448507438,26.897710885825031],[88.190708136247451,26.897827127087542],[88.191205953442164,26.89799271674994],[88.191624050125426,26.898162103372329],[88.19206649157988,26.89833888586913],[88.192499930915673,26.898495916210607],[88.192623719183757,26.898575376216328],[88.192755235785143,26.898719007578936],[88.192985202326142,26.899082746444588],[88.193279463307334,26.899158214049319],[88.193439658857073,26.899154743560647],[88.193517662527753,26.899071206838489],[88.193535196563232,26.898961710788264],[88.193519609574693,26.898800590557617],[88.193467035230171,26.898607904085598],[88.193301519403732,26.898329412110662],[88.193058867741058,26.897904839840457],[88.192787149744632,26.897448886715118],[88.192715486740525,26.897328619972754],[88.192633702033831,26.896826212696986],[88.192554606428843,26.896540888585346],[88.192073320865873,26.895912762766837],[88.19192613412045,26.895568857922481],[88.19157271101507,26.89482216561974],[88.191394125988126,26.894450554457531],[88.19152049135495,26.894232455652268],[88.191866763219736,26.894096023855884],[88.192140242407163,26.893987803746406],[88.192263539801203,26.893917438923832],[88.192749091253418,26.893924521119253],[88.193090991489925,26.893937356191937],[88.193599442325791,26.894030426915819],[88.193784606066302,26.89407830767793],[88.194168401987895,26.89427500486023],[88.194440093459065,26.894358954021591],[88.194662422180031,26.894356547552796],[88.195055217172467,26.894308668192728],[88.195367187310552,26.894296699287672],[88.195487026332714,26.894258587800454],[88.195691817806718,26.894144966237182],[88.1959650643782,26.893901845051186],[88.196044401379794,26.893769293117654],[88.196169561313155,26.893499293625737],[88.19620669466444,26.8932879216676],[88.196186400243448,26.893097041008946],[88.196100301128126,26.892874280776212],[88.196000295920769,26.89270936889293],[88.19581706010807,26.892480733151622],[88.19567712272152,26.892361427188991],[88.195577669391184,26.892306449044973],[88.195479327747535,26.89223117436071],[88.195432407001206,26.892122601564981],[88.195463806538086,26.891969986406966],[88.195550060721331,26.891700931755693],[88.195605138646641,26.891569588365442],[88.195708815036326,26.89131483737993],[88.1959130754271,26.891125140560899],[88.196083604908637,26.890958301449739],[88.196257276850332,26.890740810943186],[88.196365107861183,26.890557691187873],[88.196396521303484,26.890420459682442],[88.196402041344285,26.890396336259329],[88.196441576658884,26.890220129955022],[88.196187563809346,26.889633382714283],[88.195504224980283,26.889181791530962],[88.194794793802657,26.888730244822607],[88.194658277139865,26.888605798750202],[88.194654102062614,26.888444406126915],[88.194864177266226,26.888064223818716],[88.194996096648524,26.887923108348776],[88.195032998166923,26.887813509250456],[88.194914129334592,26.88764591619988],[88.194649131778746,26.887348804145436],[88.193719308024129,26.887328311542326],[88.193491274413446,26.887219268212693],[88.192462326268853,26.886727226735594],[88.191938441483643,26.88647670161625],[88.191547676986573,26.886191650586827],[88.190209645337433,26.885215580496645],[88.190066643170425,26.885111260799455],[88.190253922614531,26.884823252401404],[88.190248350618177,26.884716005125977],[88.19021302649368,26.884434358710497],[88.19016433551846,26.884268155058447],[88.190052313816182,26.884196561271981],[88.189907354724511,26.884157909096082],[88.189805806872698,26.884145453862583],[88.189804661843098,26.884075370661211],[88.189776411666173,26.883993854657064],[88.189720873670012,26.883954643909558],[88.189598000489539,26.883930792078928],[88.189472918922846,26.88392555544738],[88.189416737919586,26.883748067371197],[88.18943210030686,26.88350812772045],[88.189518702515429,26.883348545627573],[88.189557398879188,26.88318100828522],[88.18955716522953,26.882999862265411],[88.189486445882991,26.882896824530714],[88.189370521034618,26.882772399605475],[88.189171287088541,26.882680096984846],[88.189029718231907,26.882576633343032],[88.1889662788045,26.882436386618785],[88.188905304786829,26.882261494481465],[88.188843781330434,26.882060186084498],[88.188786812518913,26.881929590623855],[88.188763267523768,26.881740380750088],[88.188632450903569,26.881669954415251],[88.188536376958709,26.881582777824509],[88.188462233738633,26.881440761455078],[88.188427538540381,26.881167876762053],[88.188412581605732,26.881030778805741],[88.188366898363313,26.880952243766913],[88.188210582692093,26.88074616506551],[88.188142280277177,26.880691673918992],[88.188073989059461,26.88063718031708],[88.187902555887007,26.880669175055068],[88.187694865988533,26.880767624099903],[88.187657447204217,26.88079718872115],[88.187679484115989,26.879705767004751],[88.187451133394319,26.87712127956447],[88.187366853904464,26.875799444824498],[88.187193009499694,26.874094688709373],[88.187011961520867,26.871699381135464],[88.183568133291772,26.872075825630525],[88.180361120218464,26.871994316432801],[88.176430272670302,26.872004522745844],[88.173992581216851,26.872336246806046],[88.170922560225421,26.872361716063008],[88.168352224098939,26.872522916769228],[88.165953053176338,26.872673743204775],[88.165089837378304,26.872878502161626],[88.164991469581537,26.872901835665544],[88.164912065920731,26.872911511115582],[88.164872610331557,26.87290345796437],[88.16457800483667,26.873301498673445],[88.16442067715542,26.873542824486901],[88.16436584730711,26.873697088180172],[88.164260108464489,26.873829247903743],[88.164257157452823,26.87401643976391],[88.164256057291126,26.87439315000174],[88.164258560233137,26.874696701948107],[88.164224877944491,26.875004146385518],[88.164201998393537,26.875240667649155],[88.164207724891057,26.875488274384153],[88.164242519286717,26.875869787090796],[88.164255906900294,26.876089504305614],[88.164274138682302,26.87630272360704],[88.164208852364652,26.876489303281232],[88.1641249664398,26.876632473832515],[88.163929514850238,26.876851695674933],[88.163683118185773,26.877102619741155],[88.163637898155727,26.877229074149092],[88.163599507458045,26.877379277314006],[88.163585852446928,26.877637484638136],[88.163577275843366,26.877880623876678],[88.163583465360432,26.878100259269146],[88.163528275162108,26.878248060805891],[88.163445405275993,26.878328833510608],[88.163440453033914,26.87833269331022],[88.163353026005993,26.87840083009289],[88.163250274653763,26.878455824708695],[88.163227150111069,26.878468201534865],[88.16312748420134,26.878548722444506],[88.163050610367179,26.878704884503293],[88.162918278483318,26.878879752329198],[88.162740419779425,26.879067419734678],[88.162732786645748,26.879075474180052],[88.16259195942537,26.879177016657447],[88.162512512136402,26.879233503059119],[88.162446234166779,26.87928062587843],[88.162310115998508,26.879390859578969],[88.162156180562732,26.879561086777915],[88.162090899439832,26.879657922585835],[88.162079490809205,26.879706579270643],[88.16207644811351,26.879749524644659],[88.16207903017559,26.879889555571754],[88.162102103257226,26.880102898041606],[88.162151661675793,26.88031020561052],[88.162135414010663,26.880424077731682],[88.162064352682137,26.880515774825849],[88.16195656536641,26.880656458035755],[88.161783712824956,26.880811464914544],[88.161684925197335,26.880908863304569],[88.161627089277673,26.880965885423432],[88.161385950941479,26.881069087697387],[88.16116363109947,26.881163092820639],[88.161089202213788,26.881211416823962],[88.161020488026409,26.881256030202891],[88.16092151242016,26.88134948754152],[88.160874304113165,26.881394063593678],[88.160704772687353,26.881490973136778],[88.160559418546185,26.88157521474167],[88.160395324426261,26.881624872796607],[88.160229961390286,26.881626830840968],[88.160169774803947,26.881619816586849],[88.160003841082911,26.881639263435819],[88.159958965250397,26.881664700535971],[88.159892451891324,26.88170240340644],[88.159821567533172,26.881779037658426],[88.159692916444953,26.882024989872907],[88.159630619614362,26.882170555482922],[88.159580688362269,26.882292620133143],[88.159468369038706,26.882411792002095],[88.159443102000694,26.882432770277244],[88.159366202504103,26.882496616681184],[88.159182360215681,26.882584662509256],[88.159054631123155,26.88261536418976],[88.159008311088044,26.882633782177088],[88.158933922552748,26.882663361799217],[88.158877159064318,26.882759525522619],[88.158793910116202,26.882861811856444],[88.158708631311939,26.882940341970126],[88.158693317710373,26.88295308083514],[88.158604066742029,26.883027320165944],[88.158505505749446,26.883038985923889],[88.158286871014312,26.883049070988172],[88.158010090459271,26.883090772715946],[88.157845441961797,26.883179157081084],[88.157633920077728,26.883200171589355],[88.157536311956036,26.883209726443997],[88.157505280314552,26.883212763822421],[88.157435773102407,26.88328374696453],[88.157369318264045,26.88338619451136],[88.157225249383202,26.88354152445498],[88.157218319408855,26.883674930302615],[88.157235105885476,26.883825793920831],[88.15728428701965,26.884056772275276],[88.157327375183201,26.884371667665704],[88.157344066791069,26.884683991104886],[88.157519107064346,26.885037169436654],[88.157649822540591,26.885263461246417],[88.158041216473734,26.885851433122436],[88.158597234182935,26.886443648459249],[88.158998121594422,26.887138637560362],[88.159084131304937,26.887318288427949],[88.159469399312329,26.888122998084796],[88.159482033219589,26.88888637402539],[88.159544407379869,26.890003177538272],[88.159794438702178,26.890325140988455],[88.160582061418438,26.891161687322828],[88.161112051990827,26.891873334752454],[88.16185906766249,26.893077825519789],[88.162506343202082,26.89384365236609],[88.162754807484987,26.895036097528578],[88.162484729791927,26.895517975763401],[88.161824758504423,26.896546322429376],[88.160970685778793,26.89753007344267],[88.161068406690703,26.897923037164759],[88.161468133956205,26.898354920567016],[88.16182361602506,26.899168482180105],[88.161978857697193,26.900024815568468],[88.162729218137173,26.901085185537998],[88.163732838632427,26.901685649773011],[88.164400451696835,26.902425564398236],[88.164730629624998,26.903076847810734],[88.164364175524042,26.903667161942689],[88.16266553402528,26.904568518268277],[88.161666674368945,26.904584736507573],[88.161620293441487,26.904543679627597],[88.16125260840947,26.904589889976755],[88.160804841070401,26.904668705681789],[88.159994696105471,26.90487404114436],[88.159530651593386,26.905032915927983],[88.159212312731228,26.905703952036731],[88.158938601636208,26.906278061784725],[88.159067327955739,26.906627333007364],[88.159068618433935,26.906630834879024],[88.159091145769381,26.906692998045514],[88.165975233232047,26.907162960010695],[88.168512151033894,26.907063325649482],[88.172563855128232,26.906710753127179],[88.17754487016164,26.906628971197438],[88.180784043500992,26.90718148174032],[88.181903195634575,26.909515852055275],[88.182758890077949,26.912368216397425],[88.183122779518186,26.912237411291766],[88.18548175617174,26.911389445727263],[88.185382433773682,26.910883747615781],[88.185915084758491,26.906446742247738]]]]}},
{"type":"Feature","properties":{"OBJECTID":40509,"STATE_UT":"WEST BENGAL","SHAPE_Leng":126121.09649900001,"SHAPE_Area":157513383.171,"District":"Darjiling","Dist_LGD":"327","Sub_dist":"Darjeeling - Pulbazar","Subdis_Typ":"CD_Block"},"geometry":{"type":"MultiPolygon","coordinates":[[[[88.160207548030328,27.112516733930626],[88.16055548116924,27.112516657727436],[88.160968969721907,27.112593313565803],[88.161270876892928,27.11275267389971],[88.161276613846169,27.112755701323195],[88.161316006718025,27.112787237056398],[88.161321396009058,27.112791551076604],[88.161335372225167,27.112802739934857],[88.16134578296294,27.112811073145135],[88.161409100741537,27.112861762730319],[88.161428469525887,27.112877268188971],[88.161443946321086,27.112889657850431],[88.161490020868769,27.112926542421249],[88.161536164926702,27.112963483208897],[88.161637459878918,27.113044574037545],[88.161706914720682,27.113100174825291],[88.16171045195496,27.113103007073907],[88.161794177223655,27.113167968759566],[88.161884766958096,27.113238257809805],[88.161906293550899,27.113254960289058],[88.161914344977845,27.11326120651368],[88.161917551265759,27.113263694145349],[88.161938001228748,27.11327956229453],[88.161938354322899,27.113279835793385],[88.161946091650464,27.113285838714123],[88.16195953970842,27.113296273355399],[88.16196259979435,27.113298647977832],[88.161979502137697,27.113311761746171],[88.161998733433748,27.113326683258212],[88.162015772344574,27.113339904086917],[88.162028745886531,27.11334996934082],[88.162048587078246,27.113365364592251],[88.162067938619927,27.113380379277856],[88.162076253360894,27.113386830926459],[88.16209568717214,27.113401908541185],[88.162096285124179,27.113402372779987],[88.162096773694458,27.113402752478695],[88.162097289324123,27.113403152866994],[88.162097418172081,27.113403252046581],[88.162101546285314,27.113406454993239],[88.162103134276137,27.113407687165736],[88.162105388439741,27.113409436191777],[88.162107382678542,27.113410984212528],[88.162109010686422,27.113412246528426],[88.162110713542489,27.113413568479821],[88.162111861717648,27.113414458928769],[88.162114220983796,27.113416289954976],[88.162114931512662,27.113416840408952],[88.162117480313739,27.113418818096992],[88.162117692687829,27.113418983826239],[88.162117893070175,27.113419139130912],[88.162120788457742,27.113421385131598],[88.162122535670036,27.113422740683411],[88.162124272094331,27.113424088509849],[88.162125090979842,27.11342472355696],[88.162125556770462,27.113425085105682],[88.16212560540599,27.113425121245864],[88.16212708824996,27.113426254849756],[88.162127275125144,27.11342640809368],[88.162127803890968,27.113426820688233],[88.162127889527156,27.113426888048959],[88.162127970764857,27.113426951035112],[88.16212837936078,27.113427271364344],[88.162128832312689,27.113427625294154],[88.162128986169463,27.1134277452697],[88.162129029500207,27.113427778923477],[88.16222573278948,27.113543089888172],[88.162371199993316,27.113716547118724],[88.1625830759736,27.113924047177484],[88.163032020467568,27.114433806623399],[88.16342555517511,27.114979772103677],[88.16355669885975,27.115223417162817],[88.164020873349614,27.115809868821675],[88.164268096887454,27.116283652189789],[88.164374118606915,27.116594938988673],[88.164389447299371,27.117091315739241],[88.164389597430983,27.117583215380598],[88.1644149407486,27.117984812288594],[88.164510895916521,27.118395393135327],[88.164692503601941,27.118620923743077],[88.164818575105784,27.118724685940734],[88.165212005138343,27.118995312885875],[88.165741654645558,27.119238899410107],[88.166180505715985,27.119550128955915],[88.166387330083566,27.119726069744324],[88.166710254941009,27.120240383043065],[88.166866701697245,27.12071410218104],[88.166982982813423,27.121332320926431],[88.167109166153452,27.121806020050062],[88.167159736287857,27.122090321536653],[88.167285975649278,27.122433214287817],[88.167548243439057,27.122740039715364],[88.167840790372878,27.122902356201173],[88.168420834013489,27.122983381457615],[88.168809128189423,27.122951713897173],[88.169313412350874,27.122829708621591],[88.16955808438756,27.122723517238427],[88.169802429719454,27.122617465767632],[88.170382417246927,27.122508999882502],[88.170604279600511,27.122626222352643],[88.170791005438232,27.122914983690048],[88.170871888779004,27.12328045769582],[88.170988030752426,27.123718126677414],[88.171084082440416,27.124173838351009],[88.171346522299018,27.124670137870364],[88.171543316823659,27.125189011652427],[88.171619147593049,27.125572583071239],[88.171634315367271,27.125662820045342],[88.171816105704821,27.12628093844722],[88.172033205664732,27.126908149880432],[88.172320913481485,27.127359280892545],[88.172563100108064,27.127566783276528],[88.172941372007259,27.127665903103587],[88.173849162600092,27.127787408214424],[88.174419194772824,27.128008324059266],[88.174736992288828,27.128306094527307],[88.174949007135353,27.128599334408847],[88.175100495828801,27.129018919237222],[88.175160571114674,27.129099003310603],[88.175388118296453,27.129402339311131],[88.175630297311926,27.129636916765346],[88.175867376061959,27.129808346616457],[88.176175072549029,27.129921048192493],[88.176548320338071,27.129866736729351],[88.177047575659344,27.12982138819968],[88.177192111452541,27.129779902713441],[88.177440891845464,27.12970849769621],[88.177920005891778,27.12960906064416],[88.17862607224987,27.129667410644284],[88.179185969439686,27.129834138316841],[88.179720706901492,27.130131790213895],[88.180003439080394,27.130758887730686],[88.180024780217963,27.130993355669037],[88.180064229463184,27.131426759000931],[88.180084641662404,27.131823788182242],[88.180306683177136,27.132166673774158],[88.180574154789468,27.132396698056446],[88.181007907261247,27.132473211748039],[88.181587565739136,27.132453089897737],[88.181663498436393,27.132450454046129],[88.182288955349222,27.132450154288055],[88.182581429803463,27.132409414785563],[88.183226988810588,27.132373102462349],[88.183670704140525,27.132102153681736],[88.184094159614503,27.13171844500965],[88.184341100965341,27.131406995628595],[88.184441832126041,27.131190303560647],[88.184688770677255,27.13087885534085],[88.18495609897478,27.130788492759621],[88.185359542526172,27.130765769237584],[88.18574792092771,27.130950618941132],[88.185995376611615,27.13141532965205],[88.186172134153338,27.131997360564025],[88.1863841079157,27.132254471965414],[88.186442738274735,27.132295828832945],[88.186575826191785,27.132389706420259],[88.18692394238758,27.132515943646709],[88.187312378488258,27.132619541786447],[88.187756159372228,27.132641967533274],[88.188422004477914,27.132758924180909],[88.188845741060348,27.132889662336694],[88.189244258749454,27.133096984438186],[88.189577196967221,27.133218739554508],[88.189829406928808,27.133272752855031],[88.190333610104844,27.133064913876606],[88.19103450701742,27.132690114946815],[88.191089241835044,27.132667573747398],[88.191407608880183,27.132536465051274],[88.192027950764441,27.132482091330637],[88.192280224687039,27.132599289015111],[88.192895668517153,27.132996045680887],[88.193314575218764,27.133383908641655],[88.193327856529805,27.133400781325051],[88.193698116378016,27.133871100013437],[88.194137327003361,27.134498099784071],[88.194344265481845,27.134687537114381],[88.194626792199273,27.134849881360008],[88.194904199111065,27.134872255151436],[88.195383136418002,27.134641863669241],[88.195638532175465,27.134333579313509],[88.195846862632891,27.134082106284037],[88.196270267621244,27.133630656951603],[88.196587387736045,27.133451534212963],[88.196734029963579,27.133368705271049],[88.197162681505816,27.133192539696264],[88.197561078539735,27.133178761453909],[88.197939413811312,27.133232766438987],[88.198418510259785,27.133255036823396],[88.198801850928049,27.133286429238286],[88.199113387125124,27.133279652612206],[88.199225521439075,27.133277213777486],[88.19926128679144,27.133258159664532],[88.199412029241486,27.133177854926501],[88.199754745301462,27.132834689194873],[88.199931095156032,27.132568413360879],[88.20040990246612,27.132053737786435],[88.201034997262596,27.131548011004561],[88.201438379761342,27.131434968700599],[88.201892349959607,27.1314482352395],[88.202366500658442,27.131669135140623],[88.202724790995106,27.131962251078377],[88.203305053634679,27.132358990894392],[88.203729123438933,27.132886699583246],[88.204097493320262,27.133215924588736],[88.204309404682775,27.133369196300823],[88.204642821938279,27.133395570824444],[88.204763424167524,27.133405111353234],[88.205308123942075,27.133495041368146],[88.205716669892553,27.133458673626333],[88.206563749262997,27.133115221944706],[88.206951831436598,27.132808209790912],[88.20769789314177,27.132257271183597],[88.208176699061255,27.131774165298495],[88.208352102930775,27.131645328844247],[88.208736185885996,27.131363213601087],[88.208993317646957,27.131236695175044],[88.209351953238354,27.131165124179677],[88.209401772912344,27.131155182450925],[88.209714489874955,27.131168557216661],[88.210178523088203,27.131244989719789],[88.210511415677416,27.131267396613975],[88.21080888943429,27.131176907069037],[88.210985328984506,27.13098725698682],[88.211126147111642,27.130563026414197],[88.211317277592599,27.130098674698388],[88.211317478403402,27.130098188275561],[88.211493875178604,27.129885969646974],[88.211831727991608,27.129854166812407],[88.212164654212899,27.12990807518009],[88.21244721710643,27.130138086540505],[88.2125886747462,27.130381684199286],[88.21289234864777,27.130965955645198],[88.212982572828963,27.131139548114845],[88.213224965969417,27.131545484686821],[88.213492486666226,27.131811553299634],[88.21375485653347,27.131964823984383],[88.214481074166244,27.131896618129772],[88.214950061458197,27.131824133959014],[88.215701435603833,27.131656763806102],[88.216175366642815,27.131435284105507],[88.216628958093679,27.131096624985094],[88.217369802094652,27.130432749573298],[88.217702344556926,27.13000387171337],[88.217878446053589,27.129439676811113],[88.2182160769338,27.12916421630517],[88.218654643613775,27.128902232346555],[88.218967323492123,27.128856908756575],[88.219446085084641,27.128468553263261],[88.219576803386943,27.127972093613561],[88.219571389517753,27.127556887776404],[88.21954599171697,27.127326823920594],[88.219503549096231,27.127186943884738],[88.219429640628135,27.126943365445847],[88.219343587208101,27.126469551350635],[88.219322886249998,27.125919069879597],[88.219322726356481,27.125643830897463],[88.219408188780633,27.125309802785125],[88.219599641441775,27.125111165697977],[88.2201794182116,27.124894170038434],[88.220603023761171,27.1248171876702],[88.22096096376805,27.124695097332861],[88.221681805875392,27.124387770121277],[88.222241219529096,27.123931631277244],[88.222951808892262,27.123303920118325],[88.223334781949106,27.122942655374203],[88.224110950088786,27.122436685672803],[88.224625051460947,27.122138547710975],[88.225209739863018,27.12176360290189],[88.225734009218741,27.121519535957201],[88.226016224734551,27.121374984174079],[88.22626324580871,27.121176213911443],[88.226631012989486,27.120837551046776],[88.226968581451004,27.12043117532664],[88.227568167579506,27.119925376384963],[88.228072128820941,27.119550492885768],[88.228515768045568,27.119333571089502],[88.228944165973374,27.119143682388831],[88.229428228005446,27.119044118026295],[88.230023250739251,27.118980502321634],[88.2305555577083,27.118993487418813],[88.23073931322935,27.118997970114265],[88.232272412034078,27.119078048584818],[88.232680892489114,27.119050632758537],[88.233442190435312,27.118887687521077],[88.234032298980694,27.118909765701119],[88.234516516144225,27.119008691824618],[88.235086394053113,27.119053331437378],[88.235641102387561,27.119030306573766],[88.23605965601817,27.119075100325013],[88.236538839514196,27.119137954258125],[88.23766333459487,27.119105481462444],[88.238218129061238,27.119172718085725],[88.238737696395532,27.119357347378802],[88.239181524358969,27.119397574903211],[88.239534740295127,27.119564259104703],[88.23982729337213,27.119618186576808],[88.240210408119694,27.119541143259465],[88.240214684768105,27.119539646923339],[88.240805345123846,27.119333045950818],[88.241223904142018,27.119359770054107],[88.241773697255738,27.119503767617065],[88.242777593592322,27.119823297451397],[88.243211602572586,27.120161405925113],[88.243867925332211,27.120815120872596],[88.244160800562327,27.121180384883147],[88.244519204309213,27.121532068333998],[88.244847160009243,27.121730376740942],[88.245205438148659,27.121869920939442],[88.245382027968489,27.121946440442901],[88.245714750117486,27.121928143017907],[88.246178816658585,27.121972862657916],[88.246415939721814,27.122049385213941],[88.246804522759831,27.122346902034611],[88.247052109944903,27.122766363266937],[88.247208948167909,27.123217411554389],[88.247604626649178,27.123862860615823],[88.248002929643803,27.123935421410422],[88.248582404980439,27.124351116775596],[88.250021372131343,27.124378306255927],[88.250693263696149,27.124431264982988],[88.250846653542609,27.124443354829957],[88.252944802268971,27.124278319776792],[88.254765240333015,27.124361093159855],[88.256046125579502,27.124497597177953],[88.257024094296739,27.124800734845596],[88.257553460640196,27.124936547718431],[88.259056014103805,27.125262685196859],[88.261197908628802,27.126740075073702],[88.26185791312345,27.127304660655202],[88.262775296604318,27.12784237509376],[88.263471252370493,27.127888021233314],[88.2637890063816,27.127802562731613],[88.264318776644274,27.127640541247075],[88.265216409086506,27.127623247596752],[88.265660235628289,27.127677744242852],[88.266008025755355,27.127876546335354],[88.266229698726619,27.12803920174893],[88.267343383466567,27.12898314103786],[88.267943272385637,27.129294938656439],[88.268386820956877,27.129511916861969],[88.268916359907521,27.129525817764225],[88.269067698730623,27.129507931154187],[88.269309885227273,27.129440385195103],[88.269410770482651,27.129377275717491],[88.270404810279928,27.128890751273701],[88.27172667322381,27.128282543180152],[88.272366707812637,27.128168471744988],[88.272483342510228,27.128147684212919],[88.273143766916633,27.128396352150748],[88.273287695598142,27.128576449838999],[88.273410778121843,27.128730462100677],[88.273501449867481,27.128861435054759],[88.273571329440827,27.129605989971726],[88.273797555085054,27.13041845424652],[88.274205735686778,27.130833880058315],[88.274775508540984,27.130978648353128],[88.275007469352616,27.131005880292502],[88.275572368616665,27.13096120995867],[88.276248327676171,27.130772178079336],[88.276898978177456,27.130682399617672],[88.277171311854687,27.130799893007762],[88.277569564097064,27.130926531289994],[88.278270129048593,27.1314820022438],[88.278673409425835,27.131757537743681],[88.279006133370146,27.131870595706285],[88.279495777618877,27.131383636093773],[88.280560969419923,27.13019309013184],[88.282059779502461,27.129029900868581],[88.283114535448476,27.128290514536438],[88.283826228942345,27.127469765995681],[88.284453782372822,27.127190688598496],[88.28507244445079,27.126915566857633],[88.286091365083848,27.126645445023225],[88.286928506991345,27.126668558423923],[88.287503321668225,27.126831373404894],[88.28825449623659,27.127179248216777],[88.288586890217985,27.12735582228078],[88.289096404644496,27.127626485802644],[88.289691321405314,27.127843451020432],[88.290288027275793,27.127848059679454],[88.29033182980298,27.127848397701893],[88.291915590402368,27.127601208420302],[88.292641914500635,27.12747978939634],[88.294281417181224,27.126817445347505],[88.295366006624505,27.126037619872069],[88.295366269931975,27.1260374310679],[88.295835544704019,27.125717244359407],[88.296279560283637,27.125437730021734],[88.296567051631087,27.125320611656512],[88.29722282655726,27.125181045391553],[88.29780769696373,27.1253754095723],[88.298422515466484,27.125926335789529],[88.298765049612527,27.126643979082829],[88.298970881176572,27.127894039207579],[88.299182411806214,27.128327366938652],[88.299994167839316,27.128684277341289],[88.300372184559848,27.128801798306302],[88.301244670852242,27.1290730426641],[88.30229352830635,27.129290169310853],[88.302969478890091,27.129105522976534],[88.305421077681643,27.128249373648877],[88.306273559809654,27.127915929884065],[88.307121164056795,27.127406408870428],[88.308089944368803,27.126594702274684],[88.308688618284549,27.126121864004418],[88.309043550994033,27.125841535011666],[88.309916268890333,27.125480980697684],[88.310824317723942,27.125070713155861],[88.311525357927394,27.125007928950644],[88.312261419893403,27.125283509050934],[88.313022839851854,27.125622307021143],[88.314439699051078,27.125983943839604],[88.314913588926643,27.126119398254239],[88.315024686542799,27.126151153638524],[88.315337341637047,27.126151295099454],[88.315660205991307,27.125903185689474],[88.315673802378484,27.125885087298702],[88.315907563049194,27.12557390902921],[88.316033794843207,27.1251362691366],[88.316084748001003,27.124283459270437],[88.316034934259434,27.123182356672235],[88.316125985352599,27.122514585648887],[88.316449189856314,27.121788219880074],[88.316740375595302,27.121617537237583],[88.317826282843143,27.120981016008283],[88.319470656208097,27.120282318729423],[88.321115184620723,27.119186414185723],[88.322583300436264,27.117932553171112],[88.322850715112992,27.117639363716922],[88.322931611684012,27.11719266657483],[88.322952043773697,27.116682718393754],[88.322599505897401,27.115707868670746],[88.322483722133327,27.115315290799231],[88.322403400898111,27.114584225926691],[88.322383437921118,27.113993053019787],[88.322474573667961,27.113198898874888],[88.322482291984258,27.113184579555806],[88.323004612448898,27.11221546665222],[88.323514247560084,27.111462054475016],[88.323640451972679,27.111137155735737],[88.323681082767123,27.110500908926401],[88.323446409777858,27.109360984286909],[88.323379164018633,27.109034332332065],[88.323168263711835,27.108799051039004],[88.322537540469739,27.108095412425108],[88.321534566469325,27.107210541729714],[88.32108594562466,27.10686288674264],[88.320919958645902,27.106050568581143],[88.321016046365926,27.105437000268161],[88.32154083207854,27.104746730883672],[88.322120728140831,27.104566512130798],[88.322660233940056,27.104580210024825],[88.323088709174414,27.104810517344401],[88.324211461523802,27.105782312360617],[88.324888089044165,27.106367966292702],[88.326793728398528,27.107171893164086],[88.328023993024615,27.107474679639601],[88.3294357251375,27.107768426912894],[88.330938262870987,27.107926887117923],[88.331931719394305,27.107728626051088],[88.332637811558797,27.107413024810064],[88.333575882219975,27.106916935153944],[88.334391846772647,27.10675319641221],[88.334564178965579,27.106718614267379],[88.335370967684355,27.106754999844586],[88.335718782505609,27.10691751934214],[88.336399403055594,27.107414122388011],[88.337306335259171,27.109332125917739],[88.337608368182629,27.1096154252945],[88.33783566817516,27.109828625691289],[88.338289866516135,27.110030703952674],[88.338265311787296,27.10992410121689],[88.33825924885987,27.109838402747815],[88.339166821731567,27.108543405220786],[88.339814773240917,27.107472041233699],[88.340559239135857,27.106882697277793],[88.341232073854798,27.106208276925752],[88.341520349576498,27.105429202392525],[88.341396949788063,27.103539222761054],[88.341393531523948,27.102406365749687],[88.341407757953334,27.101061207325269],[88.341537239245667,27.100500295898794],[88.341688327621284,27.099636773822958],[88.342030117747413,27.098694700994049],[88.342134435242926,27.098138542588256],[88.342280474380203,27.097275068863183],[88.342220647557156,27.096910046475838],[88.341568269496832,27.096334034041917],[88.339672072835029,27.095485530361813],[88.337950188625015,27.095298826823182],[88.33627089155766,27.095725535673171],[88.334774781688282,27.095866133126073],[88.333058687959451,27.095742503835584],[88.331623027890615,27.095877980194512],[88.330216949948237,27.096383271223374],[88.328620360552904,27.096985133747925],[88.327568137829459,27.09756378193757],[88.326591839900757,27.097311218179218],[88.32622876495995,27.097214828695101],[88.325721706186783,27.09708021341741],[88.325033774656674,27.097068489999401],[88.324869251929954,27.097065685727145],[88.324017488315675,27.097109821619114],[88.323827988295719,27.097129882770545],[88.322894273863454,27.097228725294144],[88.3225915086513,27.09721352084307],[88.321886990699241,27.096913231288237],[88.321755998889088,27.096494704697299],[88.321664623762231,27.095155046234883],[88.321531789698923,27.094149777625415],[88.321554149482097,27.093477051820575],[88.321269085584106,27.092820757291232],[88.320999522767025,27.092195909833617],[88.320436926930824,27.091524167840351],[88.320263809705452,27.090952574715114],[88.320101572838894,27.09044858315475],[88.320004336695604,27.089036760781148],[88.319837395525482,27.088131107667611],[88.319722731432705,27.0873829383059],[88.319649249566012,27.086706596877839],[88.319370368520737,27.086145023294943],[88.318836585515683,27.085346623441769],[88.318391695494498,27.084818199336048],[88.318484609707511,27.084140296937239],[88.318513353213149,27.083697093182327],[88.318577371347473,27.082709979145339],[88.318587124037322,27.082559595704804],[88.3185317606452,27.081707056316112],[88.318586610268866,27.081223592906525],[88.318588959980303,27.081201374332178],[88.318613850212003,27.080966066178064],[88.318617911085212,27.080451484395631],[88.318480801403695,27.079938226276315],[88.317632831937132,27.079002846368351],[88.317389537493625,27.078463501146029],[88.317003071858707,27.077753982403856],[88.316499197644703,27.077352482045381],[88.315894864164719,27.07698351639505],[88.315135227859258,27.076268455958846],[88.314476590712815,27.075565987763607],[88.313919478432268,27.074921245235288],[88.313462465671122,27.074212374249139],[88.312614214089095,27.073245368061645],[88.311701593863233,27.072378256330428],[88.311505448944459,27.071987405701439],[88.311724015304435,27.071705527230563],[88.31217789684024,27.071281531683038],[88.312898863757312,27.070846014240566],[88.3133239631496,27.070548664263079],[88.313683521500536,27.070251924014755],[88.313947640727051,27.06912106777509],[88.313939474666213,27.067988243084883],[88.313843145859195,27.067077405052768],[88.313687281261764,27.066681668140536],[88.313557463550367,27.066357905228934],[88.312821592744683,27.065078413135176],[88.312512924230759,27.064548694187295],[88.312197377936741,27.063861064059218],[88.31211913312039,27.063202815069648],[88.311992210816967,27.062260665105157],[88.311967422559832,27.061430400939738],[88.311912127473434,27.060577853621997],[88.312004543268586,27.059854822122357],[88.31187972818087,27.059526497401993],[88.311624954299262,27.059294168004197],[88.310870305981169,27.059096009353834],[88.310861367900984,27.059093661852739],[88.309838596549596,27.059148326105202],[88.308910699007015,27.059558670590448],[88.308029747582125,27.059670678642767],[88.30731393951497,27.05967733442241],[88.306999782867607,27.059540333051466],[88.306738931314953,27.059217779724342],[88.306430621389737,27.05871512357724],[88.306327408172166,27.05807515936057],[88.306316658381419,27.05801657867514],[88.306432397547297,27.056693029373641],[88.306476353122846,27.056570754408376],[88.30658883932351,27.056271814062288],[88.307108210678763,27.055847227402463],[88.308284036478426,27.055082529728711],[88.309199565560135,27.054478222045137],[88.310231447041517,27.053475629986348],[88.310898443008796,27.052742732042709],[88.311924884339447,27.051708583755396],[88.313305498367754,27.049921871346193],[88.314419088279351,27.048151181128297],[88.314949200401529,27.047356354401828],[88.315344309893746,27.046224268854093],[88.315498551962932,27.043889312798111],[88.315387979777995,27.041755430328397],[88.315389935584037,27.040193717181459],[88.315221964958539,27.039188761107663],[88.315282949503398,27.038366720849933],[88.315296597133255,27.038240212925253],[88.315560755764267,27.037551680688207],[88.315736603498223,27.036638296393487],[88.315805454279243,27.035626612826288],[88.315921765725889,27.034795027758872],[88.315570318726913,27.03361575790348],[88.31512501950742,27.03259985135346],[88.314524386483001,27.031228821838333],[88.314350717106151,27.030165239884482],[88.313419760057727,27.029424676445814],[88.311180460623106,27.027125572198841],[88.311008867092042,27.026671300785271],[88.310268427915844,27.02714309436556],[88.309218258221463,27.027852470119704],[88.307778579853732,27.029310200924396],[88.305353972118183,27.031025299870283],[88.304068277984882,27.031858691262325],[88.301538668555125,27.034093764053186],[88.300992976310667,27.034414759689927],[88.297676459883562,27.032662510656689],[88.296562497076479,27.031779085240132],[88.295131627441805,27.030948216939603],[88.294175045836653,27.030600442183623],[88.29329481831644,27.030757479956872],[88.291370080390067,27.031691413780429],[88.290302886558948,27.032689678617192],[88.289727148612982,27.033471292345617],[88.289106766099124,27.034316503981877],[88.2886888440718,27.035236592338268],[88.288328199986168,27.03587631120141],[88.287479487050788,27.035265714835035],[88.285986870319576,27.034764810246745],[88.284764154479589,27.034062827945508],[88.283990660342297,27.033415412671502],[88.283295449604239,27.032559654967436],[88.282474925465067,27.031763710617646],[88.28196553924883,27.030847574643605],[88.281553911194337,27.030106577704885],[88.281257739825506,27.029323906141002],[88.280949853851752,27.028396903723305],[88.280658680241658,27.027609670613955],[88.280432999786413,27.027264176245151],[88.279953708806104,27.026776550327803],[88.279157602251246,27.026350479924666],[88.278448295209287,27.026022914718411],[88.277981957594847,27.025787928270152],[88.277783632205782,27.025631751834677],[88.277503093421842,27.025336399256151],[88.277280577489236,27.024823865752335],[88.277068092008008,27.024306727429185],[88.276944835554858,27.023657883962397],[88.276791945512485,27.022616625230107],[88.276662430539133,27.021859511120624],[88.276510833271502,27.021377927608043],[88.276445924086019,27.020985830695178],[88.275906871161666,27.020557410421073],[88.274838294283256,27.019650823611052],[88.274230028527711,27.01934037766296],[88.273775129200388,27.019222627980103],[88.272950130766176,27.019356469347976],[88.272403760744197,27.01961868665537],[88.271941020121986,27.019699599084483],[88.271210491546469,27.019719736365264],[88.270552960682082,27.019509018016894],[88.270257996761615,27.019272455974622],[88.269723930694838,27.019733147933838],[88.268363712510904,27.020675216334055],[88.267397901464903,27.020837376624584],[88.266404006966042,27.020742506777164],[88.265687575263414,27.020672217672363],[88.263063442734008,27.020813138199117],[88.261343609083696,27.020903037660098],[88.261451192784122,27.021076009997877],[88.261454738877731,27.021112670309194],[88.261537439220348,27.021240375851924],[88.261593304774863,27.021357146418357],[88.261612352794259,27.021456403621738],[88.261621500893739,27.021529782769502],[88.261649650602081,27.021574467078295],[88.261716964179186,27.021618458636343],[88.261778217861448,27.021654958408725],[88.261890937757869,27.021694777334822],[88.262063018433366,27.021760078744414],[88.262150993592883,27.021801009774364],[88.262338721054221,27.021864002179232],[88.262552913606001,27.022003634633599],[88.262668173858827,27.022144060524198],[88.262771978010065,27.022259225114645],[88.262862175387653,27.022420856916479],[88.262920130064174,27.022535861672043],[88.262951366582968,27.022646437729655],[88.263018537737466,27.022839517139658],[88.263088653934048,27.022967668968938],[88.263119832049284,27.02308189770887],[88.263163855733964,27.023197914765948],[88.263173524458807,27.023223395133222],[88.263259401276017,27.023397698990635],[88.263322112754992,27.023472627297686],[88.263460319821263,27.0235954360821],[88.263619260545099,27.023815643313664],[88.263691605409818,27.023924849156863],[88.26381031843799,27.024060375729636],[88.263901826098717,27.024196119413787],[88.263946533485651,27.024319301058735],[88.26400741352802,27.024452222131757],[88.264019262309375,27.024588042101577],[88.264016118984628,27.024753967585792],[88.264019560563057,27.024896125839042],[88.264019751924579,27.024993903903852],[88.264021012469925,27.025251014541265],[88.26403467472079,27.025393496084138],[88.264042283838464,27.025532843290613],[88.264070951445674,27.025638911764172],[88.264114975728816,27.025690124495295],[88.264146668544726,27.025744632746068],[88.264196055770427,27.025836601987255],[88.264238283875457,27.025874844341171],[88.264318393530928,27.025898555399195],[88.264416751672329,27.025888780053986],[88.264499418968072,27.025843455573316],[88.264603122880644,27.025767437827216],[88.264697636464192,27.025744626597568],[88.264887380068444,27.02576912952771],[88.265093126793872,27.02581258753948],[88.265155406449736,27.025839350816387],[88.265255424094562,27.025882332444088],[88.265357818031333,27.025983370213353],[88.265529581151029,27.026136795175578],[88.265687846158741,27.026311556485556],[88.265765467739442,27.026424718943431],[88.265828456692205,27.026578714570963],[88.26591747189994,27.026738357855603],[88.2660114468176,27.026852041029706],[88.266109485836225,27.026983059909124],[88.266188836928578,27.027112876910913],[88.266234036183178,27.027210244739425],[88.266294506103648,27.027365287787461],[88.266316420492899,27.027512737563512],[88.266342806969902,27.02763164135429],[88.26638789945028,27.02773453985953],[88.266504361518486,27.027848938279764],[88.266625844921222,27.027893600782399],[88.266795082211615,27.02799254376627],[88.266941436692619,27.028077492299907],[88.267085644518815,27.028132125299813],[88.267241094248092,27.028240119059145],[88.267400782319555,27.028351721658755],[88.267565649401504,27.028526863736008],[88.267652577979916,27.028612703458439],[88.267889239578224,27.028740372370724],[88.26882458720371,27.028949056386679],[88.268487675533919,27.029466646131471],[88.26831649156594,27.030379940886458],[88.267862372128221,27.031232593176565],[88.267282759124726,27.032131511389377],[88.267253589131627,27.033124771453451],[88.267572216789617,27.034119412141457],[88.267887090009623,27.036125137647293],[88.268922681304971,27.03857121337369],[88.268996102696704,27.039721524171096],[88.268405009123683,27.040498681708364],[88.26827609302515,27.042034473778408],[88.268416780037569,27.044235850840508],[88.268718421225188,27.044612274067546],[88.26984684478299,27.046339836614482],[88.270840955177761,27.047328368729406],[88.271630716396174,27.048075007076083],[88.272615181907469,27.048652873772678],[88.275019668484134,27.049985185890808],[88.27699879734115,27.052034466171527],[88.278217543921116,27.053706970995641],[88.279540714230961,27.057025976614007],[88.279837476936308,27.05874295676335],[88.280666682526117,27.060730419258743],[88.281090103461423,27.06294273739271],[88.281296732883902,27.06471018171796],[88.281561261440871,27.06580457421094],[88.281562331045876,27.065807641701301],[88.282353457754837,27.068076713976641],[88.283734967191748,27.070736150841082],[88.284409645102173,27.071980253162366],[88.285069571082403,27.07281374887804],[88.28551359003302,27.073283616100412],[88.286032470752417,27.07412742429322],[88.287092618244955,27.075124252038393],[88.287594987728923,27.075404007052366],[88.287822766703854,27.076363312774966],[88.287735656540022,27.077564722404304],[88.287737179729561,27.078580261819241],[88.287017826289173,27.079611430714756],[88.28580552740091,27.079866257953984],[88.285336995704611,27.079902136737104],[88.285263985213774,27.079248336202365],[88.284029873220675,27.078031919765181],[88.282352225852364,27.07638623444803],[88.280934279098474,27.074516995684746],[88.280869715990377,27.072829503085643],[88.280772173756318,27.071345421991705],[88.280080518964837,27.069934453042087],[88.279690421147947,27.068881824166567],[88.279720348773338,27.067965293281588],[88.27969812085999,27.066895775322429],[88.278723893153867,27.065460287434348],[88.277719184293048,27.064891678672147],[88.27696178919409,27.06390105391624],[88.277102979976931,27.062568261013119],[88.276629433298638,27.060374439344411],[88.276033168738692,27.058917443151817],[88.275768151795532,27.057773392572912],[88.275406240629025,27.056530921411202],[88.274730220192936,27.054704525958954],[88.274407026135023,27.053317265044701],[88.273880489292281,27.052225227853501],[88.273323009469053,27.051517124863128],[88.272149519822278,27.050272958403141],[88.271804924107556,27.051454126921101],[88.271624359700581,27.053082488044705],[88.271584419536367,27.053095973156072],[88.271450919447005,27.053110015838659],[88.271273329275175,27.053113205428172],[88.27108059369283,27.053109695602629],[88.270905471734181,27.053062837456835],[88.270766735891044,27.053029150795236],[88.270649525906549,27.053000970390219],[88.270574059683227,27.052997779291591],[88.270494586601359,27.052968916825446],[88.27040072527187,27.052932246293274],[88.270272728055829,27.052912923925369],[88.270193161937073,27.052928107860708],[88.270098725353805,27.052983254619011],[88.270054108659508,27.053042868396972],[88.269983200964816,27.053117232779087],[88.269861730599715,27.053203735778684],[88.269726676508327,27.053325620604465],[88.269625456686242,27.053395572130949],[88.269501224507692,27.053492411100965],[88.269392611517446,27.053595525746275],[88.269321437910193,27.053656196668939],[88.269193470636708,27.053710355826134],[88.269120860281134,27.053761138640532],[88.269080579922502,27.053805329044721],[88.269073688915356,27.053837006612483],[88.269064077047943,27.053858907003178],[88.268967004172268,27.0539119442765],[88.268914571489233,27.053948334981708],[88.268843516415188,27.053971957747407],[88.268736308743669,27.053977410594989],[88.268674265695964,27.053984940809588],[88.268635211770572,27.05399919975223],[88.268574860281817,27.054029232549084],[88.268529002346057,27.054072000045114],[88.268458386071487,27.054132618175306],[88.268414165259102,27.054199112851443],[88.268391775747588,27.054267244166013],[88.268340385660238,27.054311175399285],[88.268300116007623,27.054351555225185],[88.268198971392465,27.054403291628024],[88.268094583757431,27.054455534592627],[88.267996048975647,27.054481086677299],[88.267971847723317,27.054529290297641],[88.267947405722126,27.054583698131079],[88.267912204700423,27.054632874373649],[88.267819094685578,27.054688478234169],[88.267754080681129,27.05470097947191],[88.26767154728104,27.054706896811719],[88.267582611878652,27.054702725088745],[88.267528195419274,27.054692953728733],[88.267474465598468,27.054669511924569],[88.26742039708607,27.054652270264818],[88.267321823274571,27.054656966936466],[88.267219795668169,27.054668767772078],[88.267173010585012,27.054671601322287],[88.26712317570221,27.05465321621686],[88.267074464124036,27.054638567047874],[88.267023479157999,27.054643856849154],[88.266960332877389,27.054675061593631],[88.26686505415104,27.054689481954778],[88.266743990798986,27.054668482811081],[88.266640502258468,27.054652843827778],[88.266451397979864,27.054650496163848],[88.26636262452341,27.05461393134771],[88.266338530396979,27.054600970314723],[88.266160575592011,27.054462338298556],[88.265982102847005,27.054349271059358],[88.26578838712652,27.054203195170409],[88.265704655378102,27.054130881047037],[88.265639482641916,27.054042281920267],[88.26554192070445,27.053926549421305],[88.26545184542168,27.053838931029194],[88.265378391103553,27.053729827379311],[88.26528839928055,27.053590930126092],[88.26516042015146,27.053476077765914],[88.26510973902829,27.053410870361905],[88.265086961075781,27.053386192438019],[88.265013078262626,27.053299298539368],[88.264938624388463,27.053274165154736],[88.26476996207586,27.053286355398509],[88.264647639698168,27.053314911004332],[88.264557977598471,27.053386825637119],[88.264359528761275,27.053586185516615],[88.264274991222962,27.053684092824774],[88.264169944409446,27.053776563666016],[88.264125532554417,27.053794975537116],[88.263970558406783,27.05389021942888],[88.263870575245193,27.053960828415686],[88.263754987833096,27.053980421769268],[88.263641615054567,27.053967679530125],[88.26349147252381,27.053990720787638],[88.263339053561523,27.054019003295583],[88.263229315265505,27.054014688143248],[88.263158279956016,27.054040225932681],[88.263093429830221,27.05407473276308],[88.263076790265927,27.054108843906075],[88.263034062719299,27.054193149001573],[88.262985456595047,27.054283385672072],[88.26297392127519,27.054432308354137],[88.262971084659682,27.054604051176316],[88.262958324112972,27.054724239480702],[88.262928443400412,27.054961189210424],[88.26286792702372,27.055130959230588],[88.262773818204536,27.055321609170228],[88.26267209471095,27.055483456393361],[88.262567002608705,27.055609069745749],[88.262420485722188,27.055734228264331],[88.262289332423805,27.055815254886941],[88.262100520499175,27.055945777558254],[88.261861883755444,27.05607728091703],[88.261750794312874,27.056141197746488],[88.261642747079804,27.056203774287741],[88.261335804169036,27.056321393398218],[88.261181091909449,27.056392382602347],[88.261109090220742,27.05642456856248],[88.261009538093163,27.056497240781386],[88.260963943282221,27.056542456589767],[88.2609429639556,27.056604887935919],[88.260943502573667,27.056651499075567],[88.260951926030202,27.056766270299352],[88.260954068499586,27.056828137389822],[88.260934653901955,27.056884054660436],[88.260846838668357,27.056978686622294],[88.26069978482677,27.057066764621641],[88.260615547299764,27.057099776545847],[88.260562643432237,27.05711076086174],[88.260435083597358,27.057113892107221],[88.260353352546574,27.057112246960653],[88.260276178758119,27.057130063750403],[88.260137608482239,27.057174007640622],[88.260046355998753,27.057218320853657],[88.259984927623535,27.05723669938811],[88.259878295549399,27.057268088842616],[88.259780993451571,27.057283901833465],[88.259595544121467,27.057363463783808],[88.259501483850698,27.057411555319842],[88.259355088965492,27.057468369987685],[88.259237833080192,27.057514963238411],[88.259112131843494,27.057526295581827],[88.259064385025127,27.057527322026594],[88.258874571344975,27.057539762519859],[88.25872891067732,27.05755096017629],[88.258624851467673,27.057561083241072],[88.258498235386909,27.057538564967537],[88.25845329252472,27.057513887924461],[88.258393203620571,27.057501294036708],[88.258329157697148,27.057496795406713],[88.258258969201478,27.05749225948081],[88.258189756076376,27.057535114454769],[88.258121013520693,27.057615886437382],[88.258076426067348,27.057672445339286],[88.258003276564523,27.057727965530102],[88.257936159044206,27.057793855014619],[88.257819729770787,27.057889191891146],[88.25772075081791,27.057937264476031],[88.257662207146112,27.057952345500489],[88.257592388727815,27.058003058581811],[88.257564621258894,27.058035844918326],[88.257373593009959,27.058284591265377],[88.257309101838757,27.058395210364544],[88.257279984876746,27.058452723972259],[88.257270294047515,27.058496615907412],[88.257255418928381,27.058563991170704],[88.257175721633473,27.058686333609],[88.257129939069216,27.05876934221617],[88.257071360455242,27.058880056569151],[88.256968611387165,27.059020190966937],[88.256938085560236,27.059132693597682],[88.25688421843067,27.059235514182344],[88.256691962317561,27.059446425314704],[88.256620522408184,27.059534853466392],[88.256555927727618,27.059605590446473],[88.256531860735763,27.059659704603025],[88.256530527357555,27.059698236470904],[88.256494533669496,27.059840373314998],[88.256473991201645,27.059963669121007],[88.256466838714957,27.060041987615882],[88.256463302035456,27.060146405850844],[88.256452174564402,27.060211363392281],[88.25642479001327,27.060318599327807],[88.256379879927522,27.060376364862247],[88.256324847653332,27.060427317865578],[88.256274059790755,27.060477681490134],[88.256243753038149,27.06054100033942],[88.256166645316739,27.0606740191105],[88.256139625986492,27.060770622294452],[88.256129702186229,27.060843578817888],[88.256125505614051,27.060965253588993],[88.256125450548836,27.061180608683991],[88.256100141766453,27.061270597197346],[88.256051088970423,27.061359467567261],[88.256014370141628,27.061479849910135],[88.255985315131028,27.061549832027307],[88.255931394932844,27.061611442017629],[88.255890178450386,27.06164799542433],[88.255814175149595,27.061782096508896],[88.255679068505103,27.061923476773703],[88.255529955904024,27.062042030773593],[88.25541485079566,27.062118597798072],[88.255302562419487,27.062199201224622],[88.255149602778289,27.062257872383611],[88.254886191236025,27.062355589732391],[88.254753742471792,27.062377366763762],[88.254627351130068,27.062395257100146],[88.254529056063973,27.062413608133081],[88.254460760184173,27.062429381231823],[88.254395036419126,27.062444560747011],[88.254362241358578,27.062452134556157],[88.254324701307624,27.062460805447561],[88.254135809893796,27.06248591581959],[88.254075587962447,27.062491003990939],[88.253929334772948,27.062511188760244],[88.25384974944842,27.062541404832995],[88.253812455899819,27.062587197646444],[88.253666690597086,27.062755755620397],[88.253592250030266,27.06284200001371],[88.253555809946121,27.062911875766769],[88.253525445046705,27.062979233986489],[88.253482532668116,27.063053541880279],[88.253375014353779,27.063196381485252],[88.253336889586549,27.063272897961131],[88.253300665443845,27.063334755262701],[88.25321498338235,27.063431929566779],[88.253162752830491,27.063474654323507],[88.253120178328672,27.063493573805228],[88.253070826599583,27.063485580889189],[88.252990782290709,27.06344603521563],[88.252846951774259,27.063376731228118],[88.252746073917081,27.063329949027349],[88.252671890808003,27.063295903030234],[88.252600526041249,27.06326861677617],[88.252573689584224,27.063261220417399],[88.252555386705993,27.063271426579128],[88.252570287537566,27.063386773062295],[88.25259811782513,27.063523844169218],[88.252623105452344,27.063652055804152],[88.252645149710915,27.0637809550052],[88.252651135346511,27.063837247705855],[88.252622920247077,27.063986814734172],[88.252623190521717,27.064254139676521],[88.25261737216745,27.064356320063293],[88.252606665738725,27.064418854643598],[88.252582898768765,27.064519806347754],[88.252591271883375,27.064820765626397],[88.252606461266339,27.064976859978366],[88.252600762787395,27.065131755653606],[88.252613486455999,27.065440241070668],[88.252616802578501,27.065583656006947],[88.252625748444473,27.065752635811268],[88.252635022255532,27.065954850781548],[88.252625028845728,27.066031428395398],[88.252611318464659,27.066128254031181],[88.252625068350227,27.066286672911087],[88.25263614676642,27.066524193321396],[88.25262594672769,27.066605121723025],[88.252614597288101,27.066719261567837],[88.25262250874286,27.066789849351199],[88.252642854760992,27.066927824771625],[88.252639174535503,27.067034121200702],[88.252649869795789,27.067152608341971],[88.252635936581683,27.067298613352143],[88.252637226725383,27.067518549044873],[88.252630542502459,27.067626117100367],[88.252627080708706,27.067640684123951],[88.252605792697523,27.067742704009127],[88.252591470734657,27.067898852883644],[88.252596846980964,27.067999973807527],[88.252582992799304,27.068143764942175],[88.252572101789923,27.068244621200886],[88.252569528665418,27.068404669047879],[88.252575099199262,27.068543013881193],[88.252575854820336,27.068692460484769],[88.252563300680762,27.068798605701708],[88.252568404330816,27.069035767961886],[88.252558971456693,27.069265600682908],[88.252547901284117,27.069414984835706],[88.252546443077492,27.069542582482239],[88.252538688766364,27.069595633616299],[88.252527185713959,27.069628680487121],[88.252500010781006,27.069644193991994],[88.252416822141171,27.069653479985291],[88.252169923328495,27.069646818538988],[88.251860571943666,27.069661972298498],[88.251484405618285,27.069670494177682],[88.251395195740926,27.069675230000605],[88.251158248302161,27.069687808369906],[88.250711527556305,27.069695222907459],[88.250266241297879,27.069709403205312],[88.250137081589813,27.069713012587677],[88.250072454231969,27.069707809859807],[88.250050633948646,27.069680165142021],[88.249990889206558,27.069531019408085],[88.249972281544004,27.069457182497342],[88.249914088397816,27.069320483569626],[88.249828836986921,27.069134866771293],[88.2498159957089,27.069065551449754],[88.249727072264974,27.068868612612587],[88.249613395051966,27.068645568430277],[88.249512066993589,27.06845884598934],[88.249463623372435,27.068316889194172],[88.249434791706477,27.068232402679651],[88.24936437560747,27.068038572685957],[88.249251481238147,27.067786735829046],[88.249179784682596,27.067644539820041],[88.249121637179442,27.067507584843348],[88.249066288844418,27.067402510784959],[88.249032527325625,27.067307607800025],[88.248961768249956,27.067230833185615],[88.24877201595956,27.067048360529252],[88.248629444141415,27.066918133174756],[88.248420459166908,27.066762889582684],[88.248229071885731,27.066590559313692],[88.24811597226487,27.066510731406101],[88.248026102071037,27.066415790056496],[88.247852497929543,27.066256264343512],[88.247793757988845,27.06617788728785],[88.247727008669202,27.066061817930901],[88.247642936141531,27.065948417704639],[88.247597314342059,27.065855206397043],[88.247546444199017,27.06571960157784],[88.247537806018798,27.06569657521959],[88.2474810954172,27.065566887275789],[88.247456335488764,27.065427217767347],[88.247414345185561,27.065287613494135],[88.247393842418504,27.065131818045366],[88.247369154248929,27.065017325655056],[88.247335231011803,27.064892869192558],[88.247288781565771,27.064798426028922],[88.247276181053678,27.064721213110406],[88.247239445158485,27.064534697023454],[88.247195269769719,27.064403100038927],[88.247174014481544,27.064238928160446],[88.247129146276293,27.064131229140198],[88.247096420795017,27.06401785244422],[88.247051684453524,27.063791255150413],[88.247035908411988,27.06370183229879],[88.247063919061304,27.063557667764396],[88.247147237136176,27.06341761519101],[88.247231633910971,27.063246913305278],[88.247426532656021,27.062859255563705],[88.247601931240183,27.062524552241111],[88.247797655663589,27.06215059394475],[88.248077237423644,27.061625219164121],[88.248163384235468,27.061481475418066],[88.248249375139224,27.061316534134441],[88.248527647793196,27.06078276383078],[88.248629727201461,27.060579242680774],[88.248739744160517,27.060371670096874],[88.248936548553061,27.05996946356921],[88.248995270310047,27.059852104507421],[88.2490315343818,27.059704263161997],[88.249064824091562,27.059611360218721],[88.249158297860944,27.059517068448134],[88.249265615470534,27.059406763366628],[88.249281262741462,27.059335095152161],[88.249355516663144,27.059139293865535],[88.249450926828885,27.058889298438071],[88.24957798565363,27.058566616170555],[88.249688037786896,27.05828339385771],[88.249840899752016,27.057888678186909],[88.250023729145852,27.057451557707829],[88.250039636470149,27.057409627886962],[88.24983520952631,27.056868777397078],[88.249736068752668,27.056111367714731],[88.250121951275162,27.055448949661624],[88.251147641679296,27.054585877236622],[88.251287885244892,27.054230818292762],[88.251458747435976,27.05379879931278],[88.251566709359949,27.053525803542566],[88.251698064078099,27.0532089625205],[88.251774773527231,27.053039241979359],[88.251808505479232,27.052956288942255],[88.252168236273747,27.053124736418127],[88.252300582197421,27.053186129731355],[88.252369394148829,27.053218048551191],[88.25253225686096,27.053283509000067],[88.252719625675482,27.053353392641259],[88.252870183537965,27.053425718864482],[88.252879063024693,27.053429992275223],[88.253076139637358,27.053524842660472],[88.25323366258074,27.05361197368531],[88.253357606178156,27.053686645172878],[88.253491489800226,27.053767303787755],[88.253531556916798,27.053699229106726],[88.253565359832791,27.053672805901172],[88.253690086332085,27.053607213840706],[88.253792304443365,27.05355998888119],[88.253881950549413,27.053508305073997],[88.254079973499302,27.053451255132551],[88.254269161187992,27.05343363640608],[88.254416605307512,27.053462872387993],[88.254537721640247,27.053508064185564],[88.254667926636017,27.053557690386086],[88.254728403683174,27.053557315053858],[88.254784767558121,27.053496257753292],[88.254846760248938,27.053414481511133],[88.254910151115467,27.053401654719689],[88.255089124803519,27.053452659843529],[88.255186535313982,27.053510677306171],[88.255334125147627,27.053600518267292],[88.255516233408628,27.053795553281937],[88.255623107400567,27.053925540579911],[88.25565906340087,27.053997038984683],[88.255680339852475,27.054036118103355],[88.255713962097005,27.054054716562121],[88.255757907315683,27.054046397371408],[88.255780036077596,27.054011631446787],[88.255814956909575,27.053945854682958],[88.255830710854639,27.053845323805792],[88.255860111702091,27.05374759310676],[88.255906555494022,27.053686006861518],[88.256073712580047,27.053531951133923],[88.256226638719212,27.053397825846211],[88.256407350045251,27.053248683045787],[88.256448510934618,27.053198001426331],[88.256459374051218,27.053158443007035],[88.256442989434063,27.053058385739401],[88.256445637070726,27.052942410129081],[88.256461487125776,27.052839165372678],[88.256492994588925,27.052745771536316],[88.256544480556713,27.052668164631672],[88.256644336470501,27.052554189431842],[88.25672486137141,27.052494948244057],[88.256839546764013,27.052441669240142],[88.256924964741884,27.052429122589409],[88.257052485123467,27.052397609732033],[88.257131743246859,27.052376049981696],[88.257282380169912,27.052286600652206],[88.25738247482721,27.052198800050345],[88.257440468530376,27.052129972026364],[88.257534730125812,27.052024198632338],[88.257618263743154,27.051948225757631],[88.257739450708499,27.05179605709532],[88.257833664786162,27.051684733353632],[88.257866862924416,27.051629066108465],[88.258010696418339,27.051496892137816],[88.258165344133133,27.051320145148608],[88.258367006010218,27.051174398105704],[88.258370794746838,27.051132343209797],[88.258352594689839,27.051091007216858],[88.258238335797571,27.051063327425794],[88.258121399399485,27.051054664875178],[88.257960377208732,27.051010814639767],[88.257832533034033,27.050980405892684],[88.257737008739852,27.050927013006365],[88.257613846041707,27.050839577203337],[88.257478205780131,27.050721422892259],[88.257339907595593,27.050617483412264],[88.257264160090102,27.050536749365161],[88.257156322011383,27.05045279113261],[88.257085356211164,27.050397196244628],[88.256987643129051,27.050360493772505],[88.256886965548517,27.050302276061707],[88.256730623145955,27.050201394134206],[88.256660329158848,27.050131534692202],[88.256630231888892,27.050094955457638],[88.25658818020257,27.04996985495082],[88.256553082015557,27.049870621110525],[88.256532983309953,27.049748587768111],[88.256525306491767,27.049668555989147],[88.256520894763241,27.049622567852147],[88.256486892202588,27.049500145294584],[88.256453530492522,27.049406318467568],[88.256388641150565,27.04930624187697],[88.256281804980759,27.049204247698395],[88.256181803773416,27.049071289223832],[88.256118724835815,27.048994773326328],[88.256028368755594,27.048863411858921],[88.255951847597004,27.048758017793915],[88.25588991748144,27.048642296947566],[88.25580408677267,27.048506345577319],[88.255787595743755,27.048433885217868],[88.255758251675118,27.048320792773158],[88.255765255264649,27.048221119527138],[88.255828351414408,27.048086770592178],[88.255938224635358,27.04777566057016],[88.255986118442863,27.047514811278614],[88.255978466546281,27.047291080073826],[88.255990500316372,27.047121038184581],[88.256001240989249,27.046997253808964],[88.256011181197479,27.046846452655785],[88.256022852044921,27.046656528303185],[88.256050776156272,27.046507769120545],[88.255839357880475,27.046366869016005],[88.255485504654274,27.046128667313688],[88.255199159340179,27.045934007370441],[88.255017257900917,27.045847706373248],[88.254723152694282,27.045727554180282],[88.254298268363328,27.045627219981764],[88.253795387118132,27.045543015768249],[88.253514572518881,27.045526488568559],[88.253224802003956,27.04548551476212],[88.253054004248924,27.045432478254742],[88.252905184998269,27.04534173094828],[88.252800777702546,27.045231243290239],[88.252637655299353,27.045042195279581],[88.252525053986631,27.044951214187837],[88.252360810679505,27.044856593644962],[88.252257384899906,27.044849352681446],[88.252067549446991,27.044868300142642],[88.252106004879124,27.04475810657274],[88.252160524184092,27.044496144080785],[88.252167913701115,27.044457639881614],[88.252199698956744,27.044292021540883],[88.252278644708838,27.043973276711775],[88.25231519014433,27.043774227841762],[88.25236914753529,27.043530750462011],[88.252448241462815,27.043208095604236],[88.252573221826552,27.042679465322603],[88.252643296439999,27.042417933648807],[88.252720532594651,27.042090168352878],[88.252777122364094,27.041865305509742],[88.252850220568874,27.041577107267219],[88.252850204360811,27.041577079577113],[88.252871736301785,27.041492181348506],[88.252918180511912,27.041256942750909],[88.25295818295838,27.041143756005685],[88.253045545722543,27.04082262395265],[88.253158608405698,27.040384448751947],[88.253299571511377,27.03982969738999],[88.253376668326482,27.039486493478279],[88.253489407963144,27.038988081697731],[88.253540540873331,27.038759329854603],[88.253659763314261,27.038232384644846],[88.253787224072155,27.03772193228048],[88.253896116999343,27.037281096638964],[88.2540463185466,27.036684758526839],[88.254201294483138,27.036115044018313],[88.254229622121855,27.036010906563],[88.254312309139536,27.035655564990765],[88.254312334749116,27.035655594949166],[88.254327817079727,27.035572924048449],[88.25428503274297,27.035525782532655],[88.254033870681596,27.03533734985011],[88.253671127260432,27.035024536774699],[88.253372972374066,27.034756985769498],[88.253182134467096,27.034604024202224],[88.252792888396499,27.034297951938051],[88.252774263057205,27.034285067152911],[88.252419055306305,27.034039333880525],[88.252210984893296,27.033888425052243],[88.251889168848038,27.033670844048565],[88.251626124409484,27.033514057853218],[88.251245946669101,27.033277709349004],[88.251109566837101,27.033199175378357],[88.250970487234525,27.033119085278468],[88.250450247564331,27.03282583323956],[88.250314138368452,27.032751339114711],[88.249743004823273,27.032388177487789],[88.249688799435447,27.032361571849719],[88.248953503620044,27.03190603595278],[88.248526111380784,27.031649069202629],[88.248310116608877,27.031519203935936],[88.247589208686719,27.031083251161725],[88.247179162096259,27.030834137330931],[88.247162082757342,27.030823760667893],[88.246331787084173,27.030298071448737],[88.246063669845668,27.030125535129674],[88.245779669738553,27.0299658753339],[88.245379864947125,27.029738205663172],[88.245135798874941,27.029573062232188],[88.244963004604372,27.029482688529786],[88.244325039971827,27.029100103318576],[88.24399457656996,27.028908812220763],[88.243225839346835,27.028452831486618],[88.242907962277116,27.028266556775488],[88.242788224464732,27.028198895462491],[88.242160790350383,27.027822073532775],[88.241657133430948,27.027528598098694],[88.240815471846105,27.027021824860824],[88.240709854712833,27.026967195095526],[88.240280362215856,27.026709284379507],[88.23972558134075,27.02636694500265],[88.238988094012242,27.02590038753776],[88.23843810377916,27.02557729468738],[88.238001551733248,27.025314438310666],[88.237993295254199,27.025290323565837],[88.23580003409927,27.02373619697336],[88.234837062625871,27.023243630282511],[88.232945584459628,27.022181442004833],[88.23099222072527,27.021449265953951],[88.229608421295509,27.020721117146735],[88.228605580277161,27.020264962545298],[88.226827151447424,27.020321093538485],[88.224674832293516,27.020290181789836],[88.222977369456288,27.020377154911351],[88.220735949571775,27.020495908003848],[88.219849420092075,27.020539700945161],[88.216513064363383,27.021006394572609],[88.213285119710463,27.021246392398627],[88.209472782750964,27.02150939067214],[88.209027722439203,27.024659254984577],[88.208891061520788,27.028370679340306],[88.208894478821833,27.029160545159247],[88.20854891556327,27.03077941092268],[88.208585534359784,27.031374903301799],[88.208627674873412,27.032015484319761],[88.208708878517399,27.032538373727903],[88.208250701756569,27.033526290569295],[88.208264019513663,27.033828592987092],[88.208298255875334,27.034672359176007],[88.206672467080665,27.034884909266086],[88.205871929138254,27.034968503301283],[88.204917751631413,27.03529714712651],[88.20429898830487,27.035410772852735],[88.204629692533288,27.036170756568371],[88.204942436206721,27.036664584608612],[88.205663187922596,27.037132349048981],[88.206579690498941,27.037521698444547],[88.20708804543699,27.037923570635812],[88.207798378820073,27.038829239519551],[88.208042126807996,27.039468089182648],[88.20837272159136,27.040214522436322],[88.209130379263996,27.0413003244465],[88.209939178552816,27.042453387459972],[88.210413441235772,27.043433290302247],[88.208633478723286,27.042911463059461],[88.206444253982326,27.042298334907304],[88.20471041284722,27.041843768072084],[88.203603313615091,27.041546310769579],[88.202415526629181,27.04124502036036],[88.200371717092466,27.041027757459677],[88.198996345595091,27.041098159808932],[88.198432458559139,27.04116164232644],[88.197644966583809,27.041529439022344],[88.198252182300919,27.042697827445885],[88.198346305330205,27.043491435967553],[88.198136230558731,27.044120627135744],[88.195069512889702,27.044895979086522],[88.19278529642925,27.045308052614345],[88.186494377162504,27.046282032793631],[88.182856766412186,27.046470640307145],[88.180215105577844,27.046935165697722],[88.174534021653756,27.047917042061282],[88.172772851824206,27.048225123153124],[88.171932238358607,27.048344968086955],[88.171425735338261,27.048114473393554],[88.170980639634507,27.04748625796676],[88.17069016901327,27.046698775668172],[88.170443257945607,27.04622237730872],[88.170175811320604,27.045710037618907],[88.169810586498755,27.045004422092891],[88.169238470606388,27.044277955650777],[88.168678269465957,27.043727422671513],[88.167905299383932,27.043074838300591],[88.167439152505764,27.042843993088567],[88.166994100489944,27.04221576438367],[88.166819180428917,27.041386690359847],[88.166662043509049,27.040814751384243],[88.166552090129969,27.040418455121969],[88.166134357216237,27.039505631630394],[88.16580371277567,27.038727498436423],[88.165399334561457,27.038130522234162],[88.165026507942201,27.037659667731901],[88.16482219868692,27.037399564094656],[88.164164100522072,27.036637676214312],[88.163605032206149,27.036190926687052],[88.163136318013457,27.035707319009394],[88.162819506951024,27.035290159612359],[88.162373721877131,27.034585188070544],[88.162308840007569,27.034420927275058],[88.162297484642934,27.034392178439553],[88.162078725440537,27.03383834532897],[88.161692849647537,27.03356619330691],[88.160719849047581,27.033547138211986],[88.159803030563964,27.033599832791221],[88.158824573663352,27.033540185916262],[88.15825380208139,27.033423013617789],[88.157798904876685,27.033300372344559],[88.157257311328848,27.033079139195213],[88.156916114734031,27.032738899838641],[88.156529146272916,27.032358412539693],[88.156332910778673,27.031899625266274],[88.156337026694416,27.031317319290004],[88.156295043865768,27.030663171815881],[88.156345304852024,27.030157220588656],[88.156533258506059,27.029316121887174],[88.156647093705658,27.028620071729232],[88.156726435119907,27.028001037590958],[88.156736329296109,27.027490904594103],[88.156499368748243,27.026991827238753],[88.155967659476772,27.026255940837313],[88.155458938127779,27.025303204982247],[88.155162904898631,27.024448023798019],[88.155040807135279,27.02384418395663],[88.15499883591815,27.023190036291275],[88.155003375937312,27.022648349697096],[88.154725425858672,27.022081899460041],[88.1539066404235,27.021361899019794],[88.152516794576215,27.02048858897599],[88.151594186286076,27.019963517212933],[88.150705987089793,27.019352394946662],[88.150031290066792,27.018920074068916],[88.149552582265201,27.018431984432755],[88.149068562070809,27.017916854378118],[88.148870502571853,27.017273004069573],[88.148746740248725,27.016005649765049],[88.148640714449954,27.014995434517783],[88.148448656491595,27.013949810809503],[88.147938636366987,27.012857127216012],[88.147275392501243,27.012059083812336],[88.146445139311126,27.011190175686846],[88.145081915067166,27.009941928590088],[88.144159208928301,27.008897721873105],[88.143732832198182,27.008594250165814],[88.141416205636176,27.007562826991244],[88.141024608449626,27.007388472535528],[88.139279643410021,27.006752617009955],[88.138184841068664,27.006125027450352],[88.137082284728137,27.004725637452182],[88.135696551490852,27.002723675021176],[88.135395376246493,27.001836889596291],[88.135224672490438,27.000393858654636],[88.135561185656613,26.998779729139102],[88.134305579496271,26.997683969566857],[88.133470856314503,26.996851126339529],[88.13273822270078,26.996148355556898],[88.131245980510684,26.995569039637235],[88.12967560920967,26.994733050122367],[88.128593702746215,26.993866047193677],[88.127705512448031,26.992212085527239],[88.126815952670768,26.990923746703928],[88.125626194357025,26.989845432941895],[88.124758569759663,26.989238485714573],[88.121743004499166,26.988413814690581],[88.124676258712782,26.988088911462235],[88.125251774280855,26.987915377808502],[88.125226322254264,26.987907676069309],[88.124996523906105,26.987758867035129],[88.124794841290594,26.987686950529046],[88.124659092118108,26.98766844694973],[88.124527544600738,26.987719326362708],[88.124282834448849,26.987835768273555],[88.124104707735484,26.987955353092612],[88.124004727412029,26.987993755690077],[88.123913036552295,26.98792661823045],[88.123720019997791,26.987816549114761],[88.123484137829323,26.987717923499069],[88.123258638800294,26.987633716304789],[88.123011266376153,26.98750125223237],[88.122779624349363,26.987383718202825],[88.122527171111813,26.987318289034409],[88.122296246137608,26.98724116308582],[88.122088668017383,26.987207389225841],[88.121809499352011,26.987203507144862],[88.121726003975141,26.987190787387483],[88.121595302101866,26.987184316056698],[88.121333716462317,26.98719048675596],[88.121176624827712,26.987166949001338],[88.120990576717332,26.98712395772499],[88.120702882277598,26.98709155602295],[88.120585233901352,26.987104368686179],[88.120528749268644,26.987134758121716],[88.120429203156561,26.987181279496628],[88.120351950812605,26.987177872229037],[88.120202481724561,26.987175922762631],[88.120017358673991,26.987166789626325],[88.11960754352917,26.987146817899387],[88.119375348508328,26.987131722120168],[88.1190256790982,26.987104291886613],[88.118688430028811,26.987097968399716],[88.118472533830541,26.987118199096233],[88.118311452504827,26.987177339847598],[88.118091810775965,26.987294976144671],[88.117813796761439,26.987459639108923],[88.117622746974561,26.987526088418793],[88.117290291048505,26.987621254653014],[88.117015447612502,26.987717094829954],[88.116643823780223,26.987859540616032],[88.116462150461658,26.987952233323277],[88.116450067909071,26.987958397336019],[88.116294536697325,26.988074969654637],[88.116148188522871,26.988192113264958],[88.11607820778724,26.988248128551543],[88.115839169901932,26.988380889489477],[88.115615530955125,26.988496523410756],[88.115484230739725,26.988544617390197],[88.115355817589631,26.988563944471927],[88.115137312066437,26.98861466752836],[88.114939188870252,26.988717349504359],[88.114665532311307,26.988878270627534],[88.114302955470507,26.98911837600772],[88.11400571258001,26.989279714925598],[88.114003592480415,26.98928086571944],[88.113796272833909,26.989431254879978],[88.113646756659136,26.989568936890052],[88.113527033200782,26.989695977267754],[88.113498990312792,26.98972573471492],[88.113341699904126,26.989819274312982],[88.113172073477287,26.989876413588487],[88.112978500702539,26.989963795409572],[88.112887244077399,26.990000789946766],[88.112836715970204,26.990021273409241],[88.112786778448225,26.990070293284329],[88.112726944699446,26.990174139826067],[88.112732811314018,26.990239838728055],[88.112655185077813,26.990424335995954],[88.112526717621591,26.990577563675252],[88.112430859361524,26.990656917617841],[88.112349264455688,26.990724463769251],[88.112147535548218,26.990788822248472],[88.111886339022703,26.99083320732781],[88.111575689070335,26.990905765171274],[88.111141498891598,26.991087487419875],[88.110851325643438,26.991208088277194],[88.110556316054897,26.991366834350885],[88.11028551441008,26.991515108564172],[88.110252577624266,26.991533142675273],[88.110047011533055,26.991698068868715],[88.109990752587322,26.991745838723585],[88.109828523384621,26.991881434581941],[88.109650307278585,26.992020366169914],[88.109599278160758,26.992060146916966],[88.109438117076607,26.992166950919305],[88.109426661062443,26.992174542182166],[88.10940584096106,26.992189700505186],[88.109307867688742,26.992261033664875],[88.109236582277589,26.992303123023447],[88.109146204072218,26.992356484591848],[88.10910674694459,26.992420969011281],[88.10909716468197,26.992485880723837],[88.109120393852777,26.992633420081585],[88.109156845366357,26.992884446136109],[88.109203972871668,26.993141379621154],[88.109210453923893,26.993397713475893],[88.109194228140382,26.993611736631692],[88.109156562030222,26.993825416330402],[88.109089690129281,26.994002436771051],[88.109061648566623,26.994283196320932],[88.109006912958236,26.994500531768754],[88.108918318362328,26.994698235714225],[88.108821949730725,26.994850064857914],[88.10875796979451,26.994977290043426],[88.108629425361997,26.995099116721679],[88.108575437317157,26.995150282805316],[88.108506998821582,26.995182509704485],[88.108305830969584,26.995212452741089],[88.108053733258686,26.995224506669032],[88.107796792192175,26.995267060766757],[88.107588463242436,26.995346620259962],[88.107304388422875,26.995482502234736],[88.107095569595089,26.995614245284646],[88.107013251673195,26.99566617936469],[88.106928499080951,26.995756827255498],[88.106828331544023,26.995874159860534],[88.106770943142081,26.995992000983815],[88.106771556322627,26.996089494512013],[88.106815837042163,26.996254581727914],[88.106870730155975,26.99655556883614],[88.106876696825125,26.996716320829162],[88.106863417668833,26.9967282060259],[88.106802992987127,26.996782290561374],[88.106731385419906,26.996816160528134],[88.106635684250932,26.996833685109575],[88.106454285380821,26.996823647231],[88.106209160333123,26.996803194774774],[88.106050762465244,26.996825997757817],[88.105908866767692,26.996885380971353],[88.105706930931063,26.996961199461019],[88.105462129432027,26.997053622949281],[88.105273568111699,26.997093290216803],[88.105061155914257,26.997159378193821],[88.104820329786605,26.997263356203934],[88.104587753174712,26.997386535147058],[88.104432956568303,26.997451480393408],[88.104359728362013,26.997488773000253],[88.10425286591996,26.99755455156059],[88.10418942504019,26.997593602230662],[88.104042113159267,26.997723716465906],[88.103937293087114,26.997867721983965],[88.103808429724168,26.998049617621472],[88.103663954479046,26.998269575126564],[88.103559930326981,26.998493869557986],[88.103522412344262,26.998571821653815],[88.103428634566825,26.998684791200418],[88.103426604606469,26.998687236243651],[88.103337962008325,26.998754945864761],[88.103198225491667,26.998800913129369],[88.103181216661966,26.998806508802407],[88.10309694110822,26.99887230268574],[88.103037885663099,26.99895564559791],[88.102904463734617,26.999154746889108],[88.10282776636727,26.999276153155396],[88.10274836051012,26.99943197095909],[88.102637040724005,26.999583536736601],[88.102383819327258,26.999794391151251],[88.102132635307882,27.000011068187813],[88.101862465843013,27.000344187490771],[88.101668323699641,27.000594132895905],[88.101524229102964,27.000794972305208],[88.101375857889124,27.000988078386555],[88.101301291134945,27.001109571621235],[88.101272401648018,27.0011799611895],[88.1012708744191,27.001275544404109],[88.101289347616571,27.001451761330507],[88.101316073573258,27.001647178543415],[88.101328525928679,27.001798459334452],[88.101316038497473,27.001909161513364],[88.101250677665064,27.001990595854355],[88.101233823661232,27.00200279919537],[88.10113400084046,27.002075076552323],[88.10101557358243,27.002138621231111],[88.100712939459584,27.002235999237925],[88.100412440811553,27.002335378538191],[88.100384559158869,27.002351898349222],[88.100323981977851,27.00238779161997],[88.100246006551998,27.00245749377904],[88.100195680210774,27.002535274480401],[88.10015748685511,27.002651458485744],[88.100128214566638,27.002746698669721],[88.100054820976766,27.002923629088457],[88.100001881552586,27.003029994768973],[88.09997967998234,27.00305074672583],[88.099943301195793,27.003084751514756],[88.099768716203329,27.003189577290126],[88.099507422920411,27.003371666834898],[88.099255237933633,27.003515608183225],[88.099175651552486,27.003568413820204],[88.099091225842514,27.003624430639473],[88.09900665463357,27.00370560559719],[88.098923641069263,27.003819187661556],[88.098870507149357,27.003935201242111],[88.098779244009037,27.004031584159776],[88.098743760048094,27.004115269342169],[88.098735709163137,27.004236368527298],[88.098735250680491,27.004243263068009],[88.09870247360189,27.004290624796106],[88.098593056145035,27.004321754082142],[88.098482079736556,27.004320296681147],[88.098373712223321,27.004284427534571],[88.098271124799425,27.004255607289931],[88.098042532688339,27.004299258788144],[88.097715235119168,27.004335114226805],[88.097342933369646,27.004387664441982],[88.097117787844084,27.004442097423617],[88.096983242102539,27.004448029386705],[88.096791165257486,27.004441629140153],[88.096667763985025,27.004413326207697],[88.096478974344777,27.00434001647421],[88.09632394727015,27.004290254592568],[88.096189872867384,27.004257862975368],[88.096050770057658,27.004279000773661],[88.095945620768859,27.00431203682799],[88.095810211685432,27.004369583152123],[88.095642499623523,27.00444199236242],[88.095419007553076,27.004525097298206],[88.095282327308539,27.004530938910882],[88.095179883783118,27.004525830112197],[88.094887403239127,27.00452196370868],[88.094671851567938,27.004515395745866],[88.094394026443055,27.004534637858576],[88.094201086509514,27.004581850338337],[88.094052962897678,27.00462775280366],[88.09388757879384,27.004692511886411],[88.093759239732464,27.004706174360589],[88.093548530011716,27.004663281177521],[88.093322690258049,27.004633506679024],[88.093031364807231,27.004562729072958],[88.092829097884476,27.004527564490246],[88.092628102142299,27.004546016051158],[88.092499758553828,27.004555764006209],[88.092381514990635,27.004605919620399],[88.092214280398309,27.004647738212313],[88.092173374383123,27.004671378301683],[88.092136681404384,27.004692584448584],[88.092039397436949,27.004769759781642],[88.091938534399063,27.004929047048201],[88.091839900894868,27.005027764271457],[88.091808373869682,27.005059318562896],[88.091672475392556,27.005139799719043],[88.091665595173637,27.00514418837399],[88.091566747443025,27.00520724270563],[88.091515643345659,27.005328986619539],[88.091498401445094,27.005474100409469],[88.091511516114096,27.005587148524135],[88.091552469575063,27.00569089134957],[88.091632629365947,27.005881354634461],[88.091654182789497,27.005998310860466],[88.09162053775313,27.006099196619907],[88.091513753558431,27.006233546544721],[88.091508758024389,27.006238122611073],[88.09136797003795,27.006255642727442],[88.09121841404216,27.006261336331971],[88.091068747845981,27.006379062991591],[88.090876527816718,27.006407956197407],[88.090608951677197,27.006580409753465],[88.090315850341952,27.006746791557891],[88.090276596561395,27.006784468859102],[88.090212365704573,27.00682093721338],[88.09014941497567,27.006881245412355],[88.090124883318239,27.006949808551976],[88.090107829928399,27.007079629232209],[88.090120362500272,27.007223263787758],[88.090102071077794,27.007313661202119],[88.090096864732729,27.007320415293826],[88.090069064205963,27.007356478110847],[88.089935587320255,27.00742357524695],[88.089718588295668,27.007504844662499],[88.089538161133177,27.007575162417943],[88.089364132131919,27.007637919719205],[88.089080010897078,27.007781501384923],[88.088899098954343,27.007874758428102],[88.088590918127267,27.008046667075369],[88.088525364684187,27.008086216023017],[88.0884421151476,27.008136441276008],[88.088324556408537,27.008274527668579],[88.088284729476626,27.008362481374668],[88.088302657503121,27.008442583520683],[88.088332457473484,27.008578741767565],[88.08837904265296,27.008732365266123],[88.088434954078323,27.008970273315335],[88.088490769165944,27.00921391732756],[88.088507183258798,27.009380489673127],[88.08849682130581,27.009497013523916],[88.088447168292191,27.009655077155372],[88.088363665275935,27.009805063506526],[88.088293921375481,27.009888315934081],[88.088221853755343,27.009984950865725],[88.088182685565556,27.010162303630082],[88.088137786330222,27.010297514761699],[88.088131110780139,27.01044271209075],[88.088169273895929,27.010722507040118],[88.088177636778425,27.010864141558681],[88.088144628338014,27.010952358958725],[88.088144180007959,27.010953557709286],[88.088079450775439,27.010999297575708],[88.087982082968892,27.011068100484959],[88.087830565677208,27.011196198293653],[88.087742982265951,27.011330803682977],[88.087682754231324,27.01148687090728],[88.087621360273516,27.011612992207311],[88.087649216766309,27.011710190592424],[88.08765854035245,27.011792565657874],[88.087656806917138,27.011897704889225],[88.087701932265205,27.012009183056417],[88.087821569981614,27.012140814458036],[88.087934223979829,27.012301034232767],[88.088034551850185,27.012430495093593],[88.088137882784636,27.012510251872904],[88.088400425417632,27.012651426457417],[88.088686636090785,27.012777563296336],[88.08880704089276,27.012855668312636],[88.088848477964973,27.012934651945162],[88.08884103361585,27.01312763897203],[88.088818937322841,27.013301430624047],[88.088788324015411,27.01360894963867],[88.088741786897828,27.013841653172346],[88.088693999226862,27.014150823867165],[88.088667848367677,27.014448872288408],[88.088663533334952,27.014838935884381],[88.088658453836601,27.015284526149316],[88.088661196995631,27.015504541417634],[88.088646178267481,27.015640095552932],[88.088657887457188,27.015745407853533],[88.088690358345076,27.015882130968826],[88.088733498076706,27.016014161043735],[88.088734436927979,27.016124167860252],[88.088555847611403,27.016272472368261],[88.088279381081691,27.016529400306528],[88.088181212938068,27.016652453445644],[88.088086002868806,27.016761167076524],[88.088044733767674,27.016839504201688],[88.088042422222429,27.01697809855272],[88.0880343923791,27.017145369812749],[88.088008264276141,27.017276538647604],[88.087929157270153,27.017378254003166],[88.087701869315595,27.017568966320923],[88.087520026805393,27.017748244254552],[88.087397753094166,27.017882897312717],[88.087345712542358,27.017963541390277],[88.087276698899885,27.018101273556191],[88.087208458540971,27.018195993841534],[88.087099519903603,27.018326039253807],[88.086825424097441,27.018599780619759],[88.086662065434226,27.018796043841046],[88.086550269172605,27.018942818429732],[88.086438855971878,27.019063216998198],[88.086335928658528,27.019155116648584],[88.086259103152472,27.019283204946781],[88.086229589075643,27.019305192348469],[88.086145598775175,27.019367761556577],[88.08594346888583,27.019484651448579],[88.085810463123323,27.019559050281096],[88.085738768768735,27.019599153496777],[88.085602956080294,27.019743190371418],[88.08555357770733,27.019819052896192],[88.085445896021938,27.020031864157719],[88.08533735243482,27.020267525775175],[88.08523383207482,27.020380062660823],[88.085222227731506,27.020392677777306],[88.085215604904207,27.020399877311217],[88.085118575207545,27.020461329755353],[88.085116949817575,27.020555334511538],[88.085079508722785,27.020627547259242],[88.085062540494704,27.020747809093791],[88.084995518747732,27.020930551355391],[88.084963805577132,27.021042995053229],[88.084921323439332,27.0211609992242],[88.08487951169208,27.02123312370837],[88.084813646966225,27.021345045778634],[88.084724490048401,27.021439505652666],[88.084582570062864,27.021634681213094],[88.084419879158659,27.021789363755644],[88.084333147364561,27.021868529180519],[88.084234972809199,27.021995402490553],[88.08413893300191,27.022122273608581],[88.084046195346843,27.022306581043324],[88.083980133128151,27.022426150355031],[88.083943377323237,27.022586386541228],[88.083883538044333,27.022849503019902],[88.083843283780539,27.022959858394348],[88.083805165416678,27.023072214894913],[88.083732892440565,27.023182228685453],[88.083660103370974,27.023300466337595],[88.083672267904177,27.023361143162404],[88.083679083802977,27.023600362019849],[88.083654264212029,27.02381038424279],[88.083621290805937,27.023995468704062],[88.083607631556731,27.024182725693091],[88.083620449369946,27.024311067033963],[88.083637462975005,27.024703298539041],[88.083603915502039,27.024930439416309],[88.083577152886988,27.025127081289629],[88.083527598979046,27.025415221862858],[88.083460196561717,27.025749073030894],[88.083419553599796,27.025882368035195],[88.083383763049838,27.025985165001771],[88.083329249539062,27.026181460843429],[88.083280554096291,27.026287908063978],[88.083182567743165,27.026403310135169],[88.083101269164331,27.026539910374115],[88.083078380365805,27.026635233642221],[88.083072178951682,27.02674993507177],[88.083061133621257,27.026906603278217],[88.083063773102353,27.027136176016079],[88.083057580822725,27.027378954656864],[88.083086719792291,27.027691072744414],[88.083106738106295,27.028033690914484],[88.083120724591964,27.028221292677681],[88.083094359168982,27.028525073149353],[88.083063136330949,27.028738831594509],[88.08300862269131,27.028884688872854],[88.083015412923416,27.028914186549539],[88.083009017859581,27.029040265620495],[88.082982642608187,27.029217791670433],[88.082929865599937,27.029308947597109],[88.082821205067077,27.029426086463431],[88.082664806040484,27.029586588731348],[88.082577779387506,27.029684868630671],[88.082510061541271,27.029777674712921],[88.082467860307119,27.029874649902411],[88.082407036697987,27.03006512467201],[88.082370275801551,27.030223357770033],[88.082297129937345,27.03038880812953],[88.082228830056749,27.030516023967316],[88.08214733819058,27.030668006475054],[88.082061576265289,27.03081990192754],[88.082004236377472,27.030926173039578],[88.081948845325954,27.03105365096356],[88.08189208575736,27.031125512139166],[88.081803406017031,27.031195119568572],[88.081744705647779,27.031255602060767],[88.08165729306603,27.031380646244578],[88.081616260518672,27.031538881267299],[88.081592012071084,27.031710670226428],[88.081546324748771,27.031891757944269],[88.08151799604326,27.031946638784301],[88.081499794828432,27.031981899466871],[88.08139031012864,27.032031230675976],[88.081274818175089,27.032101881293475],[88.081196029957056,27.032150078590085],[88.081103660944663,27.032244448618744],[88.080900444343285,27.032433107487606],[88.080744961657516,27.032631838701651],[88.080614368821372,27.032783126910346],[88.080486922107099,27.032900959623074],[88.080313827602112,27.033039781848903],[88.080170177957797,27.033169299654467],[88.080040162522579,27.033284745143259],[88.079925285381918,27.033450630398399],[88.079813849067804,27.033571024447447],[88.0797515681287,27.033622560156047],[88.079702898251938,27.033662832823175],[88.0795681265421,27.033744736248146],[88.079428497588466,27.033790708613122],[88.079176312932432,27.033866273420983],[88.079050121707667,27.033928928710051],[88.079030960973299,27.033938442354767],[88.078903901331373,27.034034768030015],[88.078793045103822,27.034119407409232],[88.078716783934524,27.034216427636281],[88.078583029754483,27.034391609927241],[88.078407069341978,27.034542288211494],[88.0782250894962,27.034731112430347],[88.078010898538366,27.034933839043468],[88.077885245319123,27.035104328760802],[88.077756732538646,27.03529154574915],[88.077641280628939,27.035426641290684],[88.077582060749833,27.035495936731259],[88.077529000319544,27.035501267298738],[88.077443610612036,27.035500140406704],[88.077350310666887,27.035489368629761],[88.077246146015156,27.035495150093823],[88.077141589311481,27.035517657282494],[88.076983282919969,27.035570626413339],[88.076701159977588,27.035681593324707],[88.076496707410215,27.035772185877686],[88.076352129931664,27.035801340253641],[88.076202695251766,27.035794565424133],[88.076072422782545,27.035759376740444],[88.075815327200644,27.03564598428434],[88.075651434817161,27.035548234717467],[88.075538338427137,27.035443920903624],[88.075420587338854,27.035303766009232],[88.075323987262976,27.035170948889778],[88.075198368723264,27.034851404792533],[88.075146166999161,27.034783713498854],[88.075063929316769,27.034751609180514],[88.074783842460732,27.034738317402812],[88.074410261719976,27.034726198415644],[88.074194799452584,27.034680320682483],[88.074030133336137,27.034630358281287],[88.07373500325987,27.034552374673286],[88.073569756482954,27.034538165515453],[88.073414792971874,27.03454572729169],[88.073335029897578,27.034523179014354],[88.07323183798033,27.034471607352568],[88.073095214094224,27.034335878989655],[88.072713631244056,27.034000904762834],[88.0723240482112,27.033668323528111],[88.07203067216561,27.033489884876957],[88.07175141384667,27.033261438674973],[88.071469101675817,27.033059277974051],[88.071207844623771,27.032874194787563],[88.071116977081203,27.032717567909526],[88.071058423197854,27.032547038112327],[88.071034752294509,27.03236747522681],[88.07096702501147,27.032261377792032],[88.070842775896764,27.032185649789753],[88.07046353276472,27.03203474942222],[88.070182535677361,27.031918699500078],[88.06989105754738,27.031785746945761],[88.069564504394506,27.031678643393356],[88.069333034510294,27.031625326809419],[88.069114717385546,27.031591389485541],[88.068888102796663,27.031574002614505],[88.068764240459231,27.031538520370372],[88.068607927926408,27.031567956473474],[88.068402852251751,27.031536492421498],[88.068040541396641,27.03149107869784],[88.06797402928818,27.03148064972919],[88.067909402997614,27.031510842231476],[88.067777973462555,27.031549811017438],[88.067655519932117,27.031526647202526],[88.067325232739122,27.031486357300238],[88.066973593609788,27.031438727937282],[88.066643108665261,27.031405603705728],[88.066587075156122,27.031407296743783],[88.066436671868161,27.031457860423163],[88.066332509122489,27.031461242952915],[88.065998677075129,27.03147361056298],[88.065661879305452,27.031497836317481],[88.065480332739938,27.03149539240005],[88.065314508467722,27.031519496836449],[88.065086723788227,27.031569100346378],[88.064822265575614,27.031579947286417],[88.064664705023588,27.031587078761017],[88.064622726026357,27.031541397302799],[88.064474856297409,27.03143902674255],[88.064268775304114,27.031314366366832],[88.063974344042435,27.031198128672678],[88.063818275944513,27.031107619675939],[88.063670996394691,27.030976485429008],[88.063521438596638,27.030821546447942],[88.063284083497024,27.030483689453266],[88.063189875425934,27.030365290937205],[88.063118612731273,27.030318927766814],[88.062964043692617,27.030300193877697],[88.062671311832887,27.030248469559194],[88.062346461241091,27.030198697141792],[88.062040384207876,27.030139628442932],[88.061783120380085,27.030038249267925],[88.061562823918166,27.029963589172777],[88.061376337075288,27.029941935744354],[88.061029846310987,27.029906326962255],[88.060616553649879,27.029879309301375],[88.060371459220406,27.02984730884182],[88.060068350106732,27.029776377509183],[88.059799730918044,27.029715439615778],[88.059514390333959,27.029537062369691],[88.059449342199926,27.029517247284861],[88.059368530849682,27.029492630261775],[88.059348368212227,27.029565937776134],[88.05932646537542,27.029761707440329],[88.059290927370981,27.029974028490301],[88.05919648638428,27.030190249252144],[88.059121216389315,27.030382928794783],[88.058983695483093,27.030627300636414],[88.058809208608537,27.03084973013555],[88.058745588068589,27.030982756835897],[88.058676824010817,27.031101358709893],[88.058588800065763,27.031262798632884],[88.058508874434636,27.03141228783894],[88.058389315715644,27.031537445322861],[88.058254144761804,27.031692167062889],[88.058209682585726,27.03174306017792],[88.058064613670851,27.031798481036226],[88.057820394490221,27.031847380879888],[88.057818247662894,27.031847810404894],[88.057718245183892,27.031918182876517],[88.057660644985091,27.032013063662209],[88.05764495634628,27.032156261264667],[88.057638940196554,27.032181152109064],[88.057627672155704,27.032227772788985],[88.057517682370985,27.032259736075609],[88.057357091325628,27.032286308042764],[88.057158655474339,27.032341027298219],[88.057041227666502,27.032379503805082],[88.056901515491845,27.032394958198914],[88.05666591385237,27.032430123376979],[88.056330900619159,27.03250928586154],[88.055988275284705,27.032569242414258],[88.055757718302686,27.032626001266316],[88.055501969994609,27.032754093486393],[88.05524700647554,27.032836695005251],[88.054969202808564,27.032847347497444],[88.054805941008723,27.032869048257982],[88.054494842818727,27.032955816174137],[88.054303721785359,27.033051240294306],[88.054172482440237,27.033078158811783],[88.053961091396644,27.033104024601318],[88.053616187054089,27.033140081969634],[88.053337987483829,27.033172237196606],[88.053035774903108,27.033204039803881],[88.052605382750031,27.033241342411195],[88.052353673098153,27.033288184039563],[88.052166494090642,27.033307229764098],[88.052016376212961,27.033341051641379],[88.05182831386287,27.033412667080899],[88.051677134644535,27.033483690795599],[88.051674940823204,27.033484721041848],[88.0515695984991,27.03355977900172],[88.051410200695486,27.033674846876796],[88.051349635987933,27.03371914159764],[88.051256139515786,27.033787521917883],[88.050986942597987,27.033920209688326],[88.050895629034315,27.033954820224697],[88.050821152108682,27.033992140233522],[88.050793346239018,27.034006072999816],[88.050722985364942,27.034060063441942],[88.050630687242077,27.034149723660271],[88.050548674154001,27.034270535351769],[88.05045875024129,27.034379310996556],[88.050363881668289,27.03446171381422],[88.050317295456622,27.034495318109773],[88.050220687258303,27.034565006015086],[88.050057869260527,27.034649950940235],[88.0498959437802,27.034665835159721],[88.049735250267275,27.034697177674921],[88.049544614445296,27.034766311055545],[88.049158201493199,27.034885463295446],[88.048839380879627,27.034950534876639],[88.048689753831994,27.034958068643665],[88.048286331887667,27.034976592943185],[88.047998142178741,27.034967938347478],[88.047909692764875,27.034990690160946],[88.047793869540982,27.035053711000028],[88.047625020877859,27.035147961045997],[88.047589002743521,27.035168066614034],[88.047307749916939,27.035389072588483],[88.047083764591719,27.035559044734704],[88.047050804463055,27.035584056958641],[88.046908695754112,27.035681081616342],[88.046810460008018,27.035748152210218],[88.046663610381273,27.035913479291136],[88.046352310944769,27.036167586550818],[88.046059292989497,27.036445761895589],[88.045810549485708,27.036638441271688],[88.045647979378572,27.036777307991013],[88.045552034134033,27.036873082877587],[88.045520394504166,27.036904666561682],[88.045471393817024,27.036951339369612],[88.04520818559898,27.036895743891016],[88.044950133458485,27.036842033685296],[88.044662531840288,27.036799919917652],[88.044337077222792,27.036781260484251],[88.044134176744421,27.036783302756024],[88.043979012323732,27.036802690147802],[88.043697838959588,27.036853942594021],[88.043550285617869,27.0368974024843],[88.043480906125595,27.036896430182829],[88.043334930553073,27.03684669768959],[88.043157622388989,27.036751032809288],[88.04303368448582,27.036660942298877],[88.042932873717064,27.036618997250184],[88.042805182624434,27.036590945223079],[88.04254120424126,27.036573075471932],[88.04238149207599,27.036546970986905],[88.042091123693055,27.036507241369069],[88.041737306682094,27.036435563661566],[88.041580165108869,27.036414325761193],[88.041457318160909,27.036417424970718],[88.041342377735546,27.036425482109664],[88.04119996330887,27.036480975299618],[88.040966228960926,27.036566294231996],[88.040741585762788,27.036591963554443],[88.040463771756478,27.036602496532844],[88.040325899229714,27.036543291661069],[88.04007694237211,27.036422844678238],[88.039809307581692,27.036306819776417],[88.039559757484326,27.036222214966127],[88.039354880923611,27.036178851083967],[88.039104047597064,27.036170709809419],[88.038827042449768,27.036185140618624],[88.038506121145403,27.036169824981517],[88.038369930896664,27.036170354491937],[88.038252124920277,27.036190267001192],[88.03817137906006,27.036227437305268],[88.037969862018826,27.036303636041971],[88.037833327195557,27.03633519524546],[88.037833177234432,27.036335229612348],[88.037741463736666,27.036396207784708],[88.037668130107463,27.036471698357762],[88.03760448110819,27.036602325975437],[88.037556942313728,27.036733220597526],[88.037462456147679,27.036951815864263],[88.037400784800639,27.037130323326451],[88.037353837510409,27.037222894872887],[88.037328336826405,27.037306263715838],[88.037251641770865,27.037424766339068],[88.037061981219651,27.037589553165049],[88.036842472323031,27.037787440039267],[88.036598351422839,27.03801603521228],[88.036426575121652,27.038226489284558],[88.036234244063806,27.03839357482472],[88.036209335750542,27.03844349044606],[88.036181364459893,27.038519601084957],[88.036191994945895,27.038622581511842],[88.036213483275688,27.038677842297769],[88.036255484824977,27.038718994523304],[88.036331782085639,27.038782186231597],[88.036426562234467,27.038862370850971],[88.036529546141892,27.038933084545732],[88.036565716056401,27.039000523562404],[88.036583209014452,27.039074865592955],[88.03659140900794,27.039220804150499],[88.036561755945613,27.039399663913763],[88.036496224744539,27.039645078497024],[88.036430494070714,27.039899960544918],[88.03638631028889,27.040148029353961],[88.036344793987041,27.040393708048505],[88.036291716947488,27.040533981271182],[88.036213731579949,27.04072425922454],[88.036082177632622,27.040928074633534],[88.035921661230901,27.041267739094145],[88.035778738474448,27.041512088565518],[88.035663564380158,27.041595417990962],[88.035436990458138,27.041741268540914],[88.035427347564365,27.041753808522145],[88.035333078849561,27.041814488146287],[88.035289492380855,27.041871215135966],[88.035264286171071,27.041937856365273],[88.035267644172478,27.04205981176322],[88.035286910824894,27.042179553622155],[88.035303214820161,27.042320891420562],[88.035325841826022,27.042564977420078],[88.035312692839753,27.042715429638829],[88.035261587022333,27.042891634531657],[88.035191209501548,27.043110674162609],[88.035174399769573,27.043313606295534],[88.035147165445224,27.043407348597764],[88.035143262716971,27.04342078082184],[88.035021888144783,27.043493260506523],[88.034903379851485,27.043553791465932],[88.034814156957225,27.043592690847476],[88.034708374108092,27.043563167963157],[88.034529577383466,27.043555994572529],[88.034393082589176,27.04357802628563],[88.034272301261339,27.043617051720314],[88.03411643213029,27.043674750669279],[88.033859254809457,27.043728638874143],[88.033617890205605,27.043789872191841],[88.033195647220495,27.043975442949197],[88.03292937240812,27.044091368794245],[88.032898149345144,27.044110078429586],[88.032816100343794,27.044159245652114],[88.032682860572777,27.044305620462975],[88.032632344811674,27.044450759524707],[88.032595075855752,27.044603246432313],[88.032563041733567,27.044760599957989],[88.032507388381035,27.044891403517713],[88.032464482327484,27.045060527281464],[88.032393114418539,27.04517672668231],[88.032291895909381,27.045325934052656],[88.032198932624766,27.045432145519335],[88.032180199867753,27.045453548334443],[88.031937441313431,27.04560089176524],[88.031829706720416,27.045674974953776],[88.031729475500285,27.045743898591112],[88.031604337433407,27.045885672153641],[88.031449047191657,27.046065231973742],[88.031361269455729,27.046207448413906],[88.031285445121654,27.046428786851653],[88.031207346425461,27.046623750325139],[88.031136930041058,27.046779321070201],[88.031135282539154,27.046782960588217],[88.03109149192187,27.046846945128035],[88.031024676281191,27.046853225694882],[88.030982076107392,27.046843044187884],[88.030937601656234,27.046787463514704],[88.030866242065429,27.046748253873577],[88.030693074849779,27.046722047739596],[88.030570416670173,27.046717968771734],[88.030447556093833,27.046716279788537],[88.030393491466725,27.046735838178062],[88.030345552093621,27.046753179824492],[88.030253128459648,27.046845215481689],[88.030162977302439,27.046970705398621],[88.030077764737385,27.047112920553943],[88.029986124739054,27.047324432187537],[88.029915833006697,27.047536300288634],[88.029864009681461,27.047918091728434],[88.029865772475588,27.048130847622271],[88.029876930549349,27.048260150392174],[88.02992208783445,27.048432908230275],[88.029938385054976,27.048574156413995],[88.029901040536373,27.048654675486013],[88.029853171873654,27.048718851243304],[88.029810334243919,27.048749340467495],[88.029777454075358,27.048772742449305],[88.029639660634089,27.048868934468125],[88.029445228357147,27.049000168530082],[88.029149581463983,27.049118121878081],[88.02885927201082,27.049233682796746],[88.028560955942453,27.049351635041894],[88.028485812987086,27.049399409225703],[88.028398941691719,27.049454638965372],[88.028276662275104,27.049582071084028],[88.02814320807812,27.049735609184999],[88.028101986587941,27.049809150571861],[88.02809258767185,27.049892695580738],[88.028094943561385,27.050067309958383],[88.028090570015365,27.050327766976178],[88.028082448501465,27.050490255494232],[88.02806414937136,27.050626280342382],[88.028042815818637,27.050668516622945],[88.028036568906359,27.050680883438076],[88.027850230815289,27.050796616859941],[88.027818011832267,27.050816628094356],[88.027672009051315,27.050924588123685],[88.027598758435147,27.050990514877647],[88.027560002496173,27.051071314125451],[88.027496235156477,27.051211494613664],[88.027451247900899,27.051347164347291],[88.027393115361761,27.051470617088874],[88.027323809039586,27.051617967220533],[88.027189956205817,27.051800178626273],[88.027037718851531,27.051963097809626],[88.026874905964149,27.052116279374474],[88.026749554710449,27.052267605810641],[88.026658996492102,27.052412209162515],[88.026600463638601,27.052554868747745],[88.026563283624029,27.05270496261247],[88.026524906504335,27.052917184527089],[88.026442653622055,27.053047539065972],[88.026352293883789,27.053182584524276],[88.026220309912119,27.053405597230007],[88.026077550406995,27.053640287985985],[88.025938951328399,27.053779488131795],[88.02584948573454,27.053861964332899],[88.025761296418679,27.054023292593236],[88.025725786814149,27.054230825343918],[88.025723000403502,27.054395701912814],[88.025740867918287,27.054603946826116],[88.025807570413249,27.054762635265849],[88.025876842592922,27.05492849178335],[88.025887432262252,27.055024499372092],[88.025805046502427,27.055231159920492],[88.025765392917236,27.055364528051932],[88.025691441885783,27.055471075935298],[88.02566582916657,27.055568778972315],[88.025687859457463,27.055688611710661],[88.025711163179352,27.055884908545487],[88.025751061364375,27.056215375621395],[88.025775542769907,27.056504953004964],[88.025807134960544,27.056847279417678],[88.025823210508534,27.057158273232051],[88.025807078774136,27.057320581891485],[88.025786687801087,27.05758325084027],[88.025746435253538,27.057750071849547],[88.025655672648782,27.057906622978134],[88.025589627280098,27.058025296874558],[88.025583095827685,27.05809689353563],[88.025562421760156,27.058211412629412],[88.025537088240426,27.058301433539071],[88.025506454573161,27.058363628854195],[88.02542519218018,27.05843424443642],[88.02530289804146,27.058556895340949],[88.02501303908798,27.058803960995526],[88.024852683355775,27.058971567712721],[88.024635680559598,27.059174213480357],[88.024445665470225,27.059358098867616],[88.024231928250202,27.059522511231002],[88.024106863851841,27.05965471989002],[88.023992774210228,27.059770289387778],[88.023865139811491,27.059895329693699],[88.023753419689783,27.060027625553229],[88.02361984885394,27.060186029375558],[88.023491118212817,27.060380274555481],[88.023410927410296,27.060544169813252],[88.02328149802257,27.060776737251249],[88.023151867922692,27.061016382025429],[88.023044985793462,27.061179921365841],[88.022954715368982,27.061310184524707],[88.022921490661076,27.061379034482201],[88.02290724841744,27.061429035275463],[88.022894778630047,27.06153647529019],[88.022874300625816,27.061641345915042],[88.022853524622903,27.061767811915509],[88.022830177640444,27.061879852007106],[88.022807131026354,27.06198233404405],[88.022756196654868,27.06214897569993],[88.022723072374347,27.062215435195345],[88.022653455184013,27.062384288633819],[88.022569296104336,27.062622167889014],[88.022528065103458,27.062695706894996],[88.022406140342369,27.062957037192657],[88.022325346360248,27.063156775240092],[88.022230210611525,27.063408903159548],[88.022137943463008,27.06365864203012],[88.022097285673752,27.063851746278491],[88.022087184769077,27.06397591246758],[88.022099277010611,27.064128953229137],[88.02212253182995,27.064248941870304],[88.022192704251452,27.064367010452198],[88.022268112414096,27.064482779189792],[88.022395508759402,27.064687762772561],[88.022436020811327,27.064819720980122],[88.022507663660832,27.065002395743956],[88.022550348306012,27.065165597779291],[88.02255289397354,27.065330563642856],[88.022510266178585,27.065485345269948],[88.022454290200074,27.065632781527583],[88.022430604314351,27.065784121967241],[88.022415304743205,27.065888103592489],[88.022362994391059,27.065978190603044],[88.022263416840275,27.06618482866665],[88.022192223388927,27.066286685757351],[88.022063982772266,27.06644986593955],[88.021957193482777,27.066606234637586],[88.021907353685037,27.066713137547353],[88.021773748992601,27.06703163568864],[88.021696318090591,27.067188361012366],[88.021649048128864,27.067300134092399],[88.02157161891418,27.067459249010607],[88.021457992273739,27.067699160782276],[88.021373387734002,27.067842295950779],[88.021282411882282,27.068009955162626],[88.021240569126846,27.068089074607428],[88.021233035529306,27.068218017607148],[88.021207117156194,27.068332446814207],[88.021186437821143,27.068451654349211],[88.021157949932416,27.068554135808832],[88.021099701125536,27.068682456192267],[88.021028706477935,27.068774662928515],[88.020941396541417,27.068885899830168],[88.020883945109361,27.068966338295439],[88.020819759699023,27.069128020866327],[88.020664222076263,27.069326775298638],[88.020579348865553,27.069408955932602],[88.020523028586297,27.069463490589079],[88.020450459959775,27.06949118090558],[88.020316799721854,27.069496563473258],[88.020191546219792,27.069480528094903],[88.02002605577627,27.069480684232577],[88.019878449846232,27.069524118869435],[88.019713815801424,27.069594791667434],[88.019531224823254,27.069681957192063],[88.019280591988803,27.069819540303108],[88.019060217356639,27.069900222166432],[88.018821159121387,27.069983025773038],[88.018547499012868,27.070058212284682],[88.018402461402246,27.070106423845878],[88.018268074598481,27.070157535906919],[88.018262661871518,27.070159594180542],[88.018108618264918,27.070269844291801],[88.018051664647146,27.070321607111325],[88.018050865268592,27.070367007917142],[88.018047096134666,27.070431525704663],[88.017997650864245,27.070512141862842],[88.017950276210556,27.070631081469429],[88.017843177389253,27.070806472637337],[88.017624739509358,27.071090441640628],[88.017553239750612,27.071208932204076],[88.0175138696262,27.071325570671565],[88.017465394082109,27.071511415793729],[88.017424625204342,27.071706818250991],[88.017386127189198,27.071933464834785],[88.017360403411374,27.072031076042972],[88.017312926537073,27.072154794465995],[88.017279394732853,27.07223797901252],[88.017180500696782,27.072401602188048],[88.01707205333831,27.072567249748818],[88.017052446074842,27.072597199488719],[88.017003199036054,27.07262388932757],[88.016758293451687,27.072735362871683],[88.016728914316616,27.072753540626319],[88.016663767367319,27.07279384705577],[88.016544618667325,27.072892594646842],[88.016392237862021,27.073062669871756],[88.016282565522829,27.073230892286023],[88.016145700054992,27.073427430297574],[88.016046703689767,27.073593441903125],[88.01597183016294,27.073754942620699],[88.015918212048362,27.07392875100301],[88.015872300952822,27.074114594911116],[88.015853283238883,27.074291239173586],[88.015832096665818,27.074439209826338],[88.015854518847078,27.074532759396497],[88.015890088791394,27.074640825148965],[88.015938604637441,27.074768185876032],[88.015968635497032,27.074888108221952],[88.01599095947735,27.074991215414606],[88.015986288923031,27.075105912526276],[88.015978848554724,27.075232466828876],[88.015976347651986,27.07537822626896],[88.015921026308689,27.075647613737523],[88.01586777495622,27.075952933682707],[88.015799775723934,27.076339317848014],[88.015743353731409,27.076673221434625],[88.015726505203688,27.076880929336447],[88.01572181104855,27.076980696831139],[88.015750496786424,27.077043864127784],[88.015792507685489,27.077085022702086],[88.015871088398526,27.077176989434914],[88.015963015407337,27.077264265732371],[88.016095685115928,27.077318715303473],[88.016241100275806,27.077404318436905],[88.016331059832936,27.07745336180627],[88.016506239136234,27.077515517589806],[88.016692096876071,27.077577762060624],[88.016840484146272,27.077649116581814],[88.016962275741648,27.07771294550275],[88.017087905981796,27.077860495887158],[88.017179436465057,27.077978833881343],[88.017241903047676,27.078072920495842],[88.017277474278387,27.078178595792544],[88.017318784813909,27.078262855266814],[88.017399736834776,27.078371547449262],[88.017511923418127,27.078528476722177],[88.017618770231934,27.078685315493235],[88.017796792776821,27.078898097695625],[88.017819418253964,27.078982088245336],[88.017817818252624,27.079072889966817],[88.017791694699866,27.079194486634869],[88.017774347833466,27.079430868444614],[88.017768081190994,27.079645923825698],[88.017776558685739,27.079772747613358],[88.017784837703715,27.079916296071428],[88.017854514421416,27.080058352206478],[88.017924990068195,27.080154915949795],[88.018001106010217,27.080237233619094],[88.018068812274194,27.080336187435545],[88.018156104224687,27.080387530013269],[88.018353916560741,27.080536063565383],[88.018536011440915,27.080662821760829],[88.01862023590752,27.080738058928098],[88.018669456255353,27.080822407932118],[88.018711068618259,27.080889939704001],[88.018869240918718,27.081014041066904],[88.019085440404808,27.081179478183241],[88.019315288009764,27.081326067373002],[88.019515472983358,27.081491325557288],[88.019654459917135,27.081641441953547],[88.019787508090076,27.081829701526026],[88.019902569433441,27.081974680650735],[88.019977788195277,27.082102397054914],[88.020079103683415,27.082271182197498],[88.020197134509644,27.082397045234039],[88.020364391044239,27.0826169037332],[88.02044440538458,27.082756657308657],[88.020540518949304,27.082990973915102],[88.020606506314408,27.083354057118193],[88.020598509834798,27.083531142577925],[88.020518423810401,27.083589545998084],[88.02029048810688,27.083801652928315],[88.020194704786576,27.084252108123426],[88.020165597494909,27.084789658067468],[88.020166617475596,27.085202027817747],[88.020218286589369,27.085464482220825],[88.020193870255198,27.085718786683536],[88.020167359251928,27.086105708671056],[88.020166181850229,27.086647109520868],[88.020244982529675,27.086960191756337],[88.020387156065354,27.087317088052803],[88.020629942103668,27.087650326019062],[88.020799258396352,27.087798935191952],[88.020916585779318,27.087901913237449],[88.020512901200121,27.087846983512001],[88.020117893968546,27.087832063778837],[88.019787856428721,27.087760599533031],[88.019395145721404,27.087607086141865],[88.019096346870597,27.087588726408171],[88.018865558361469,27.087652501634665],[88.018618252808196,27.087749551621023],[88.018240805445458,27.087954819286868],[88.017766749315683,27.088192196753042],[88.016883001793914,27.088643945412947],[88.016651711000023,27.088741261782911],[88.016502009720071,27.088748760332358],[88.016040272261421,27.088661645100707],[88.015796618870155,27.088763071914055],[88.015538929649722,27.088840822039067],[88.015334633865365,27.088914599041694],[88.01527632863926,27.088953365643007],[88.01517255156574,27.089022365652994],[88.015120593078265,27.089251130939587],[88.015028956485281,27.089618038966396],[88.014975924117678,27.09028704107612],[88.0149515674279,27.090396299443647],[88.014917605472576,27.090469136242174],[88.01490725133209,27.090491341934449],[88.014794022593449,27.090551945512754],[88.014370806190641,27.090622673221215],[88.014038260170793,27.090704213590477],[88.013820973710025,27.090799765812431],[88.013774525310325,27.090820192222406],[88.013459929904144,27.091102715935591],[88.013248712453276,27.091582795296326],[88.013248140429781,27.09193175117414],[88.013224147696519,27.09243958306962],[88.013198337154051,27.092662671029231],[88.013162391681789,27.092891613610817],[88.012954178401017,27.093199557071728],[88.012827230414061,27.093293198466228],[88.012737790026605,27.093359172686021],[88.012432797323882,27.093492023539913],[88.012357076927614,27.093506139312556],[88.012280920441682,27.093520336182081],[88.012137080358031,27.093814749841435],[88.012077065985196,27.094201220495414],[88.011899480211241,27.094590854179341],[88.011944829391837,27.09475405780708],[88.012067565472179,27.095076046157644],[88.012299700157385,27.095246541849214],[88.012387166129301,27.09544382721192],[88.012373379405105,27.095625249163529],[88.01226821584693,27.095839047976327],[88.012214447266444,27.095878780334829],[88.012122138517597,27.095946990598375],[88.011871038408671,27.0960355811618],[88.011848112536953,27.096043669810516],[88.011728934572901,27.096137633833106],[88.011622566468901,27.096427896269695],[88.011483055007957,27.096774967029738],[88.011344601053835,27.097220361513457],[88.011335056688694,27.097251064402414],[88.011059124281687,27.097372467114457],[88.011029224854781,27.097385622179466],[88.01085361551543,27.097525075402881],[88.010774745988996,27.09758770646765],[88.010414474688758,27.097726225432854],[88.01015545697274,27.097880428825693],[88.00987578154654,27.097986662596487],[88.009537368955364,27.098096774876229],[88.009097199031487,27.098219876875817],[88.008753233596366,27.098285946378102],[88.00874880831627,27.098286796790216],[88.008468940592678,27.098486762955851],[88.008239735890186,27.098695825568551],[88.00794142576612,27.098959491849193],[88.007719076164378,27.099152462370039],[88.007659935303664,27.099335795503425],[88.007602015177667,27.099437762063243],[88.007568066276747,27.099547230049556],[88.007603636951771,27.099657685310998],[88.007719102070212,27.099778779704803],[88.007908422525418,27.099953522310546],[88.007948828818186,27.100092741851835],[88.0079400724658,27.100288680550346],[88.00787821835435,27.100474251425446],[88.0077883577802,27.100726458891643],[88.007625489200421,27.100951947238713],[88.007603952753584,27.100981763554145],[88.007203608575665,27.101186973561447],[88.00679025268424,27.101412604130598],[88.006750632390734,27.101434230506573],[88.006610370667261,27.101543767906769],[88.006534018044704,27.101603394294592],[88.006318711506964,27.101700871951369],[88.006225576897634,27.101763144818324],[88.006129499987949,27.101827384540044],[88.005830874827623,27.102110161449488],[88.005483502210765,27.102431043651745],[88.005207346677579,27.102453251407439],[88.004398504322594,27.102891635926223],[88.003993347415971,27.103153847077241],[88.003937058677636,27.103194911075512],[88.003888554870741,27.103226304511789],[88.003650473562359,27.10339997227096],[88.003549619113727,27.103675891372262],[88.003282813179396,27.104066224092879],[88.003264684475937,27.104092745623749],[88.003158648135198,27.104148916237673],[88.003097531790857,27.104181291804458],[88.002921904851959,27.104342195369028],[88.002902167039821,27.104360278324563],[88.002769257818201,27.104445179727072],[88.002696926662821,27.104491385073768],[88.002573131695769,27.104591441081784],[88.002481489428334,27.104665509274785],[88.002219041906798,27.104633038829792],[88.001915464619401,27.104576229590908],[88.001723928682111,27.10453060255881],[88.001500956670881,27.104446291539254],[88.001284234146183,27.104309411302243],[88.00106640190711,27.104244307331168],[88.000806051087011,27.104159453021818],[88.000384995633752,27.104101106871731],[88.00005441721278,27.104058359007421],[87.999628931173277,27.103947260850941],[87.999180570997794,27.103926780900917],[87.99896243813069,27.10387123062976],[87.998627229145058,27.103790158160415],[87.998409298734316,27.103729737382306],[87.998127187235809,27.103668503386373],[87.997726484094017,27.103667767435113],[87.99750622929885,27.103741246481061],[87.997109148501011,27.103841047773269],[87.996701690994826,27.103926240373408],[87.996290913726412,27.103887177843855],[87.995897877239827,27.103752716631444],[87.995525087045991,27.103685430545859],[87.995168569187641,27.103600652981257],[87.995022983793547,27.10363198238867],[87.995007713080085,27.103635268065347],[87.994861509902165,27.103747970938414],[87.994639543206901,27.103969313061455],[87.994606076135028,27.104002685012212],[87.994475200824766,27.104074135543581],[87.994401132937,27.104114572542898],[87.994205348508615,27.104317532086299],[87.993983167113697,27.104500922456221],[87.993735642462312,27.104771103466351],[87.99387527624954,27.104960180636986],[87.993941712369534,27.105050142032816],[87.993675014361358,27.105022622462549],[87.993472293543974,27.105005477197221],[87.993256867971169,27.10510771386064],[87.992978474719152,27.105137361041788],[87.992672876105999,27.10520009592377],[87.992340677376816,27.1052576895576],[87.992153064560583,27.105293293070865],[87.99197755224921,27.105247924419949],[87.991834789366919,27.105159816729369],[87.991685969163115,27.10506316405068],[87.991605662988121,27.105011008264171],[87.99158451530927,27.105113358788035],[87.991566467911042,27.105232652302092],[87.991525944773343,27.105413799099267],[87.991501087727201,27.105510879352547],[87.991454212691806,27.105693954222996],[87.991374192593611,27.105540835671931],[87.991264990172908,27.105367159838018],[87.991097120388403,27.105145375923449],[87.99109423411393,27.105146688882165],[87.991006266451777,27.105186709224956],[87.9909344124341,27.105324390996131],[87.990778705011621,27.105680817641677],[87.990804552700766,27.105840938056804],[87.990903115776035,27.105902464452992],[87.990965270774538,27.106018068336624],[87.990973416133059,27.106166397836706],[87.990903453650347,27.106504887026198],[87.990874692626917,27.106934812106015],[87.990868506963835,27.107293324789172],[87.990894261588551,27.107661849836692],[87.990947832545444,27.107963740760862],[87.990999173985273,27.108394755619244],[87.991027363007817,27.108619910928276],[87.991082252149312,27.108845338868452],[87.991154785813393,27.108980238412819],[87.991315163401794,27.109283671167447],[87.991454383835062,27.109577184069042],[87.991482269609264,27.109821455212451],[87.991450905701569,27.11008871487779],[87.991403925406217,27.110336675812402],[87.991199946185674,27.110706804883979],[87.990968325518025,27.110907129202612],[87.990937672695551,27.110959446659635],[87.990922621839857,27.110985133426908],[87.99078789595238,27.111055003517091],[87.990519560038351,27.111122968290594],[87.990203464966868,27.111171270218065],[87.989896630280953,27.111305684769398],[87.989822057359248,27.111346712617415],[87.989718673423781,27.111403591690987],[87.989686086737592,27.11174262518723],[87.989715289299738,27.111910342507521],[87.989770786377889,27.112097629845028],[87.989836153126177,27.112337576392562],[87.989889419020457,27.112658583188779],[87.989876100495053,27.112811419866873],[87.989941874817887,27.113022692667176],[87.990060950808271,27.113249029046539],[87.99006446597879,27.113354346871564],[87.990014809700313,27.113469968383448],[87.98999024636592,27.1135271622773],[87.989822516713232,27.113558459270852],[87.989665011247737,27.113587847649519],[87.989754580875285,27.113660803894835],[87.989874977571304,27.113805896806298],[87.989955555408969,27.114093904317858],[87.989957243050384,27.114304269907915],[87.989867636785888,27.114546906960857],[87.989758999658676,27.114645812550325],[87.989550377559297,27.114972837126217],[87.989302240502184,27.11541878996567],[87.989153477626076,27.115684503755233],[87.989073533223674,27.115979890508978],[87.988978847396439,27.116518823332374],[87.988922357344919,27.117005731678937],[87.98886661574592,27.117138815940145],[87.988686112010242,27.117380179694372],[87.988486071066376,27.117520823801605],[87.988317566481498,27.117685906203754],[87.988226530731922,27.118009694875866],[87.988244746608885,27.118191657229779],[87.9883280243738,27.118627905508074],[87.988325282873063,27.11878561079871],[87.988300587982422,27.118812409082555],[87.988238207581617,27.11888009927938],[87.988039218675098,27.118901056201651],[87.987692437458378,27.118925124812041],[87.987520823913684,27.118960993944327],[87.987247532997486,27.119009834847851],[87.986898220421423,27.119075877385995],[87.986725523824958,27.119108527297922],[87.987018447136549,27.119279235525156],[87.987054206734584,27.119375268597725],[87.987105886858956,27.119476444288267],[87.987247649451376,27.119621813959096],[87.987405534532925,27.11976267538196],[87.987536616355513,27.119907862727711],[87.987620544131104,27.11999993438253],[87.98771363103549,27.120178119047154],[87.987861446169248,27.120280476652841],[87.988115874265077,27.120398805841845],[87.988373785565969,27.120604881676627],[87.988850685868158,27.120795965832055],[87.98884409456312,27.121551513560959],[87.988797844855881,27.122463841997082],[87.988670328191063,27.122643985278795],[87.988573134282206,27.122805783672064],[87.988550857738758,27.123067858437217],[87.988574314666991,27.123254691869011],[87.988614503402388,27.123403384078603],[87.988692281586964,27.1235431538569],[87.988833442386948,27.123721973951508],[87.989240026626206,27.124004874905363],[87.989482970226277,27.124170809952201],[87.989665846393507,27.1244123901966],[87.990052556250419,27.124919718203699],[87.990276944536248,27.125233617087481],[87.990424058365363,27.125374293253749],[87.990459315086611,27.125503870736452],[87.99045150423234,27.125957960516292],[87.990485139222599,27.12617355826541],[87.990551226950075,27.126370492877353],[87.990612175101916,27.126557780246557],[87.990710917625151,27.126716937306227],[87.99083163355634,27.126842914250929],[87.990882812374508,27.126977450480069],[87.990841977258341,27.127172933029502],[87.990897957659215,27.127647047084782],[87.990926151485851,27.12787211107598],[87.991144293225986,27.128238487322513],[87.99128607232106,27.128383850930419],[87.991241212589188,27.128507560269448],[87.991129725776901,27.128773819897742],[87.991046531643178,27.129265143496216],[87.991100891820409,27.129834835782482],[87.991239846992428,27.130234151399414],[87.991261875246337,27.13041553834287],[87.991221849376004,27.130568011247728],[87.991154772083931,27.130782726166775],[87.991865103069657,27.130758500046042],[87.991906212551783,27.130854714077866],[87.992093633661597,27.131144170208348],[87.99231915448766,27.13139107066165],[87.992635377801989,27.131648797130417],[87.992948591065016,27.131767843009214],[87.993049064051149,27.131831419700926],[87.993268232956439,27.132140443610222],[87.993426144209934,27.132276429276597],[87.993791052774228,27.132496647272855],[87.994262587222764,27.132737428644873],[87.994576918575902,27.132794253467509],[87.994875732405077,27.132817534595162],[87.994966839958181,27.132799686793682],[87.994986058745695,27.13274435290171],[87.994994963188503,27.132718716496196],[87.99498203929366,27.132271803279568],[87.995089678689723,27.13228184385013],[87.995189399702042,27.132291146308308],[87.995402750832255,27.132313159622328],[87.995618408554819,27.132512173649015],[87.995770980008288,27.132652935221575],[87.995932921221069,27.132870251174722],[87.996138303803676,27.133045189247788],[87.996879228060379,27.133098192519601],[87.997361584583331,27.133071572055172],[87.997435858572203,27.133101241346168],[87.997715314670131,27.133320272786019],[87.998079628334935,27.133578619911731],[87.998355462531265,27.133697201125141],[87.998647524193146,27.133806405344068],[87.998872067315119,27.133803215288243],[87.998895642414439,27.133986660695925],[87.998914382058302,27.134139948882694],[87.999044283707477,27.134352119636066],[87.999499004241258,27.134640401509664],[87.999839041284531,27.134755014833694],[87.999851431736502,27.134965560206673],[87.999722621097291,27.135308017774697],[87.999608127650575,27.135440383252313],[87.999500075663221,27.135826123155269],[87.999426293866534,27.136073725924621],[87.999180874884544,27.136361989097921],[87.999027210364957,27.136549634932965],[87.999094893741471,27.136705079729783],[87.999272670678693,27.136932219228257],[87.999551237782313,27.137280411673359],[87.999606960166773,27.137386228507882],[87.999682339006554,27.137664581634219],[87.999733260101948,27.137834532086917],[87.999776795971798,27.13797983262829],[87.99984814571296,27.137946770669373],[88.000292866151099,27.137740695183247],[88.000484505082895,27.138284708287806],[88.00060554019457,27.138709450822432],[88.000627902922446,27.139276298248095],[88.000687354481315,27.139861010072767],[88.000633488138945,27.14026408374362],[88.000665826335961,27.140338814973099],[88.000698203546477,27.140399003224502],[88.000789867288603,27.140504896023408],[88.000980984343599,27.140659933805882],[88.001361392666212,27.140877234223918],[88.001699812534056,27.141007373592974],[88.002041126173751,27.14107762250076],[88.002002629244572,27.141268573782],[88.001987257250022,27.141384879892527],[88.002001832846346,27.141510598131614],[88.002169380333456,27.141677220108004],[88.002300908947646,27.141795510143709],[88.00254939047656,27.141915514956469],[88.002815776417862,27.141960938154458],[88.003140229284043,27.141938474714063],[88.003642134663124,27.14188260273809],[88.004048313166706,27.141824365376674],[88.004016564943484,27.141866832906462],[88.003940999961657,27.14198531522883],[88.003946568608214,27.14205111479226],[88.003984517201545,27.142177193820856],[88.004139720860209,27.142280909585519],[88.004345509268859,27.142358374667971],[88.004596613888282,27.142455691798311],[88.004517925248692,27.142626725676042],[88.004495980541364,27.142739955052733],[88.004502873637094,27.14292233338595],[88.004590702998854,27.143060989604738],[88.004683379280578,27.143110039931898],[88.005162336309411,27.143227129250835],[88.005531219205906,27.143336802724672],[88.005878442031175,27.143344561991213],[88.00638612323371,27.14334850665529],[88.006887931726013,27.143304480868338],[88.007197019397012,27.143233179620566],[88.007187966897121,27.143359362678499],[88.00720811883501,27.143547894326474],[88.007237885363111,27.143757511928822],[88.007287884825828,27.1439613379954],[88.007284667225761,27.144149598143098],[88.007321211707492,27.144359217650511],[88.007359164371238,27.144485295543081],[88.00745105893148,27.144776368476965],[88.007455222958839,27.144919826326102],[88.007417008934141,27.145206203933427],[88.007462041093333,27.145308386344539],[88.007636280203812,27.14547219493295],[88.007812426996949,27.145556351247432],[88.007799698025906,27.145680535932108],[88.007789099772324,27.145910523406044],[88.00780975657996,27.146072172683283],[88.00778640637985,27.146266046720228],[88.007814443144213,27.146382984140377],[88.007871224525857,27.14657802807438],[88.007889044309863,27.14670673199095],[88.00789654731895,27.146859241027954],[88.007840735160855,27.14719015043363],[88.007847533829334,27.147378502134345],[88.007915437144064,27.147510912345378],[88.008020569761257,27.147613903186347],[88.008251672184542,27.147772457314119],[88.008342345407542,27.147944055925805],[88.008382433782785,27.148138829810019],[88.008357877463979,27.148404389675253],[88.008300758112853,27.148813047684776],[88.008281672787945,27.149150470863219],[88.008293341007828,27.149443451472003],[88.008273932924865,27.149601573287487],[88.008188249917353,27.149731825443151],[88.008065073584191,27.149931278760395],[88.007979451560232,27.150027811255686],[88.007997774889319,27.15012664701079],[88.008059303675523,27.150244034083908],[88.008217559554438,27.150365755949831],[88.008408804050646,27.150508835417963],[88.00854905919563,27.150710932025987],[88.008636092744368,27.150891400974981],[88.008794452596774,27.151007148543385],[88.008916082439839,27.151125343731547],[88.008981354056857,27.151215847714479],[88.009138685967557,27.151304473705245],[88.009135570051782,27.151376306583831],[88.009122739986793,27.151540493456711],[88.009092110045813,27.15177012045336],[88.009135739837006,27.151959010780025],[88.009174122545033,27.152249363114894],[88.009204774965738,27.152506869381941],[88.009192169645232,27.152566327950378],[88.009182778693301,27.152724630718158],[88.009159830609804,27.152894611358224],[88.009147704065398,27.153016981531952],[88.009158934451548,27.153202414071441],[88.00920622131035,27.153307603707386],[88.009253794424893,27.153457665036857],[88.009295392493627,27.153565820969675],[88.009385669658968,27.153758326768514],[88.009473712988395,27.153885031580476],[88.009606368590028,27.153940592206304],[88.009756020057367,27.153978500707026],[88.009795463494569,27.154001767236604],[88.009807335477163,27.154101679223988],[88.009788630137706,27.15421798689297],[88.009803718619452,27.154313835960366],[88.009848857498483,27.154410043098466],[88.009921513472676,27.154461807742624],[88.010100815870572,27.154524060847269],[88.010160287076317,27.154566652096442],[88.010162665450665,27.15456835540185],[88.010021607509827,27.154660467442234],[88.00997534570331,27.154691223066013],[88.009876321971049,27.154757056375026],[88.009777882342604,27.154851287022513],[88.009693101444242,27.154927867044588],[88.009549245754627,27.155135058396137],[88.009468630908231,27.155358082289297],[88.009431273370652,27.155560476998009],[88.009372850084006,27.155685466829695],[88.009355149287117,27.155742037460524],[88.00933057062349,27.155813361834706],[88.009341515964053,27.155954013285278],[88.009369356976805,27.156085883016328],[88.009474097039089,27.156212768572392],[88.009591830615904,27.156295219309719],[88.009594577034633,27.156297143210097],[88.009567047458077,27.156314983434566],[88.009471284014765,27.156377043896875],[88.009393079657954,27.156456700072489],[88.009314572294642,27.156557264605254],[88.009274928370019,27.156723988151043],[88.009258758427407,27.156891161630551],[88.009239853235272,27.157022312476037],[88.009257877555754,27.157139157948503],[88.009331762449037,27.157310487139579],[88.009422746421578,27.157461086585627],[88.009512624594166,27.157677487240306],[88.009595925915875,27.157884837435645],[88.009647945029798,27.15796918812066],[88.009868753246963,27.158145478805057],[88.010063451510149,27.158285659896148],[88.010199752627912,27.158323297772657],[88.010416194708654,27.158365091037133],[88.010485914104805,27.158389974142896],[88.010511019851023,27.158485911991701],[88.010566280497898,27.158573338324679],[88.010731027157348,27.158710081185227],[88.010942323899016,27.158859400522346],[88.011140062716393,27.159017408803248],[88.011214754763941,27.15914094804932],[88.011198735411909,27.159206342351958],[88.011101852601527,27.159297812625152],[88.01095575966049,27.159442282755588],[88.010816470650099,27.159775012391012],[88.010803139715591,27.159969067039331],[88.010799929612588,27.160114218907662],[88.010762592232581,27.160189644503962],[88.010688855449501,27.160400811618985],[88.010636056448149,27.160558395080599],[88.010642559740518,27.160764666028513],[88.01066211942306,27.160992115959473],[88.010736812236559,27.16111855096408],[88.010866967698462,27.161320554267672],[88.011042868430025,27.161585910565798],[88.011080027585493,27.161759775494076],[88.011164137122691,27.161919245185583],[88.011284778110607,27.162091200402433],[88.011469266723651,27.162246132601258],[88.01159051584186,27.162289197914074],[88.011456539144376,27.162404346059851],[88.011303361354848,27.162572529856071],[88.011292869048674,27.162793556519134],[88.011317802341793,27.163098663088739],[88.011402443050727,27.163422588016907],[88.011405804366959,27.163584057020255],[88.011375053026811,27.163658278188365],[88.01128117756177,27.163872073510944],[88.011207238355325,27.164098174739664],[88.01117246678433,27.164372604736521],[88.011165111603333,27.164605578141831],[88.011235566062624,27.164788851899068],[88.011377086540023,27.165054504966317],[88.011390660430621,27.165292974672553],[88.011415268269815,27.16541878144573],[88.011409719111754,27.16554422927539],[88.011408992536772,27.165756645917707],[88.011418059673318,27.16584019448657],[88.011392777237276,27.165953334212588],[88.011345852522737,27.166158888034772],[88.011333722482277,27.166310182483286],[88.01136247455014,27.166356378608132],[88.011462053460775,27.1663995403187],[88.011625281450648,27.166422692247462],[88.011877029634917,27.166427137805655],[88.011921282049926,27.166504390036152],[88.011889521855736,27.166605583322077],[88.011884676896642,27.166689214233646],[88.011902023738173,27.166900423237021],[88.012087403777997,27.1669489544322],[88.012169082892299,27.167057647585157],[88.012333644129427,27.167206244901202],[88.012511865850499,27.167334204537401],[88.012745121042528,27.167370199664443],[88.012987918327539,27.167402346076962],[88.013069722551464,27.167326918722118],[88.013069845026777,27.167326805711088],[88.01320856613404,27.167227136994772],[88.013221141310694,27.167222001972331],[88.013477722918353,27.167117225687225],[88.013800208668115,27.167011106581924],[88.014009191921261,27.166997973479358],[88.01407971575334,27.167077595708914],[88.014158959562536,27.167135510988551],[88.014284754391596,27.167199937859539],[88.014440306739857,27.167201636997302],[88.014473897292987,27.167277207716605],[88.014539483171959,27.167349787452601],[88.014633418715306,27.167524369058544],[88.014755908011026,27.167786016668803],[88.014837087760199,27.16792158854809],[88.014893490798343,27.168143511261292],[88.014931359767488,27.16827248295159],[88.015046335563412,27.168390582256485],[88.015238120370341,27.168506770207344],[88.015402688172969,27.168649481320287],[88.015522340170946,27.168881169731005],[88.015776473549664,27.169066859285739],[88.01589235384445,27.169131195295162],[88.016207198770346,27.169281939666011],[88.016411841874572,27.169425096199323],[88.016516701938329,27.169546091899754],[88.016558113321324,27.169666192517749],[88.016596385124686,27.169771268129825],[88.016700978224833,27.169845030689217],[88.016772377454828,27.169836409824971],[88.017009078887313,27.169863526701494],[88.017305891265678,27.169894436277918],[88.017421974234551,27.169949810242684],[88.017539494345399,27.170109813913236],[88.01766533156848,27.170374444639929],[88.017779712481001,27.17052241094618],[88.017944686960874,27.170647197427336],[88.018132237753193,27.17081705456204],[88.018361262665891,27.170903816521328],[88.018630862641558,27.170961246391901],[88.01890814223654,27.170962016405099],[88.019004088773471,27.171020108084793],[88.019116213900986,27.171123372751953],[88.01910481415122,27.171185814486488],[88.019096234905575,27.17129632737986],[88.018999928968626,27.171459352592773],[88.018923759916206,27.171619657904799],[88.018860749148573,27.171789102014799],[88.01883487265421,27.171932201641596],[88.018832372844273,27.172081543688691],[88.018872487337859,27.172279301057287],[88.018932539456742,27.172477325521893],[88.018935880298656,27.172627136602738],[88.018839622720307,27.172707528916771],[88.018767240337411,27.172767980480273],[88.018481577398447,27.172868672795378],[88.018199453610848,27.172954521246236],[88.017886972358994,27.173060828672483],[88.017801822308854,27.173110386735907],[88.01770139550753,27.173168836058473],[88.017642122160069,27.173314476212774],[88.017574967219915,27.173528722305729],[88.017546706434828,27.173708953695897],[88.01754504947769,27.173719521260761],[88.017457218817952,27.173778094423742],[88.017252702701668,27.173817135778528],[88.017062046701369,27.173832461039893],[88.016692889003465,27.173929089854358],[88.016605269052548,27.17396680423062],[88.016524607965977,27.174001523250464],[88.016380639705304,27.17421469358095],[88.016236271105697,27.174454746832598],[88.016044645845668,27.174718067462301],[88.015733294997034,27.174952894384585],[88.015411823054137,27.175193604206218],[88.015266115298871,27.175311106241811],[88.0151601815775,27.175450143321445],[88.015005890229403,27.175684041711978],[88.014784372140412,27.175890614890317],[88.01474729457756,27.175924801237471],[88.014724090048887,27.175946195398325],[88.014562082751524,27.176045596581769],[88.014383664936503,27.176141622223891],[88.014356359613856,27.176156318042111],[88.014315617357127,27.176186049948623],[88.01421663243913,27.176258284393928],[88.014130797374193,27.176257808505618],[88.013836104454981,27.176295679893673],[88.013614384273694,27.176370378199842],[88.013527838956804,27.176412240557209],[88.013476254196036,27.176437192131583],[88.013381633498142,27.176519240436861],[88.013264369514431,27.176593724938169],[88.013202594092633,27.176637761872652],[88.013158212669012,27.176665949207504],[88.013006021495059,27.176774398515175],[88.012930040901182,27.176922843542862],[88.012760249245062,27.177084877536196],[88.012637712450726,27.177214682478215],[88.012530571165641,27.177425311114657],[88.012491426010882,27.177568229761857],[88.012423219951685,27.177765389461374],[88.012351002889645,27.177899201327712],[88.012331278153454,27.177942597188064],[88.012369749269581,27.178041700861783],[88.012451738045485,27.178132472425268],[88.012525941866485,27.178285876926253],[88.01263748701335,27.178409862193405],[88.012778285326988,27.178576201976796],[88.012893170496099,27.17869728875753],[88.013035074602868,27.178800815343646],[88.013166557935151,27.178928054999034],[88.01331356747103,27.179088601298691],[88.013293096344,27.179150874189354],[88.013238156265729,27.179236774965005],[88.013145976737974,27.179352095318521],[88.013124233588869,27.179450391416381],[88.013122127569432,27.179572851927215],[88.013084297690128,27.179609487561102],[88.013033890105419,27.17965830334423],[88.012902635562725,27.179713348928356],[88.012780993015483,27.179774881116359],[88.012680358457473,27.179825785584807],[88.012608593456989,27.180103752260568],[88.012549609717695,27.180234454522648],[88.01245916464994,27.180445353302531],[88.012445332394506,27.18066927576362],[88.01252918646783,27.180910662525442],[88.01268725981987,27.180977341358666],[88.012819749143489,27.18104792293634],[88.013088969033717,27.181129257597732],[88.013167920976713,27.181202018090691],[88.013182113261962,27.181351628419133],[88.013175061835184,27.181569667152178],[88.013200076106358,27.18167157805879],[88.013274284724162,27.181827968374787],[88.013270874179952,27.182025189682882],[88.013153609121247,27.182244689713229],[88.012983608087609,27.182415683762645],[88.012819402258685,27.182606903054801],[88.01282475844215,27.18271528962293],[88.012855749752347,27.182862182327817],[88.012962354395697,27.183072784409909],[88.012977047204402,27.183195513884652],[88.013038599260057,27.183309910449875],[88.013162404762269,27.183493810532241],[88.0132647368401,27.183566929547872],[88.013330130486551,27.183651547094684],[88.01333246830005,27.183708297169186],[88.013286842721499,27.183836192729707],[88.013232632088474,27.184077497732506],[88.013259783529293,27.184248195225372],[88.013256904952399,27.184615664706566],[88.013366481305653,27.185047471877159],[88.013482738018752,27.185482264234611],[88.013515666130942,27.185706903817589],[88.013518836278351,27.185913084820616],[88.013456309871202,27.186052658654098],[88.013329823637932,27.186224279722438],[88.013148191584619,27.186487775495724],[88.013160378771545,27.186753872089792],[88.013160839698202,27.187118444124597],[88.013033579677156,27.187531997403866],[88.013018944847516,27.187803708069723],[88.013034239916848,27.187884621690312],[88.013256647472559,27.188165535886636],[88.01354261553513,27.188444360342441],[88.013742145941677,27.188698032738728],[88.013812918279626,27.188857409660045],[88.013875107406392,27.189133093799601],[88.013911709755888,27.189534046169591],[88.013906095870368,27.189865672683226],[88.013861102472546,27.190151870033223],[88.013870652425723,27.190379137471666],[88.013932572241416,27.190863989055398],[88.014006285963632,27.191047260541893],[88.01422679714679,27.191441761762785],[88.014479574677566,27.1917080973586],[88.014729114723281,27.191965473038671],[88.015081298599483,27.192281030511381],[88.015464881330388,27.192716598765845],[88.015555600121928,27.192882128843785],[88.015635797696532,27.193080423934457],[88.015719536903205,27.193263874111899],[88.015862197535469,27.193525787997416],[88.015879935300418,27.193660462848968],[88.015880570170665,27.193818854055721],[88.015844564629646,27.193973720261067],[88.015723350101482,27.19422010454845],[88.015629759700232,27.194419057070039],[88.015691889683126,27.194894946986633],[88.015773591188321,27.19520924074537],[88.015809001879646,27.195473284161171],[88.015825235426675,27.195697563678848],[88.015882556240328,27.19586273499969],[88.015986038185872,27.196070257387344],[88.015990916118199,27.196174976694309],[88.015989848615646,27.196431932771276],[88.015926118934374,27.196646176873973],[88.015907313993566,27.196768457489569],[88.015865762851789,27.197048771276592],[88.015701422201857,27.197282580574786],[88.015516037473517,27.197569882919588],[88.015365491364307,27.197977195590362],[88.015331721307049,27.198194874482688],[88.015333092106971,27.198505682855316],[88.01531198048616,27.198765357094835],[88.015362855360323,27.199115620818887],[88.015349762246927,27.199488973539186],[88.01530830884542,27.19976928675657],[88.015199546664732,27.200072597625617],[88.015007875550964,27.200335916100371],[88.014858193133421,27.200492245009158],[88.014726315084729,27.200583134653211],[88.014634321175038,27.200689404278091],[88.01454022105149,27.20091523764027],[88.014485771611888,27.200974256775904],[88.014382953601185,27.201122252869464],[88.014334657580477,27.201312311721967],[88.014288651813516,27.201363019171694],[88.01423586992702,27.201415123663011],[88.01419007580246,27.20146032991946],[88.013961123783005,27.201561820010987],[88.013650063314344,27.20157842346789],[88.01343761398843,27.20163767155702],[88.0134250519136,27.201641174551664],[88.013323093528655,27.201715611106682],[88.013232241733078,27.201781940148848],[88.012872408571681,27.201914490227839],[88.012629991810797,27.202018786186208],[88.012415402167562,27.202060717076769],[88.01239426901715,27.202074063082492],[88.012290401223026,27.202139655932807],[88.012203277151173,27.202350643666176],[88.012148153033053,27.202645709254515],[88.012096569173224,27.2029258409381],[88.012014317513476,27.203241456853384],[88.011939740470041,27.203317558989731],[88.011898734803324,27.203359403181768],[88.011753890398239,27.203426215979327],[88.011640864471161,27.2034557011009],[88.011573824511601,27.203473189373476],[88.011535052331254,27.203518830680803],[88.011526664813019,27.20361730629465],[88.01156534520544,27.203704462736475],[88.011613042287962,27.203845560351375],[88.011670058772296,27.204031640817202],[88.011750560063447,27.204209029938784],[88.01187215038594,27.204330207357696],[88.012036062713108,27.204514736484647],[88.012187317207335,27.204663153333648],[88.01228776180686,27.204846785487025],[88.012379288768074,27.204967604935078],[88.012556364665784,27.205167246001047],[88.012727963850111,27.205292037558547],[88.012822230785474,27.205448697692141],[88.012873673107052,27.205571965031236],[88.013017746216946,27.205741199402478],[88.013145018303945,27.20592220240783],[88.013265809807464,27.206091167416261],[88.013358842816316,27.206122381444057],[88.013453215216487,27.206180172679353],[88.013519120412212,27.20632772713115],[88.013585360464404,27.206558697505493],[88.013668002932789,27.206810845700286],[88.01378161295311,27.207006602186414],[88.013898664780015,27.207196474859014],[88.014010239104294,27.207320457769626],[88.014103807197273,27.207515945710959],[88.014181976525862,27.207636584309704],[88.014290812789156,27.207724725105638],[88.014497026145833,27.207778279527489],[88.01458550279051,27.207859267674348],[88.014621562620704,27.207923440052696],[88.014626842007246,27.208010145966679],[88.014622197495498,27.208081739358818],[88.014578801521921,27.208275435070572],[88.014584914005241,27.208508586052993],[88.014568945363607,27.208657746749253],[88.014574223835496,27.208744454480161],[88.014646012608011,27.208844094118032],[88.014799893453755,27.208980032461191],[88.014972726721027,27.209087519946873],[88.015082465417706,27.209118911432245],[88.015149212873666,27.209325987278138],[88.015197217189652,27.20944617670882],[88.015237839576628,27.209614064677066],[88.015275222425203,27.209772903192544],[88.015279732925251,27.210098735550748],[88.015304554157652,27.210212591869222],[88.015399787408228,27.210452902209706],[88.01545615448903,27.210534330913593],[88.01545445098192,27.210632985788227],[88.015422881624318,27.210722141141805],[88.015336057934547,27.210912222392878],[88.015223710470508,27.211033247857092],[88.014935942512537,27.211250418533247],[88.014782504207446,27.211433630093723],[88.01452349853902,27.21172890590519],[88.014245151699825,27.212093313788436],[88.014265255194857,27.212370829094144],[88.014212167821015,27.212737579367904],[88.014204742756348,27.212767250680596],[88.014174922384839,27.2128864105247],[88.014267215912227,27.212921706937781],[88.014270523894751,27.212923989608726],[88.014298692814918,27.212943434349722],[88.014326734696127,27.212962791670282],[88.014341012359054,27.21297264594514],[88.014353727667071,27.212981423710556],[88.014387734089851,27.213004897222497],[88.014391353305186,27.213007395071454],[88.014397016421825,27.213011304796581],[88.014398314013604,27.213012200574791],[88.014458506992142,27.213053750722285],[88.014462917722682,27.213056795501011],[88.014540779418127,27.213110540905678],[88.014541564423652,27.213111082645554],[88.014551512262656,27.213117949673929],[88.014551900998555,27.21311821797439],[88.014553860888597,27.213119571537163],[88.01456522469428,27.21312741483446],[88.014609718569645,27.213158128235786],[88.014612431104339,27.213160000333563],[88.01461249571291,27.213160044906118],[88.014612656208215,27.213160156389598],[88.01461457831391,27.213161482421878],[88.014621844845465,27.21316649876869],[88.014656470514723,27.213190399065123],[88.014695325043519,27.213217219924683],[88.014714232161793,27.213230270716512],[88.014752447019035,27.213256649192456],[88.014780273696829,27.2132758581565],[88.014803963079942,27.213292209997086],[88.014810763324107,27.213296903997307],[88.014814805766832,27.213299694152063],[88.014829755565657,27.213310013950448],[88.014837998779527,27.21331570401167],[88.014848483953045,27.213322941285448],[88.014849469236637,27.213323621014695],[88.014854562716579,27.213327137252605],[88.01487078426517,27.213338334808405],[88.014873948042919,27.213340518960376],[88.014890626136491,27.213352031064098],[88.014891444533944,27.213352595953513],[88.015047222660783,27.213460124934308],[88.015611723434603,27.214027451310962],[88.015667397929548,27.214083402768626],[88.016519581123347,27.214891772589667],[88.016524372809442,27.214896884501094],[88.016585103317112,27.214968482994891],[88.016881892449334,27.215099354078358],[88.016902929528129,27.215108630107085],[88.017427436478386,27.215250608268356],[88.017488204457635,27.215267056676122],[88.018149309184963,27.215402903065215],[88.018809722679194,27.215553273025655],[88.018825524441539,27.215556871409284],[88.019386599959788,27.215771247269867],[88.019476350039611,27.215805539069375],[88.019839496749782,27.21605394995197],[88.020273285458231,27.216397267073038],[88.020672663479431,27.216582429949906],[88.02070212297285,27.216596088320721],[88.021171380410109,27.216709303441565],[88.021351810924969,27.216752390771582],[88.021872773402251,27.216876794920708],[88.022109974861891,27.21692209779517],[88.022355453092899,27.217279408357026],[88.022371763190762,27.217303149629615],[88.022432537790166,27.217391611252356],[88.023093188527753,27.218028370805438],[88.023183374069106,27.218187152541748],[88.02323933125966,27.218285670067935],[88.023486479443676,27.218772905290724],[88.023616702515483,27.219029632038659],[88.023617130023055,27.219030475442622],[88.023919680501393,27.219441271097118],[88.024277848249938,27.219617577007302],[88.024555396758714,27.219712502205397],[88.024848103692023,27.219753331709235],[88.025125626843305,27.219812237607712],[88.025333890210703,27.219917147276522],[88.025448531667877,27.219974895708674],[88.025816769361668,27.220191748351926],[88.025907577048073,27.220227916446735],[88.025907878434325,27.220228121982025],[88.026079106455455,27.220345371016577],[88.026114345145189,27.220422117361686],[88.02637172012281,27.220507978303289],[88.026729929565889,27.220666222651722],[88.026972200819642,27.220756618132082],[88.027209318188767,27.220824480989407],[88.027431378669988,27.22084722661581],[88.027810009922973,27.220743703437495],[88.028052414403476,27.220617526400499],[88.028192866095196,27.220525682959504],[88.028410959189912,27.220383069349662],[88.028784629555716,27.220234442122567],[88.029047219802763,27.220162460877376],[88.029259152537762,27.220149077642589],[88.029587246213623,27.220194421537627],[88.029930397177111,27.220284883297261],[88.030333992228321,27.220447568899989],[88.030463929229498,27.220503711652434],[88.030762940609748,27.220632906719683],[88.031090828404629,27.220809147096709],[88.031126611918594,27.220817276906448],[88.031449146416662,27.22089055458261],[88.031726663691487,27.220981042733776],[88.031973975769844,27.22102625527058],[88.032685655657389,27.22106741168356],[88.032872344345776,27.221053939349055],[88.033927319950138,27.221036587971483],[88.034371532037412,27.221036919954724],[88.034618808206105,27.221023539077006],[88.034936823103976,27.220983094272224],[88.035310446932044,27.220906668980316],[88.035728864013791,27.22083785828897],[88.035774852452818,27.220830294884585],[88.035849926993095,27.220814056488891],[88.036108023263978,27.220758228930059],[88.036441219175416,27.220699795155191],[88.036693689501121,27.220636811271994],[88.037077245488831,27.220618986822746],[88.037753722244119,27.220533723078287],[88.03798092153464,27.220457111872541],[88.03807179560593,27.220434592877869],[88.038354589372517,27.220276864373563],[88.038834393631276,27.219880070769229],[88.039081913803599,27.219632057315835],[88.039369799253336,27.219370564193667],[88.03951121391728,27.219266781885811],[88.039639697492333,27.219245986144916],[88.039733334773317,27.219230830121038],[88.040091740536681,27.219213003072397],[88.040671764562518,27.219231999896579],[88.041075868198163,27.219245234159398],[88.041504820823434,27.21940796998144],[88.042453673327543,27.219458146934958],[88.042511571510843,27.219459403748715],[88.043094710480062,27.219472062990519],[88.043887341286037,27.21922882789017],[88.044998207036727,27.218602256773732],[88.045075111519807,27.218563678203306],[88.045689991655877,27.218255227396568],[88.046397969934034,27.217976482760804],[88.046891536175835,27.21778215297519],[88.04757314607123,27.217471118943404],[88.047855594507098,27.217286791025995],[88.048436668252663,27.216907577446168],[88.04887014378518,27.216380058918539],[88.049007438922118,27.21621297732969],[88.049285322820225,27.215825064216688],[88.049467706133143,27.215591244638002],[88.049866190497937,27.215080376296278],[88.049876392314189,27.21506729717504],[88.050573339516021,27.214413362138401],[88.051443378158226,27.213966563804725],[88.051512406883205,27.213931114463264],[88.052269759214539,27.21359303881697],[88.052411068679035,27.21356606910722],[88.052824987182888,27.213408319793682],[88.053511567196679,27.213286886191035],[88.054228052329307,27.213467732934252],[88.055151729549863,27.213423045709547],[88.055394071962212,27.213478691759388],[88.055612913312487,27.213528941458744],[88.055762317696534,27.213563246638163],[88.056171037582018,27.213775561361221],[88.056423374768798,27.213829808910855],[88.057145145608899,27.213821115893865],[88.057553898710026,27.213929699713205],[88.057927337812629,27.214051639749812],[88.058083792282261,27.214024639855374],[88.058719628246067,27.214079147920359],[88.059118425959753,27.214106375671083],[88.059749155391586,27.214282696597511],[88.059796545597806,27.214286108599133],[88.060380060863878,27.214328116342077],[88.060494364098133,27.214317051236222],[88.060844414476364,27.214283164857147],[88.061440117159393,27.214130062796045],[88.061863949514247,27.214220466260521],[88.062071319433457,27.214323374782179],[88.062328186890397,27.214450846605253],[88.062767264647732,27.214572907698084],[88.063635329821935,27.214636463742167],[88.064180494924187,27.214541959654497],[88.064498544424069,27.214402146712192],[88.064660052077073,27.214311999832852],[88.064862174082776,27.213937541783984],[88.064927961216412,27.213635256250114],[88.06483168804526,27.213337745202367],[88.064771710379773,27.213152393955266],[88.064454228473878,27.212267773029787],[88.064368797643496,27.211703756645349],[88.064372930743232,27.21162836425291],[88.064404425472503,27.211053964158573],[88.06449553622052,27.210643337721809],[88.064758234359786,27.210088412761248],[88.065086566087274,27.209650887207868],[88.065520842758858,27.209163716023344],[88.06608129262105,27.20875791408044],[88.066944561232702,27.208248337330243],[88.067166729995094,27.208072415604821],[88.067848333178347,27.207603486148209],[88.068444141556924,27.207021551572932],[88.069196410113207,27.206521023394441],[88.069716341262207,27.206209851747573],[88.069928408092707,27.205970812625882],[88.070448543459889,27.205470153247205],[88.070771762213198,27.205019021314811],[88.071170657584574,27.20456342903692],[88.071690620964233,27.204162067609012],[88.072099529074123,27.20397270470216],[88.07262950425104,27.203837482019956],[88.072785096735075,27.203818058318419],[88.073169517176723,27.203770065961159],[88.073537976751169,27.203711544890677],[88.074234495682504,27.203571880410696],[88.074799803678914,27.20334195205756],[88.075324696337503,27.203193216201512],[88.075642686367019,27.203094093426436],[88.07609708708685,27.202827997090637],[88.076389817518006,27.2026431250287],[88.076480754282755,27.202534819544027],[88.076914860295801,27.202300384439049],[88.07715270010597,27.202245582113544],[88.07722775355046,27.202228288394746],[88.077843668314983,27.201813348237884],[88.078560423706932,27.201407469174477],[88.078918831144208,27.201249619911977],[88.079166136441174,27.201087298689064],[88.079327763560883,27.200834642319812],[88.079239638705346,27.200393371565003],[88.079216915178449,27.20027958841364],[88.079005099922838,27.199923010990133],[88.078702522297604,27.199503309155691],[88.07845537424339,27.199115137194031],[88.078319285688721,27.198821800979673],[88.078200079486024,27.19809717284333],[88.078183425922205,27.197995934767672],[88.078158415049444,27.197463510793018],[88.078022308853804,27.196958029777544],[88.077775255902523,27.196578972888922],[88.077296046881983,27.196172631826691],[88.076700712599489,27.195815928821069],[88.076231550067462,27.195445797224806],[88.075949042955827,27.195147893876737],[88.075691976371317,27.194660401341029],[88.075596168066298,27.194439332596779],[88.075298621993809,27.193951878228155],[88.075021342412555,27.193545603750078],[88.074531061731349,27.19304310611145],[88.074431222634061,27.192940777773124],[88.074330283940739,27.192805327662839],[88.074285044475801,27.192403682648731],[88.074194375597003,27.192065308311047],[88.07418439702731,27.191866691514623],[88.073937354532163,27.19143346224066],[88.073629772068614,27.190950504246242],[88.073549108421261,27.190813462029244],[88.073433150355953,27.190616459642968],[88.073357584603826,27.190368332621336],[88.073271925974822,27.189962123219569],[88.073161117255111,27.189565042399],[88.07304019947702,27.189113694623199],[88.072662442333893,27.187804990144954],[88.072697807674459,27.187565853596389],[88.07272328282626,27.18720031922664],[88.072920124184819,27.186956787679176],[88.073142314427912,27.186767317110263],[88.073404696059072,27.18666365981337],[88.073712618048575,27.18651930061862],[88.074146855115302,27.186266111481412],[88.074192066040823,27.186239750232208],[88.074449484272222,27.186018773021136],[88.07459598883969,27.185748091041408],[88.074636601284851,27.185224640352491],[88.074689960205205,27.185065799839467],[88.074773024677668,27.184818534287373],[88.07492659854806,27.184419878175039],[88.074934655150514,27.184398964029274],[88.075121520639158,27.184042573072269],[88.075252751149591,27.183884670172535],[88.075636401003692,27.183564414408639],[88.075752458882079,27.183519380237598],[88.075915120777992,27.183406018134267],[88.076257239739988,27.183167589168701],[88.076590383221344,27.18286532110513],[88.076787237421911,27.182635326023348],[88.077009452847904,27.182229281282016],[88.077186323810565,27.181611077564011],[88.077203186273209,27.181569458004123],[88.07727221006563,27.181399087243879],[88.077458992178094,27.181087739572899],[88.077614683577679,27.180982718079807],[88.077706313244249,27.180920909401074],[88.07802928509166,27.180821741550105],[88.078216013204241,27.180736080926263],[88.078367453270801,27.180623337700514],[88.078544122777302,27.180352600655713],[88.078549235988874,27.180149533784583],[88.078540351407909,27.179417884283321],[88.078539537881127,27.179350862690558],[88.078832425487505,27.178832059692152],[88.07898391323171,27.178525226112637],[88.078898299722852,27.178051403149855],[88.078732008851986,27.177595623673035],[88.078732087199398,27.177288780891868],[88.078671702537946,27.177045052782702],[88.078737433238146,27.176679569090059],[88.078969677727812,27.176205828165379],[88.07937858965181,27.175650924931723],[88.079590769894608,27.175064404736339],[88.079691852688114,27.17471246006529],[88.07976259688968,27.174365081955109],[88.07952571145286,27.173936297298333],[88.079142302660728,27.173678986244575],[88.07859748615077,27.173493780658617],[88.078007308624279,27.173367240101147],[88.077971748583707,27.173357773022449],[88.077633901835441,27.173267829372502],[88.077472503011549,27.173173017054133],[88.077376656653115,27.17311435344395],[88.077351565046172,27.173024089929264],[88.077407019930362,27.172902244908908],[88.078159025823496,27.172527966905861],[88.078648580851663,27.172131058441085],[88.079062499861124,27.171657365413548],[88.079546968959804,27.17115216325843],[88.080359545444054,27.170466501528104],[88.080828924177084,27.170020000176532],[88.081414432483001,27.16940198274245],[88.081848605058696,27.168675628063504],[88.082142820269112,27.168340769163123],[88.082333228973042,27.168053059427457],[88.082787427254402,27.16748913128016],[88.083251780728304,27.167078588899091],[88.083832125805728,27.166618492183506],[88.084442834806651,27.166000539200464],[88.084922180376395,27.165680240844019],[88.085517462278204,27.16571201678569],[88.085614008565216,27.165695914007056],[88.085976653254988,27.165635431137339],[88.086299486505013,27.165527220261637],[88.086592315632615,27.16513478704805],[88.0867092452836,27.164937718409082],[88.086735188295094,27.164893994372857],[88.086900168371088,27.16461594310913],[88.087102115095931,27.164218885857867],[88.087028276138341,27.164116900001503],[88.086925655174682,27.163975158724362],[88.086869550748432,27.163844856233723],[88.086814224155191,27.163716359333097],[88.086764379610514,27.163600595583762],[88.086745246986411,27.163462081006195],[88.086693940693252,27.163090640914831],[88.086694186355928,27.162188165959513],[88.086643985743265,27.161610619109315],[88.086790437257477,27.161100697596915],[88.08684093756645,27.160906669130796],[88.086841111302761,27.160549387781639],[88.086841202871526,27.160360687567259],[88.086838693143477,27.159966854540549],[88.086836342554903,27.159598086735713],[88.087240103606405,27.159115330999192],[88.087729673878002,27.158479254895994],[88.087866134527289,27.157793375609735],[88.087836018290645,27.157247359343817],[88.087594119395618,27.156633652881503],[88.087493297744814,27.156331293345954],[88.087664982838689,27.155812420123855],[88.08795272049457,27.155261952769266],[88.088109270298531,27.154806206933856],[88.088023710972408,27.154318846707806],[88.087887691703571,27.153799920986945],[88.087841873332792,27.153414101267369],[88.087822311807471,27.153249393044021],[88.08778711356868,27.152762003021806],[88.087802537476009,27.152031021681818],[88.087580585852876,27.151818882414492],[88.08745968038852,27.151588715803367],[88.087429581430044,27.151033671191865],[88.087606276895087,27.150532813833038],[88.087793062733041,27.150167379456381],[88.088030255476042,27.149869620676292],[88.088131203847567,27.149644054617372],[88.088131291848867,27.149246936852901],[88.087964961132982,27.14885887330481],[88.087753314311328,27.148272194424948],[88.08767778892549,27.147861489086775],[88.087743835158463,27.146616091689875],[88.08775406705395,27.14615127921881],[88.088041664660565,27.146015985373186],[88.088234395481834,27.145943930892766],[88.088536052761611,27.145831151689595],[88.088833645926414,27.145623648756366],[88.088944695175215,27.14538906697673],[88.088939841965527,27.145055089240806],[88.088773581674744,27.144351155351842],[88.08866273759341,27.143940453015677],[88.088663453518393,27.143935276025601],[88.088713283484864,27.143574990855708],[88.088849620830331,27.143263658798706],[88.089117051672673,27.1429433674016],[88.089127591896144,27.142933688347298],[88.089490416718391,27.142600496299067],[88.089959646995027,27.142050150042831],[88.09045412772096,27.141617054595034],[88.091427859372629,27.140669639137069],[88.091791181596747,27.140250106361378],[88.092285648407284,27.139609462742474],[88.092790451337436,27.138206188665993],[88.09299235402635,27.137863289890504],[88.093436258057977,27.137565627780759],[88.094127327274492,27.137159605857338],[88.094475423753323,27.136857360875833],[88.094737805055175,27.136519042628301],[88.094934562740804,27.136239282759533],[88.09542910465477,27.135309840351461],[88.095590641756147,27.134750322323271],[88.096050017367006,27.133568202604902],[88.096142947343978,27.133411761000342],[88.096307322760836,27.133135042736512],[88.096705845837946,27.132801164329351],[88.097124551031982,27.13257112411954],[88.097563201269779,27.132720169439661],[88.097823489456147,27.132851858414853],[88.098259211467862,27.133072303767761],[88.098748377053226,27.133103953707277],[88.09988825591401,27.132982366643404],[88.100708992213953,27.132857442648962],[88.100806178642358,27.132842649716821],[88.101310545724431,27.132716373430309],[88.102087350948295,27.13232390277485],[88.102743117787838,27.131935990084209],[88.103313102086602,27.131669806663858],[88.103877927977649,27.131484908791307],[88.104594179251549,27.131277422202285],[88.105275112910206,27.131069938551931],[88.105582718189936,27.131056503660457],[88.105991251223415,27.131056535728234],[88.106424935886793,27.13111071463269],[88.106579877480414,27.131205902805554],[88.10668216511111,27.131268743849983],[88.107115840602631,27.13144478970101],[88.108336342271031,27.131756266849873],[88.108971798053034,27.131756395371788],[88.110343627908037,27.131544422136429],[88.111443179240325,27.131296404535174],[88.111740775140689,27.131179040221376],[88.112124083112064,27.130944451002396],[88.11234596614274,27.130700848412253],[88.112583042476487,27.130371455269934],[88.112991693020803,27.12948704870788],[88.113563542394544,27.128719828436878],[88.113708014912461,27.128525997346625],[88.114141785304199,27.128070281800778],[88.114676343787252,27.127614487996567],[88.115165651811964,27.127276136251641],[88.115927178668315,27.126928759751173],[88.116471916624917,27.126432434742359],[88.117238456331421,27.125940572900447],[88.118262263564432,27.125530071285521],[88.118763042678324,27.125288267596243],[88.118897755106858,27.125223222007765],[88.119154972227292,27.125146516398623],[88.119800547818315,27.124839672846957],[88.120274593414265,27.124460712963295],[88.120767189736938,27.124000626416791],[88.120849564859697,27.123923687566389],[88.121096655567541,27.123580750127612],[88.121394204508789,27.122976154882465],[88.121585856436752,27.12254744684574],[88.121757334731996,27.122281212955006],[88.121943912786733,27.122042030161182],[88.122211204681875,27.121843547788419],[88.122407905142552,27.121617915896362],[88.122876931693227,27.121324657381912],[88.123290471572076,27.121112546120024],[88.123537619428646,27.121008740404879],[88.123789722874093,27.120936580182917],[88.12407722073371,27.12096361778956],[88.124405010219107,27.121044859228601],[88.124606711612074,27.121108060996509],[88.124909301640642,27.121171266805639],[88.125156389174649,27.121202778791655],[88.125378297599283,27.121198292968447],[88.125595065914254,27.12110357338711],[88.125756485045002,27.120932113347862],[88.125877544002165,27.120850888011066],[88.12621030622914,27.120864379122526],[88.126613748304266,27.120914043723761],[88.126820575078767,27.120864358765601],[88.126997040590368,27.120765086014679],[88.127183613482245,27.120738040597768],[88.127390415726055,27.120796683658686],[88.127531641967778,27.120855401950159],[88.127708090686767,27.12094561405635],[88.127975373494991,27.121049359031559],[88.128101453482358,27.121076421845842],[88.128388927582208,27.121080972850727],[88.128595660896039,27.121112533279192],[88.128792392994242,27.121112576753607],[88.129044480156125,27.121139618266007],[88.129286556268127,27.121144172058766],[88.129841304869416,27.121261400002531],[88.130108622091512,27.121338147985689],[88.130380201632292,27.121538530751767],[88.130396066200547,27.121550235794778],[88.13047169063293,27.121586277903496],[88.130844840819563,27.121572801787114],[88.131187820224,27.121608857568869],[88.131510517086824,27.121604363012079],[88.131994128310069,27.121575484534297],[88.132040062848873,27.121572742316413],[88.132791431191976,27.1214779442256],[88.133336108152122,27.121356104406722],[88.133668913686336,27.12119363293758],[88.133905904240393,27.121004039755054],[88.134233687306065,27.12077390222893],[88.134490901622115,27.120679112674129],[88.134884218811507,27.120624930660313],[88.135232217562816,27.120588807473492],[88.135422077513638,27.120505553152579],[88.135489349485425,27.120476052963642],[88.135726346349159,27.120277429330208],[88.135933152620581,27.120006650227676],[88.136190260522341,27.119632099807923],[88.136255774804283,27.119456167954816],[88.136331468594051,27.119099695272155],[88.136235585874957,27.118716083935279],[88.136213670340453,27.118678192205135],[88.135711002472888,27.117809102337063],[88.135363031492318,27.117267652859194],[88.135337801576583,27.116996944035701],[88.135393242974601,27.116572750430002],[88.135710893521363,27.116089924146291],[88.136003354914237,27.115760495796483],[88.13602854172855,27.115557447148646],[88.136013447379753,27.115241520048411],[88.136104131990194,27.114921126050824],[88.13636131901805,27.114745178202924],[88.136633604458154,27.114645839923529],[88.136915972305772,27.114645811365694],[88.137253860871311,27.114659325297271],[88.137621925671951,27.114614187235272],[88.137969839629577,27.114402114018642],[88.138327860481112,27.114171902778459],[88.138569962325406,27.114041029297077],[88.138907799480066,27.113910102267145],[88.139437284020545,27.113995811047698],[88.139931488639391,27.114104101943894],[88.140460954179176,27.114307073181415],[88.140894613490147,27.114483015744231],[88.141252701747092,27.114667967149185],[88.141752000060805,27.114880025063719],[88.142170584146029,27.115150694178471],[88.142427705308648,27.11532671255555],[88.142455588482804,27.115338025323055],[88.142972394874846,27.115547696440487],[88.143254847472434,27.115615360068446],[88.14359264812029,27.115669482444712],[88.143713698138455,27.115678517204071],[88.144041482964795,27.115610760228613],[88.144288532298305,27.115371597594986],[88.144320715817614,27.115305899893777],[88.144414539949466,27.11511437373554],[88.14453550185749,27.114807450711879],[88.14456074840993,27.114681131727057],[88.14452033423261,27.114189287897503],[88.144424378750756,27.113503446646501],[88.14431332135635,27.112988978106785],[88.144257844827479,27.112781438557732],[88.144262828634908,27.112339236744074],[88.14435357219709,27.112185753741713],[88.14448462348507,27.112077440884008],[88.144721668563221,27.111946598035498],[88.145130069619199,27.111802081355265],[88.14531158769411,27.111766027012816],[88.145841102319537,27.111765951101649],[88.146158780570872,27.111856160803718],[88.146506729162937,27.112095255865469],[88.146925328135012,27.112505835001159],[88.147202723874813,27.112889310327191],[88.147414579194958,27.113087807234663],[88.147455001084879,27.113115316067457],[88.147772667538703,27.11333150914804],[88.1483223151277,27.113642704970097],[88.148670296906516,27.113805151254727],[88.149129271969528,27.113890768316043],[88.149487226009441,27.11391329563158],[88.149835180990934,27.113895191591119],[88.150263830961748,27.113728197342549],[88.150541092641944,27.113416737610777],[88.150646876623924,27.113087366197202],[88.15063674066073,27.112658647920039],[88.15063866446026,27.112633438626631],[88.150686998291135,27.111999779251189],[88.150646516749291,27.111286857866745],[88.150656475792559,27.110731863004268],[88.15075223325141,27.110280521762331],[88.150968907247801,27.109973712214902],[88.151402568303808,27.109716398137309],[88.151780735366529,27.109576443197394],[88.15223951456889,27.109585410026053],[88.152642946245706,27.109666506259476],[88.153382553650857,27.109863009913621],[88.154034806888419,27.110036305052244],[88.154170919868236,27.110058838902951],[88.154599615331534,27.110094856018051],[88.155058386794721,27.110112750275221],[88.155307635374257,27.110059166242369],[88.155562669885043,27.110004337242096],[88.155910587202825,27.110013299884937],[88.156013355945689,27.110011163771322],[88.156349308735628,27.110004182868199],[88.156838478027282,27.110211666642677],[88.157020022798875,27.110306404035615],[88.157307523961848,27.110531975888001],[88.157504224953826,27.110883868263176],[88.157568058846948,27.111079327688749],[88.157872641553354,27.112011960192845],[88.157963580033453,27.112359396301549],[88.158286516868401,27.11307675635215],[88.158397449959395,27.113230118955769],[88.158594161848427,27.11346474291253],[88.158805986206801,27.113550471034817],[88.15901277508361,27.113509766644672],[88.159406002244609,27.113166731628723],[88.159566534760387,27.112987069730021],[88.159768917151965,27.112760573554453],[88.159985668638228,27.112571015359958],[88.160207548030328,27.112516733930626]]],[[[88.237510367763633,27.004711347412165],[88.237544538316726,27.004855614432845],[88.23755346615809,27.005026608344661],[88.237578844029585,27.00517826469228],[88.237613074701457,27.005364251590112],[88.237657162125899,27.005501652075761],[88.237690588209475,27.00562840181388],[88.23776252284506,27.005823282646602],[88.23782200747408,27.005981131356322],[88.237851208726923,27.006126119974379],[88.237888765046279,27.00632526791037],[88.237913457752825,27.006457133304913],[88.237918853758273,27.006484494812721],[88.2379814117687,27.006663836497044],[88.23801509949439,27.006778048780479],[88.238029672216157,27.006828556471124],[88.238098598371948,27.006913020726824],[88.23817925619835,27.007056012759985],[88.238281893671029,27.007255890343199],[88.238364321357267,27.007378284254447],[88.238465217018572,27.007596484041649],[88.238503611115846,27.0076717205093],[88.238616953948295,27.00778211680564],[88.238703310422821,27.00789486075027],[88.238780027634363,27.008001838194499],[88.239366746793067,27.007603755231145],[88.240067892363953,27.007165087607408],[88.241032975185902,27.006815029935243],[88.241389028977693,27.006685878490803],[88.241301948779039,27.006454499126363],[88.241043062309259,27.005766608375662],[88.239859770395555,27.005095164981029],[88.239606923026642,27.004951688082329],[88.238333899373131,27.004579696256847],[88.23809080338728,27.00457686703551],[88.23780810367613,27.004573576436727],[88.237483013588545,27.004542987865328],[88.237510367763633,27.004711347412165]]]]}},
{"type":"Feature","properties":{"OBJECTID":40541,"STATE_UT":"WEST BENGAL","SHAPE_Leng":30656.444664400002,"SHAPE_Area":22776273.305399999,"District":"Darjiling","Dist_LGD":"327","Sub_dist":"Naxalbari","Subdis_Typ":"CD_Block"},"geometry":{"type":"MultiPolygon","coordinates":[[[[88.322936418914807,26.745133352333379],[88.326151024073809,26.742711039538602],[88.329028231509554,26.74025119816066],[88.33070944244092,26.738705274153229],[88.329256433479316,26.738691819994795],[88.327587908378064,26.738734533248671],[88.326681593119773,26.737745478263079],[88.325767907638678,26.737420005897377],[88.324940260314222,26.73671005655061],[88.325204113416106,26.735619779176702],[88.327092502534029,26.735466707813583],[88.32765043309621,26.734594847903097],[88.32815939037296,26.732969649559035],[88.328858799125385,26.730864208839332],[88.329711553161232,26.729411819193789],[88.330919509205089,26.729111611109527],[88.331495717216058,26.728519416555066],[88.331901307045527,26.727089267016026],[88.332074112980251,26.725525889748713],[88.333274837676328,26.72504066725741],[88.334893680024877,26.724203942313348],[88.336708736329584,26.722954600400051],[88.337366352218922,26.724171625400523],[88.33787469122538,26.725087633751784],[88.338996139005644,26.724273607978319],[88.340420605389752,26.724011899541178],[88.340745865385585,26.723029345899999],[88.343235218155939,26.722707891214185],[88.344683600239719,26.718496399718639],[88.34483600205138,26.718206076551233],[88.343978380074191,26.717081257022386],[88.342194116549621,26.717084604961947],[88.341323463072129,26.716560218007761],[88.341232897294404,26.714408021344958],[88.341674082398072,26.712598355173679],[88.342772266591211,26.711956044241013],[88.344318718143697,26.711824044914781],[88.345869328231686,26.709909064784419],[88.346751515985034,26.708853509262198],[88.348609405888595,26.708285190452706],[88.350883679991739,26.706376820149696],[88.351300892313091,26.704680198646134],[88.351406222877799,26.704236849954448],[88.352109540459537,26.702086128605103],[88.353648291138398,26.702590540810196],[88.354818524760447,26.702529725063808],[88.35593519511292,26.701765268847019],[88.359785082215566,26.697562270004518],[88.358552464655602,26.69744317406046],[88.362021630364552,26.694205184722286],[88.362923080533207,26.693523988793114],[88.365336637522731,26.69280568402225],[88.365521329193015,26.692280316264984],[88.365237848847528,26.691262939720062],[88.366844202384897,26.690281547627379],[88.368756863378664,26.688863867876538],[88.369505027242781,26.687556701879966],[88.370926094331708,26.687055507391801],[88.371380871519705,26.686428222184286],[88.371362882759897,26.685345101851723],[88.371435437726817,26.684689912451844],[88.370877335107267,26.682980086402662],[88.370399090049887,26.681644125892255],[88.369813533242521,26.679316178677187],[88.369043092077931,26.679174655333824],[88.368712332684808,26.678825771718031],[88.368657364290613,26.678009317355411],[88.369060070653219,26.676389520035151],[88.369426263966076,26.674237454587672],[88.369303289517774,26.673195967688926],[88.368910940948922,26.67189528155146],[88.367470528064587,26.671602220809973],[88.36755820671199,26.671371177198555],[88.36811628706252,26.67056235829093],[88.368625309199004,26.669853312687614],[88.368319280164386,26.669048302429101],[88.368083655096157,26.667827348728117],[88.367432312677195,26.667133990816229],[88.367377308474602,26.666313019842033],[88.367430200204922,26.664850060086767],[88.367651154359805,26.662735503776947],[88.368905771445327,26.662624118973067],[88.368924854782264,26.662118397305193],[88.36948215812761,26.662090458412028],[88.37013987054533,26.662057033911992],[88.371599186406854,26.661839836357853],[88.372075686508239,26.661356779861677],[88.372576111088662,26.661193965715658],[88.373634532322086,26.661061867133547],[88.374468634935027,26.660656591637494],[88.375402488719828,26.660191668912532],[88.375398205146567,26.659415348432276],[88.375399683196761,26.657862609790644],[88.37511383616382,26.656646667928733],[88.374544298138346,26.656489684277091],[88.373841467246777,26.65652807615519],[88.37320404095405,26.656155083920218],[88.372114720024726,26.655799993225791],[88.370417474375486,26.655437216405883],[88.369691808001193,26.655245608151493],[88.369623816878146,26.655020575942519],[88.370020107233941,26.654132062689921],[88.370333988067827,26.652653043052126],[88.369790302708594,26.652134690176648],[88.368574905581681,26.652155426269911],[88.36722830405796,26.652547542369732],[88.366281960796456,26.653648968756084],[88.365717202624126,26.654313404886],[88.365315589513315,26.654335318604179],[88.364738285384632,26.654367945653163],[88.36296612875617,26.654461687470999],[88.361399799984341,26.654544407008078],[88.360580125303514,26.655319595010845],[88.360345508329885,26.656292297199599],[88.359800949199141,26.656545765780635],[88.358660685860897,26.656976451437714],[88.357607463273638,26.65712193038064],[88.356387463894634,26.657183231100344],[88.35574761390869,26.657451135291712],[88.354857729638354,26.657816208720909],[88.353561239771281,26.658207719839485],[88.35215157255648,26.658374608672663],[88.351693203799755,26.659123740079675],[88.350584217792601,26.65922907385805],[88.349869716650659,26.659132047080835],[88.34839406198472,26.658387745043779],[88.346877892366521,26.658469831040993],[88.346112812652265,26.659199283222598],[88.345662004208563,26.659311882837127],[88.344001258669749,26.659490095722113],[88.342235655772811,26.659723446142166],[88.341457747420009,26.660218279271309],[88.34096790495397,26.660430536250871],[88.340286876786905,26.660188704839467],[88.339634762513924,26.660271587977018],[88.339375912689533,26.660905956350017],[88.338820669223736,26.663262864264759],[88.337974385306353,26.667373853957656],[88.337248214716908,26.671018789969651],[88.337213425045206,26.671912842785726],[88.337538583229417,26.673083361439247],[88.338336315381625,26.675138637840096],[88.338621883505596,26.676359177117231],[88.338402989387319,26.676622970961905],[88.338384057501017,26.676645785711074],[88.33766892873544,26.676503567605216],[88.336724141827958,26.675659284337204],[88.336704234226019,26.675641494284076],[88.335947106822118,26.675775003362919],[88.334980889671144,26.676506289885058],[88.333100833025128,26.67729128882193],[88.331664998191272,26.677823842032797],[88.330098053515925,26.678316985207111],[88.329328182389091,26.678220376263695],[88.328363056910703,26.678184268952517],[88.327903522063153,26.677985446242342],[88.327423736724938,26.677773270373532],[88.325738990153454,26.6776400510762],[88.324072914906893,26.677818089419123],[88.322921200358564,26.677287166572526],[88.321483006403767,26.676312038437093],[88.320664017541517,26.675439466579384],[88.319972562930829,26.673423719216881],[88.319384299454356,26.672950722679634],[88.318168653281248,26.672971036676586],[88.317485948350409,26.673460346436745],[88.31653298318767,26.673604594593922],[88.315111973983946,26.673680951991766],[88.313288636002568,26.674162742217092],[88.312963069890131,26.674251514337183],[88.312078500972092,26.674665929315459],[88.310279995479178,26.675124883428566],[88.310254546310631,26.675535872647426],[88.310602775102765,26.676110425576205],[88.311303613484384,26.676762971141923],[88.311659458299459,26.677563141085688],[88.312014274654175,26.678273041767508],[88.312588747464858,26.679296879302711],[88.312387607653392,26.680160872391813],[88.312246393560969,26.680992714148033],[88.312764531615315,26.681922279413808],[88.313208135528271,26.68336258978778],[88.313066924519575,26.684194433331676],[88.312910017524075,26.684972255193735],[88.312705857339822,26.686450151301965],[88.312356169516349,26.688823119928752],[88.312283710804294,26.690832423694474],[88.312167165881107,26.692941437924276],[88.312115710753034,26.693713770264409],[88.311694607638032,26.694241260098792],[88.311198970389725,26.694403820650884],[88.310490847269577,26.694441956269451],[88.30987814115349,26.694474692715406],[88.309131933980311,26.69469823817159],[88.308378434490479,26.695603428376057],[88.308063292134335,26.696170555227592],[88.307776980765368,26.697062408012034],[88.307756829879196,26.697058080160197],[88.307767394623696,26.697103121120627],[88.307718049263698,26.699383036084289],[88.307808372876693,26.701571389103609],[88.306749120394088,26.701671419776869],[88.306347322767479,26.701693174454419],[88.306272173805496,26.702154270564826],[88.306469606819206,26.70360137934059],[88.305968432811824,26.703723349121677],[88.305535568846693,26.704106488808936],[88.305064147078454,26.704634423675024],[88.304401183591466,26.704672113995247],[88.303698531776647,26.704755305124301],[88.303335846439353,26.704681901221083],[88.302546064436669,26.704174579577437],[88.301596099481344,26.703722887848251],[88.300674909318346,26.703591405885259],[88.299622968870423,26.703009734696323],[88.299202453105607,26.702711160954372],[88.297986991704263,26.70277644684159],[88.296865932067121,26.702746070353403],[88.296345994564646,26.702543185100705],[88.295174124935826,26.702463606727949],[88.294919002237435,26.703901321916209],[88.294676934151084,26.705605230355467],[88.294487867222387,26.706663183021199],[88.293535101554184,26.706852420891799],[88.291861983224123,26.706894743979056],[88.290784584425325,26.706728508905012],[88.28934338378059,26.706389532401872],[88.288493396112315,26.705887192335346],[88.288149186950065,26.705222273858396],[88.288050558347393,26.704496447229797],[88.288051823902862,26.703715547988999],[88.288266684694989,26.703158401074589],[88.289139478629323,26.702563682459981],[88.289854554803824,26.701798867063147],[88.289875053029377,26.701387925214568],[88.289036117373684,26.700971247797355],[88.288197237124635,26.700559079767451],[88.287452771605189,26.700051261329513],[88.286872925994899,26.698986747054978],[88.286655695729394,26.69799116483172],[88.286550031037706,26.697084846685112],[88.286970805535759,26.696516807261375],[88.287485932509867,26.69584860616677],[88.287224236248079,26.695814868971809],[88.286723072008115,26.695936770953004],[88.285907884096972,26.695840340144045],[88.285576032529733,26.696272158102179],[88.285168987935847,26.697616444179754],[88.284709570277926,26.698324756779353],[88.283635548953711,26.699796947131286],[88.28240340725003,26.701961171151481],[88.28210255774529,26.7020225688096],[88.279959893202204,26.701865867973137],[88.274057657694954,26.700767944431746],[88.272773354854408,26.700517663674699],[88.272598491314582,26.700158126595962],[88.272567798177633,26.699657367847209],[88.272493986603379,26.699346576239428],[88.271817377923838,26.699059241340294],[88.270270398287622,26.698684903531039],[88.269433099287994,26.698408023154194],[88.269402971176888,26.69795690965848],[88.269584690803455,26.697576123060045],[88.269805658486334,26.69710922276607],[88.270382691682357,26.696575943283442],[88.271512204312941,26.696015144352415],[88.271744212657978,26.695638418949553],[88.271970695355975,26.695216604307717],[88.272335762795251,26.69460396562836],[88.272644051503363,26.693856421958841],[88.272601808113549,26.693220352363777],[88.272583173590235,26.692900037359532],[88.272824631160489,26.692017676643978],[88.272881877018662,26.691290437891279],[88.272801442567655,26.690835261601514],[88.273079730468567,26.689650144634289],[88.272986740465228,26.688969391278352],[88.272756724989648,26.688619373631667],[88.272236891813279,26.688416397004769],[88.271717612103942,26.688263064013068],[88.271386610083027,26.687868812099591],[88.271242936068958,26.687147885015694],[88.271177052194986,26.686191543165243],[88.270702453004716,26.6859881546583],[88.269855274698727,26.686171773134319],[88.269592604167357,26.686047733968323],[88.268986848668675,26.685344477229041],[88.26831183931094,26.684285241668654],[88.268007510895089,26.683574773881467],[88.268145545007002,26.683334307951498],[88.268446354153582,26.683272941619997],[88.268836102433966,26.68307536504059],[88.269018351553385,26.682744226742393],[88.269255869095971,26.682412594037746],[88.270022653997444,26.681778316072929],[88.270824081478807,26.681549968653979],[88.270743713175591,26.681099304670553],[88.270494695598458,26.680392860918474],[88.270364988655743,26.680023886325849],[88.270304992893912,26.67914422458907],[88.270219454541149,26.678680064817335],[88.27091445270139,26.678371420735889],[88.271442200028062,26.677933369058504],[88.27171331616492,26.677461502769066],[88.271750454190368,26.677185827045665],[88.271268865524505,26.676801947612301],[88.270761690278562,26.676829055913409],[88.269974240996561,26.676502075412781],[88.269498684600052,26.676208412695527],[88.269462493806174,26.675662561828673],[88.269700494849815,26.675376062857691],[88.27027144852326,26.674757076476922],[88.27054803690433,26.674325787190032],[88.270405889953466,26.673740260415929],[88.27008703460784,26.673530961167895],[88.269823893293221,26.673361786825147],[88.269793725343263,26.672906159126594],[88.270204901779479,26.671471596047397],[88.270751588177504,26.670478175238898],[88.271436426486119,26.669257824795462],[88.272001766859759,26.668589229212792],[88.272146350935884,26.66848863044174],[88.272128226366831,26.668213448067188],[88.2719534672284,26.667858420163093],[88.271816846131955,26.667317981813408],[88.271786722814042,26.666866866911473],[88.271950817335338,26.666260542617881],[88.271926718410981,26.665899652396988],[88.271696705056215,26.665545117323063],[88.271257386155568,26.665797309634712],[88.270511778065625,26.666065783285017],[88.269452308411871,26.666120391856182],[88.269195206931059,26.666041438560377],[88.268926561740017,26.66582717497927],[88.268739972016704,26.665309748681246],[88.268691695592352,26.664578937083856],[88.268962295313031,26.664061941567919],[88.269007466306761,26.663149741134003],[88.269380933273112,26.661941208361934],[88.269050429335834,26.660675768650229],[88.268946498439121,26.659909343398539],[88.269223608087316,26.659527705450898],[88.269662407619251,26.659230384760864],[88.270514412408431,26.659046730319286],[88.271716938737384,26.658760627685819],[88.272695383283249,26.658201178733485],[88.273013473374206,26.656081335972708],[88.273482393924382,26.653973682199084],[88.273482244044828,26.653960142312069],[88.273138741454488,26.653335794707253],[88.272412276972446,26.653057928444792],[88.271079787088027,26.65294346438445],[88.269459561201813,26.653156553549589],[88.26821058181973,26.653325689808433],[88.265292113837091,26.652886775760141],[88.264451187396332,26.654072376353966],[88.263653766777296,26.654192315065806],[88.263457963723837,26.654658984213153],[88.263035021981366,26.65548426505023],[88.26230555567291,26.656759140905809],[88.262072198308132,26.657009475343532],[88.261784378848532,26.657332515023818],[88.261427930575351,26.657353735103616],[88.260368533462611,26.657408274283711],[88.258802038537155,26.657489866119459],[88.256973742327546,26.657519591577209],[88.254863500813755,26.657493103182773],[88.254024526232612,26.657491480940767],[88.253649751477241,26.657214928385287],[88.252828899096244,26.657032584583284],[88.252609747818454,26.656745629277598],[88.252297767445071,26.65623831193226],[88.251967173774588,26.655866574261179],[88.251603686310204,26.655702762378841],[88.250915122962851,26.655672714008713],[88.250357063417383,26.655632486407626],[88.249944378762862,26.655563895444416],[88.249093356087954,26.655377281450527],[88.248448775430077,26.655233987261745],[88.247721502088382,26.655339679002722],[88.246769756040663,26.655591781393571],[88.245910700895564,26.655590286729456],[88.245528647636448,26.655566552996195],[88.244647297387957,26.655362122914031],[88.244209257435898,26.655271167100963],[88.243357558713342,26.655021330304482],[88.242692454518362,26.654837564112015],[88.241013506793095,26.654274459171198],[88.239362080617113,26.653932272805889],[88.23742396869973,26.653091522804445],[88.237414362859667,26.653088733442846],[88.234828743200907,26.652337705772396],[88.231783418321626,26.651768297576819],[88.230224487757255,26.65114534165879],[88.229458951999106,26.650023492293244],[88.228249680368265,26.64874297228371],[88.227727596405188,26.647366230395242],[88.22726438629094,26.647266410251785],[88.227259516563294,26.647265149106779],[88.224312591237009,26.646501932384581],[88.222882390393778,26.645692712579358],[88.22161605913459,26.64517547391798],[88.218759023883564,26.644811801139898],[88.216390834424971,26.644597362113707],[88.214774432618441,26.644222986621948],[88.212997206289003,26.644314900394765],[88.211927884421044,26.643421236936849],[88.211418969773717,26.642319663796769],[88.211837100223747,26.641007064201801],[88.211009376164796,26.641108909929578],[88.210322847472398,26.642216152570313],[88.208399420132238,26.642255084079203],[88.207156837271839,26.642076056377416],[88.205723588594921,26.642395165899828],[88.204756680064349,26.643116563231043],[88.20416333433522,26.644015347803244],[88.203269953703369,26.646961477050741],[88.203233236828865,26.649688196776367],[88.203475456635388,26.651229907567618],[88.203816252604085,26.652590225651952],[88.203836003295791,26.653993887099155],[88.203792109274687,26.655556075210036],[88.202287328298951,26.65529797835206],[88.200980174393635,26.654722220973529],[88.200739783717978,26.655753426029648],[88.200717296651632,26.65648487085609],[88.200607618363208,26.657045524438495],[88.19951320581859,26.658079425907619],[88.199251546220381,26.658519485171698],[88.198768005921778,26.658880163668787],[88.198781659704423,26.659706095838427],[88.198735624221641,26.660108224254458],[88.19936556024166,26.66077548165417],[88.199506574445181,26.661288879265275],[88.199601149830883,26.66168530461384],[88.199310615521256,26.662247483907127],[88.199209515454868,26.663629596425181],[88.198890838352156,26.664864584677794],[88.198014934503789,26.664700444020983],[88.196690797815862,26.664431740279149],[88.195389905358908,26.663982270151497],[88.192971719616082,26.663343562445231],[88.192783072953858,26.665493773293569],[88.192634516775016,26.667151630123826],[88.191859401472058,26.667501192667618],[88.191222843656618,26.667163472833607],[88.190498366206469,26.66609974597856],[88.190562465993736,26.665498855664776],[88.190357162642286,26.665080782159009],[88.18942875162,26.664212854586289],[88.1894393445194,26.663296439183718],[88.188970079925255,26.662131259207044],[88.188445948667024,26.661973143126062],[88.187796883790881,26.660908768144079],[88.1866239556892,26.658738339047254],[88.184041240369467,26.659179677631492],[88.181266447422061,26.659997223751184],[88.180199144334992,26.660267900970069],[88.179559237798443,26.661063154053178],[88.179413973515437,26.661104984768766],[88.178554350759654,26.659586406245559],[88.17726332234156,26.658617582331601],[88.175858664906755,26.65881428412461],[88.175449715899177,26.658127032702453],[88.173699869847027,26.657974480612459],[88.172895298242381,26.657899872058056],[88.172644220979848,26.657910972277286],[88.172823696602805,26.659250132688488],[88.172871967175595,26.660531696034798],[88.172318371829689,26.660928977089704],[88.171513733491395,26.66084984756705],[88.170784128990817,26.66024647876527],[88.169874003670841,26.660168210041338],[88.169045865009878,26.660247247797045],[88.167675968462689,26.660407472068936],[88.166555911073132,26.660434726618394],[88.163885613500284,26.660521372913411],[88.163782455177781,26.660531005442241],[88.163898271923188,26.662003619428752],[88.163965286028485,26.66262917489469],[88.16412978172319,26.664516319344681],[88.164191926761092,26.665329482299875],[88.164466559416951,26.66676888525993],[88.164607770952443,26.66755878798336],[88.16479427516613,26.668527270147177],[88.164806451672362,26.669330180999648],[88.164842716145586,26.669857308724115],[88.164845788078466,26.670308206387606],[88.164760934902276,26.671723158145134],[88.164704161193114,26.672510584501584],[88.164615683006375,26.674031407191709],[88.164578475045943,26.67454674083141],[88.16450729162068,26.675017912100067],[88.164304653292916,26.676337499957722],[88.164171735984283,26.677341913508876],[88.164036213809084,26.678220348313449],[88.164050013102809,26.678400945840885],[88.164042615323211,26.678551426344036],[88.164220917719447,26.678849860878113],[88.164884815317308,26.679831598692775],[88.165611264380232,26.680948565144309],[88.165946393356109,26.681483161091226],[88.166222996194378,26.68191953299538],[88.166383927745983,26.681957204005126],[88.166582973861495,26.681991721162571],[88.166783813849321,26.682241843131283],[88.167097852257854,26.682665857544286],[88.167194270172175,26.682914851159207],[88.167419184834216,26.68349567570495],[88.167430704787179,26.683520119597961],[88.167591394922255,26.683861093728574],[88.167656359519682,26.6840399208284],[88.167638882967111,26.684188553859379],[88.167443892877813,26.684763615371939],[88.167132617166459,26.68579121598966],[88.166973882559304,26.686240317020751],[88.167045273834773,26.686469325980141],[88.167362141813001,26.687406746583555],[88.167506534128222,26.687881524602503],[88.167495876975337,26.688167524671762],[88.167392538829475,26.688823692105345],[88.167342572238667,26.689175324840459],[88.167321748724362,26.689286704582937],[88.167386938047059,26.689702530659861],[88.167404850663104,26.689851702428104],[88.167584420038978,26.691041674749457],[88.167590078873715,26.691087206908943],[88.167618306026,26.691314321344134],[88.167645886922543,26.691532256838205],[88.167685084065269,26.69184197039397],[88.167721914546632,26.692071251761906],[88.167750755618641,26.692590031678872],[88.167672314960797,26.69317484319409],[88.167571000281328,26.693965320739039],[88.16747407356749,26.694480469644763],[88.16745701146553,26.695569302735372],[88.1674459934937,26.695933885295151],[88.167612801420688,26.696471987431824],[88.167768398073235,26.697009908271387],[88.167767944817697,26.697411063316682],[88.167740568072844,26.697689573521565],[88.167562189488464,26.698418202794585],[88.167468685043133,26.69880064626788],[88.16728147150468,26.699043012556956],[88.16721524037078,26.699140198810206],[88.167141481189233,26.69920463428662],[88.166985079787608,26.699372451952058],[88.167048611877064,26.699454133595722],[88.167307183029138,26.699722522207047],[88.16744249644303,26.699865829243585],[88.168045913703935,26.700585357951336],[88.168075127378685,26.700677956782794],[88.168209330494051,26.700736341835231],[88.168473147705967,26.700932120793862],[88.169237147233574,26.70146839721825],[88.169350232381703,26.701566520826873],[88.169568868506957,26.701984709935143],[88.169973706332371,26.702730799606204],[88.170327569171917,26.703378127467179],[88.170802880072443,26.704273955371868],[88.171174954641202,26.705007395176416],[88.171521108673204,26.705677673353055],[88.17230099520539,26.707271068458432],[88.17267014136371,26.707980351843421],[88.172787163416686,26.708260202103283],[88.172981950351158,26.708470909666275],[88.1732129013254,26.708774399884511],[88.173765863057312,26.709029278040529],[88.174416388211682,26.70933162648754],[88.174556059033364,26.709425207785042],[88.175244869748539,26.70988684304173],[88.17598111754657,26.710389994074053],[88.176185263595585,26.710530569453759],[88.17631185044921,26.710665927307698],[88.176458560133824,26.710880762696018],[88.176700048397876,26.711234387067581],[88.177144318093283,26.711958706586049],[88.177283758669375,26.712186042158269],[88.177528256004564,26.712588650821772],[88.177614404234617,26.712757737280413],[88.177844898381139,26.713293635344471],[88.178284962897408,26.71438514287167],[88.178775116149765,26.715633399836062],[88.178897516069711,26.716059703840575],[88.179111262665913,26.716389447678154],[88.179193591754199,26.716553957938348],[88.17922373437618,26.716618192203089],[88.179483331074493,26.717171400431667],[88.179521045463346,26.717273316646033],[88.179560707704098,26.717380498551954],[88.179895434376746,26.717717710726173],[88.180781850618601,26.718720398466683],[88.181322690067347,26.719315535169006],[88.181525839309558,26.719510554859355],[88.181548718554239,26.719627553932796],[88.18162197958064,26.719831408949894],[88.181814114737577,26.720745461728928],[88.182121784228841,26.722031344382348],[88.182133215513858,26.722082056097548],[88.182276960815656,26.722719749018932],[88.182320919916123,26.722934657616712],[88.182458091944483,26.723605262825036],[88.182457722967811,26.723616687241044],[88.182441240237011,26.724127431813056],[88.182431959084852,26.724572312672745],[88.182425256945237,26.724893571190499],[88.182360532225374,26.725942464940641],[88.182333515328907,26.726639468113927],[88.18229428196986,26.727343565389173],[88.182284404499882,26.727617514469735],[88.182337063640745,26.727720463316853],[88.182451250615401,26.727915588762261],[88.182526145687405,26.728062340421207],[88.18263757365591,26.72825976753477],[88.182771867502936,26.728531693983349],[88.182970949562446,26.728909491388922],[88.183075326652826,26.72913045282591],[88.183115892580588,26.729183884019875],[88.183214017686268,26.729381146831898],[88.183419254595123,26.729711324731042],[88.183636340648874,26.730134771122717],[88.183778884961683,26.730382879877585],[88.183957608929219,26.730710250012503],[88.184027185871585,26.730858877194226],[88.184121630507335,26.730948952964919],[88.184260178334782,26.731159189398905],[88.184282171245641,26.731240321645014],[88.184275213236674,26.73134777240114],[88.184276598809191,26.73212006014915],[88.184259759881087,26.732516755168277],[88.184255159860456,26.733157443124945],[88.184251069219101,26.733425172614513],[88.184242674535852,26.733795660763274],[88.18423425047483,26.73399161925262],[88.184237953584486,26.73426659833811],[88.184201771771356,26.734405591212148],[88.184274151010499,26.734513310319226],[88.184374665746361,26.734724998829723],[88.18441555459998,26.734874944717177],[88.184506396683645,26.734989667675084],[88.184577251914064,26.73515860155339],[88.184630784291556,26.735213542351378],[88.184692469456138,26.735352961532399],[88.184809324407382,26.735545691473494],[88.184902184090944,26.735762698966123],[88.184953639572313,26.73585831588095],[88.185004590486315,26.736004826790182],[88.185084279883981,26.736192283445334],[88.185116031235026,26.736352078655102],[88.185191603867509,26.736482909276813],[88.185318739751125,26.736697311421022],[88.185427156456598,26.736918636635952],[88.185543744575412,26.737130483019417],[88.185615935405124,26.737320880975464],[88.185654094381832,26.737397297654322],[88.185726068028941,26.737563168227648],[88.185779501072432,26.737721623635288],[88.185853054957619,26.737963958864704],[88.185899049036905,26.73808648974553],[88.18591164101926,26.738215017031465],[88.185953873232137,26.738328669326958],[88.185993273492173,26.738534754794813],[88.186018315571928,26.738879657423347],[88.186060984516644,26.738982693180521],[88.186071104970978,26.739186065779446],[88.186056559872895,26.739325483015502],[88.18605352531651,26.739463191194091],[88.186014190203892,26.739763970736298],[88.185923278748703,26.740065681927824],[88.185923107662504,26.740142951708787],[88.185878069885334,26.740302573519678],[88.185798013487457,26.740484227749576],[88.185837918495253,26.740658403382596],[88.185810503049353,26.74080975564976],[88.185847776757839,26.740885582860351],[88.185894888198746,26.741108565103485],[88.185939249167888,26.741338630244119],[88.185946498262737,26.741491932344534],[88.185975814963456,26.741561446614664],[88.186025136153489,26.741815490919173],[88.186089971615218,26.74209846035712],[88.186157950235312,26.742524891228832],[88.186222994784544,26.742967963703187],[88.186256163313274,26.743231406754294],[88.186280311575487,26.743414324872745],[88.186316042991066,26.743492786150941],[88.186375535927084,26.744070602855441],[88.18637709071696,26.74419641897962],[88.186277021520112,26.744639932070879],[88.18617255545152,26.744955313767786],[88.186250112558568,26.745172756157057],[88.186302731518921,26.745383783362364],[88.186371895559859,26.745733746109423],[88.186445000889066,26.74600484725854],[88.186454342749826,26.746172672196803],[88.186505152929897,26.746247019350584],[88.186542439541483,26.746417261996676],[88.186652650790592,26.746870555819012],[88.186730157211301,26.747191831582462],[88.186821529177607,26.747484685850424],[88.186950492010027,26.748103105725402],[88.187023317587133,26.748386154234034],[88.187048083361134,26.748584141624356],[88.187068159609751,26.748754904168038],[88.187037639900225,26.749010361007123],[88.187009200453033,26.749131096646401],[88.187026835903552,26.749191984312166],[88.187044496647644,26.74942889121024],[88.187055463039371,26.749749352477675],[88.18705887514102,26.749871398234049],[88.187066799944446,26.750050787087005],[88.187048077350283,26.750182361978311],[88.187070789255444,26.750311427525038],[88.187073136730589,26.750674912602687],[88.187040584748701,26.75078783133268],[88.187043886656781,26.750846641141461],[88.18704517774465,26.750930365051193],[88.186984558717143,26.751238070497866],[88.186946773966852,26.751443175438165],[88.186863575589314,26.751696408686605],[88.186843582555383,26.75191527692191],[88.186722028265805,26.752368015713092],[88.186645521426911,26.752665912517852],[88.186554890760959,26.753018698572387],[88.186476941163463,26.753179890617812],[88.186510959164139,26.753273991605077],[88.186525413448322,26.753546656336287],[88.186546323450699,26.754084918861089],[88.186567101078765,26.754293147059308],[88.186569173980359,26.754673359901822],[88.186561583473036,26.75489333779171],[88.186567385907111,26.754964981664795],[88.186467368979493,26.755229186273784],[88.186361216458678,26.755550566659963],[88.186280774509584,26.755714642764712],[88.186260387462838,26.755872120112802],[88.18620707692854,26.756043609226463],[88.186140097837111,26.756241221422311],[88.186048167968281,26.756507802672498],[88.186006597295076,26.756610158597717],[88.185947122856717,26.756761445476791],[88.186001868681061,26.756916122038927],[88.186090939428695,26.757180214930944],[88.186136408099003,26.757345757463742],[88.186145403439127,26.757479204710183],[88.186205181327665,26.75754269684953],[88.186313983895417,26.757740034274619],[88.186493212922301,26.758038725043587],[88.186565628619135,26.758215870165667],[88.186628841472867,26.758394281357884],[88.186684676991845,26.758571940401453],[88.186728957273274,26.758809172632439],[88.186772391804482,26.758926836963536],[88.186781161597082,26.759130486167091],[88.186824384276875,26.759180967841839],[88.186902156806511,26.759320634805569],[88.186971307459075,26.759500756155752],[88.187055966607915,26.759705021948268],[88.187128238425018,26.759858943724836],[88.187210328603584,26.760058434080761],[88.187231594831005,26.760197327485926],[88.187281775062942,26.760260148937633],[88.187284191243435,26.760449103850473],[88.187275439309261,26.760591179226207],[88.187326361214232,26.760652794180729],[88.187353002247349,26.760820482311956],[88.187406185006125,26.761002923550919],[88.187433105418478,26.761156272017296],[88.187424619665748,26.761273927015004],[88.187467638754256,26.761328818355011],[88.1874941998434,26.761508454034939],[88.18753591018617,26.761738521355547],[88.187571481494118,26.762023466715693],[88.187608227011964,26.762227164635124],[88.187608439388882,26.762443826142334],[88.187638863858822,26.762657882045961],[88.187647064680931,26.762820544088168],[88.187626729530038,26.762948799639652],[88.187643787151629,26.76302853303622],[88.187677039453348,26.763122224536172],[88.187662392489401,26.763380228605371],[88.18764754234877,26.763508239997218],[88.187676002400707,26.763533415380824],[88.187684553678295,26.763665011860933],[88.187703492473204,26.763820672019037],[88.187682495085838,26.763913415280211],[88.187729392899499,26.764090870437382],[88.187786462726962,26.764311871583732],[88.187805123728566,26.764481778103413],[88.187824425241615,26.764613540566049],[88.187816083745773,26.764826400083209],[88.187846413374615,26.764915050960489],[88.187820491109235,26.765205827858235],[88.187864467222909,26.765297812560181],[88.187890866186976,26.765654458271602],[88.187916158466749,26.765917730400417],[88.187893193403099,26.766070453693359],[88.187910496792298,26.766111294516925],[88.187881901342735,26.766409850648866],[88.187774626113836,26.766922878961324],[88.187791126012755,26.767109218488798],[88.187721782488723,26.767394249363093],[88.187739921569815,26.767477139969881],[88.187747598068285,26.767841902572787],[88.18770925684079,26.768778532873473],[88.187732906340671,26.769228425002858],[88.187749114812803,26.770758731915848],[88.187751726800585,26.771882467448954],[88.187721870259679,26.771992786855098],[88.187674422696176,26.772144522157536],[88.187289066263915,26.772952618629425],[88.18693843443323,26.773665535923435],[88.186621168481111,26.774372885977812],[88.186160484868765,26.77531151269428],[88.185582547215091,26.776511702502528],[88.185203261446333,26.777349744223997],[88.184757046976472,26.778210867272687],[88.184267891176347,26.779268733580672],[88.183669580975533,26.780492566619589],[88.183242765770387,26.781389773336102],[88.182842511168744,26.782219553587694],[88.182728319670062,26.783212334179236],[88.182565196740399,26.784710564932109],[88.182466177253744,26.785516275430528],[88.182313080188436,26.786799430250248],[88.182229099742955,26.787491705809085],[88.182175941119922,26.787915474605576],[88.182077271328311,26.788691223499029],[88.182007071734105,26.789230333809098],[88.181907663889376,26.789753092157301],[88.181798327396564,26.790361402921089],[88.181682423801902,26.790963569011911],[88.181404859452201,26.792419497839454],[88.181324486986654,26.792566961071085],[88.180899074630602,26.793374547828414],[88.180533477229915,26.794130704982333],[88.180669159762786,26.79488390663013],[88.180884765085722,26.796212772714615],[88.180743457799622,26.796528546072338],[88.180390617602072,26.797378849424636],[88.180104906696997,26.798046300754947],[88.180083099645572,26.798097243615299],[88.179617804222772,26.798247805195778],[88.179144428883674,26.798394979756431],[88.179088199348882,26.798412461440869],[88.178885717120338,26.79868273787821],[88.178623818822416,26.798934697224645],[88.178331023653513,26.799937627777048],[88.178172118499333,26.800502291248645],[88.178084693159221,26.80083923868618],[88.177964375217499,26.801366911159118],[88.17795689134951,26.801945263155332],[88.177922379875696,26.80234077805099],[88.177765437407203,26.802664917183211],[88.177728841160516,26.803027059818799],[88.177668510883791,26.803155783805561],[88.177599075223867,26.803320093984546],[88.17750453049554,26.803426236166789],[88.177396085001874,26.803534210881086],[88.177315624280268,26.804004885199824],[88.17726961445382,26.80429671587272],[88.177142062747038,26.804630290692277],[88.177073247805154,26.804844419932707],[88.177169110338951,26.805238839901396],[88.177287495420671,26.805560988713129],[88.177445330399848,26.805946665678789],[88.177548459928346,26.806237866761595],[88.177662145810189,26.806652269919717],[88.177836421480237,26.80718645123337],[88.177838326266937,26.807502522429793],[88.177900959186204,26.807699500262661],[88.178035478899758,26.808047806855281],[88.178267473217844,26.808596343514736],[88.178133028408553,26.808963006924799],[88.178125490685488,26.808983564447491],[88.178024106895208,26.809510405231965],[88.177879302097821,26.809834689730131],[88.177854079559097,26.809891175566772],[88.177848548993239,26.809907245939645],[88.177943129835413,26.809848167762595],[88.179021990334121,26.809313819022002],[88.179072843161222,26.809294518585467],[88.180226340033641,26.808856744910081],[88.181421824647401,26.807392577810809],[88.181928184410438,26.805772393312147],[88.182870612288809,26.803033643684724],[88.183675496320859,26.800616522192215],[88.18408726463376,26.799096424957998],[88.184559437877695,26.797097353695253],[88.184999930304571,26.794471120647533],[88.18538220074727,26.792535992670331],[88.185838622384182,26.790961350656204],[88.187163055308602,26.788702356217478],[88.1878468733928,26.786751152135533],[88.188176812569992,26.785592836682159],[88.188078583011148,26.784853388614188],[88.188332330746903,26.784106475128795],[88.188766366971805,26.783768807233805],[88.18950292022592,26.782539369799551],[88.190334108279785,26.781223369889222],[88.191924658052656,26.779905491682602],[88.193697834049942,26.778261060463279],[88.195126066377171,26.776818127437661],[88.195901724209392,26.775972003957651],[88.198182630295975,26.77623710491374],[88.201024798503767,26.776790811951813],[88.204377352895236,26.77757484161264],[88.205992227826499,26.77905518545327],[88.20717322714836,26.780877745451555],[88.208806617879134,26.782673864831782],[88.209732712135946,26.78463850347373],[88.209787219120685,26.785057721839316],[88.209756546559731,26.785425604293362],[88.209936160716993,26.785212232041061],[88.209997783122091,26.785150610597114],[88.211686680998511,26.783461747076892],[88.212703581659454,26.782135005631442],[88.21303858071947,26.78147763094951],[88.21415815748918,26.779405218343353],[88.215343803137529,26.77787389052877],[88.215789836588527,26.777256182725477],[88.216562742840239,26.776166226606215],[88.216954290662926,26.775156279387829],[88.216951115164093,26.773915003126156],[88.217975213304783,26.772804828081931],[88.219311622486501,26.771746124544723],[88.219699152088864,26.771304947701736],[88.219888742672211,26.770693947664096],[88.220183527415372,26.77051537020472],[88.221074314360621,26.769641040467633],[88.221867952475435,26.7690880258858],[88.222118744089343,26.767618868590841],[88.224225989111432,26.766237504121158],[88.225438338083606,26.766750629866248],[88.22600017217394,26.766623897259681],[88.226455224921494,26.765450877671483],[88.226808920056101,26.76373707525023],[88.222570715884643,26.763335859389173],[88.218153580170764,26.76359958710124],[88.212467983690871,26.763743134147784],[88.208897035248228,26.763669822388735],[88.208171114382864,26.763021504873457],[88.207972939317585,26.76235063025981],[88.207980288785222,26.761619324414706],[88.208596245788755,26.7609053990994],[88.208560299560204,26.760359529291392],[88.208562092837482,26.759578618243349],[88.209010257393928,26.758690081139608],[88.210317768068762,26.757758096881343],[88.211710918086695,26.757317377857074],[88.213230412692539,26.756464805369877],[88.213952752983587,26.755831196342303],[88.214163883729739,26.754407526343019],[88.214519753100731,26.752883310266412],[88.214693340499849,26.751712735728368],[88.211372371088245,26.751470322233782],[88.210702146355189,26.751327090865779],[88.210589630653843,26.751147496661432],[88.210575865841662,26.749373670277624],[88.210602156194028,26.749007824177241],[88.210596991836539,26.748520371465997],[88.210566672853176,26.746132801394829],[88.210364320093504,26.744590788748077],[88.210285490405781,26.743318554359149],[88.210253820459812,26.7428376077929],[88.210213599979042,26.742226814369364],[88.209952216763398,26.741281133732169],[88.209955471003838,26.741218973925001],[88.210019127709046,26.740003141455393],[88.210139449186244,26.739496561920777],[88.210531755154776,26.738563357966463],[88.210595966336541,26.737980522396743],[88.210391319138836,26.73716977372148],[88.211758030353423,26.73710393582849],[88.214842554059572,26.736896991725761],[88.218033540008435,26.736774829972365],[88.219691069400341,26.736638709627123],[88.220227242228617,26.737888949018728],[88.220930662601361,26.739264133459983],[88.221968299930893,26.7403926853721],[88.223219021572234,26.741699944762978],[88.223988001131687,26.742618647683781],[88.224236499925098,26.74328906489179],[88.224567946741402,26.743724045584802],[88.225726077058354,26.745298397910592],[88.227098627671324,26.747173309581392],[88.227898518484764,26.749558718623483],[88.22919397846259,26.750802338758366],[88.231181606078565,26.752820828944348],[88.230605870254834,26.754450807038804],[88.23108771386471,26.754839327394929],[88.231588489478284,26.755584272340879],[88.231562691629023,26.759254238690197],[88.23747528221179,26.759202739912034],[88.237964521458878,26.756280307092634],[88.237966417383859,26.756268981079771],[88.238873145092739,26.756460901270188],[88.238928984528187,26.756472720255971],[88.238711842294009,26.755459007868126],[88.239732107224171,26.75588341529274],[88.241366698938322,26.755927788854258],[88.244040604848436,26.756297049298819],[88.245592024701963,26.757935479857704],[88.247417005887584,26.759756550829046],[88.24922937434583,26.761338476936508],[88.249993738116004,26.763182398040573],[88.250856908338278,26.764862945237549],[88.251799463388465,26.766443480657202],[88.253821146459643,26.767838427316974],[88.253767978982353,26.769865592956954],[88.25387165005364,26.771521238725896],[88.253947216786372,26.773822606329848],[88.254114361432755,26.775762057646457],[88.254042068881105,26.776963367432625],[88.254045352812156,26.778177549442653],[88.254251415650984,26.779538889858991],[88.254436262410749,26.781257007190383],[88.254329268154365,26.782503760961863],[88.254755902821699,26.785396007322575],[88.25631803035796,26.784643184172378],[88.258622161301346,26.783276989215132],[88.259724163901339,26.782639325050067],[88.26092326183165,26.781459495877051],[88.261920486969302,26.780190548002171],[88.26402331186749,26.778825428570812],[88.26732686163507,26.776551120957663],[88.268725656660649,26.775189703165832],[88.270587831142478,26.772962886358844],[88.270621143726828,26.772923048860459],[88.270937889990051,26.772154899932346],[88.270726036527378,26.771052097695208],[88.270068144056381,26.770376909454981],[88.270973218063077,26.769170656379949],[88.271912011335232,26.767677198689842],[88.272741370260633,26.765841671149431],[88.273439129252282,26.764381965004041],[88.275194810294067,26.764451939673808],[88.27796129589241,26.764530835898135],[88.279924071986258,26.763786403969103],[88.282238626503514,26.7625783590486],[88.28446801217423,26.761849508592469],[88.284942550419899,26.761123003522446],[88.288315775678996,26.762843722086274],[88.290932913517011,26.7639483471693],[88.290977166744426,26.759411611085817],[88.291372380501173,26.753896702349884],[88.291628430665497,26.750305923238841],[88.29160499139941,26.749657559598102],[88.293979596525276,26.749702205864125],[88.294386629387091,26.750127298161118],[88.294399923888435,26.750130120214365],[88.295732266848304,26.750412913787837],[88.298925054330624,26.750428832835297],[88.300976613001524,26.750450643994206],[88.30200618542014,26.74947073421594],[88.30426010035454,26.749603483860589],[88.307084771088157,26.749965650729877],[88.309815854890545,26.750495634949136],[88.313144628259863,26.750970379838453],[88.313968783495952,26.751373493666851],[88.313953825288436,26.751392401842409],[88.311619718667487,26.754342724910764],[88.308302915488355,26.757555569597308],[88.307163860986222,26.758635837749488],[88.3064531296301,26.759360076883503],[88.305809922538771,26.76115344890847],[88.306228902439599,26.76173637507415],[88.307478990726381,26.762884880598694],[88.3074812211687,26.762884288106534],[88.308972857274085,26.762487422225419],[88.310116213003568,26.763095240358158],[88.311540047402673,26.764043497154621],[88.31260075094815,26.764020135394563],[88.314987055642746,26.763397685450315],[88.316637746723515,26.76308445245996],[88.316981702879886,26.761952822374688],[88.317323601241739,26.760207342748103],[88.319867039827884,26.757962922017132],[88.322466631625147,26.755365862004332],[88.323596251146895,26.753486632919063],[88.325795579072391,26.750640484434705],[88.326062799609204,26.749405734715079],[88.322858740241685,26.747977731584765],[88.321395591284457,26.747097655575278],[88.322936418914807,26.745133352333379]]]]}},
{"type":"Feature","properties":{"OBJECTID":40586,"STATE_UT":"WEST BENGAL","SHAPE_Leng":36511.109148800002,"SHAPE_Area":38635205.916199997,"District":"Darjiling","Dist_LGD":"327","Sub_dist":"Rangli - Rangliot","Subdis_Typ":"CD_Block"},"geometry":{"type":"MultiPolygon","coordinates":[[[[88.419433541458815,27.03234806974244],[88.419241856575553,27.031910392338037],[88.41906535087692,27.031405038577514],[88.418480391683332,27.030385386890647],[88.41810318664885,27.029500412105527],[88.418026519841462,27.029320540991876],[88.417663467637382,27.028576136756737],[88.416357833719488,27.026857283958023],[88.415939252473336,27.025959343014744],[88.41537470055097,27.025372943781942],[88.414976736936836,27.024390323970064],[88.414976326997419,27.024389311904798],[88.415241535742425,27.023482086755713],[88.415248108376062,27.023459604163349],[88.415887647160361,27.022543438199172],[88.416854600925532,27.021302165305922],[88.418048283823637,27.019930059134946],[88.419669902238851,27.018029796169486],[88.42057649222248,27.017099903649232],[88.421351837691404,27.015881296670941],[88.421905814270787,27.015244902165048],[88.423007736592339,27.011742785121083],[88.423122954945256,27.010208485840067],[88.423293640492929,27.008597438750733],[88.422840070769226,27.008272720446307],[88.420860280040259,27.008684026273578],[88.419939299907327,27.00889277669906],[88.418527903933594,27.009212686689313],[88.416306362991634,27.009741278053774],[88.415747193396342,27.009899366177294],[88.415112438855189,27.009800310615532],[88.41468409522507,27.009597355682619],[88.413827461289273,27.009001965313175],[88.413788112875764,27.008959894444423],[88.413283119140061,27.008419954400974],[88.412345843355041,27.007571885557656],[88.410857537944864,27.006123392249503],[88.41021684287503,27.005499833913252],[88.410148664229865,27.005433478416627],[88.409654862393594,27.005054504989623],[88.409393113411227,27.00494187314959],[88.407956929363834,27.004323874133874],[88.407054896151095,27.003435154810013],[88.406077308493423,27.002280166000087],[88.405636829140974,27.001381503254557],[88.405094765868,27.000052272086126],[88.404983810987659,26.999947312630319],[88.403859894640291,26.998884124434529],[88.402564984792107,26.99791867829699],[88.401451417936059,26.996858435578982],[88.401058399257664,26.996271890027579],[88.40026647351327,26.995206091105999],[88.400196762799951,26.995112272316362],[88.39969287945388,26.994539279749986],[88.398438472008081,26.993623399412577],[88.39717393441326,26.992856463353093],[88.395768432742898,26.992039908023298],[88.395204170356678,26.991633865382543],[88.394388118111664,26.991115036544269],[88.393602176827855,26.990357050313364],[88.393514338060527,26.99024392224306],[88.393073130936855,26.989675686127864],[88.392493834974204,26.989102690197665],[88.391793568343957,26.988475549962914],[88.391481204480755,26.987902439723243],[88.391481303905834,26.987902389293179],[88.391874051118762,26.987703845618757],[88.392715241137594,26.9875503803135],[88.3933900915154,26.987374271371841],[88.394201071988078,26.987198164778828],[88.395102618103621,26.98692285542521],[88.395271095420028,26.986822199200958],[88.396281199081926,26.986218718056165],[88.397066884981811,26.985839558050984],[88.39799356094629,26.985487431045435],[88.399227567296165,26.985234522907241],[88.400038453855046,26.985004222844655],[88.400733531982937,26.984787528024796],[88.401322853158788,26.98468814876178],[88.402022820683058,26.984232273258627],[88.402783237355678,26.983654469420337],[88.403317122499274,26.983302426212504],[88.403986970290475,26.983027020169459],[88.404833016757948,26.982774135893248],[88.405533214743159,26.982801095978459],[88.40780432821451,26.981338529252579],[88.408252564753639,26.981239176208319],[88.408590145899652,26.981315782166835],[88.409013245317695,26.981568370647885],[88.409602712790416,26.982145891251708],[88.410081418289522,26.982849721169718],[88.410610506806492,26.983553496232769],[88.411341021171538,26.984257327691306],[88.411728950740567,26.984532466958498],[88.412177257541089,26.984631605424489],[88.413355970643721,26.98465842346403],[88.413501030521559,26.984624976322795],[88.413965614992733,26.984517857378851],[88.414433707121177,26.984409929408919],[88.415430854051678,26.983953893054661],[88.416216525460172,26.983701006525997],[88.417646744337986,26.983046252265439],[88.418714440918791,26.982770655821966],[88.418739533576641,26.98248181108805],[88.419016384734292,26.981877104249808],[88.419076909846126,26.981671568817468],[88.41927286460627,26.981006126011785],[88.419353189962507,26.980148656749673],[88.419806288699874,26.97957096984015],[88.420531228793109,26.978713322795503],[88.420757640903062,26.978185310066234],[88.420701894987587,26.977332460614551],[88.420026244117324,26.975293033610004],[88.419154340909046,26.97393494860043],[88.418932512221105,26.973181443260589],[88.418876646849839,26.971972118043478],[88.418679908542543,26.971218538714226],[88.418286787305121,26.970365832788662],[88.418341634671265,26.968777433399829],[88.418764379257368,26.968168100199655],[88.418966376543864,26.967701953791053],[88.419212225504481,26.967134604894724],[88.419438376432652,26.965952228915686],[88.419377474925753,26.964670646854959],[88.418928892485042,26.963691580810391],[88.418284028336643,26.962933663093079],[88.418193845338877,26.96285722413139],[88.417926894982017,26.962630959035188],[88.417906171893335,26.962613393615261],[88.417362238788797,26.962248032869102],[88.41700213173695,26.962105459402576],[88.416805095337395,26.962027447979111],[88.416440595652816,26.961883136270036],[88.416151503092109,26.961768678305425],[88.414569592971318,26.961569201527691],[88.413428883420607,26.961425349061312],[88.411761521254277,26.961498353788134],[88.411012174789477,26.961531157832088],[88.408898374135561,26.961725343874019],[88.407688165547611,26.961552648724073],[88.406575818843649,26.961018246198261],[88.405766387871878,26.960572167713224],[88.404659893996808,26.960759854754475],[88.403556874248466,26.961398669381602],[88.403159766989347,26.96173552118486],[88.402900441005713,26.961955496711802],[88.402056018188887,26.962671791299321],[88.400853759772801,26.963491751177784],[88.399949305059508,26.963768296820099],[88.399651590366119,26.963637274938865],[88.398938514130819,26.963323457229102],[88.397929764908497,26.963149400304523],[88.397025305097088,26.963425927446718],[88.39601949804802,26.963612819602908],[88.395212213875325,26.963437380953057],[88.394305619191584,26.963443190420445],[88.393298289238999,26.963449537581926],[88.392288940444331,26.963185176209027],[88.391380225875508,26.96292017464657],[88.390471517169374,26.962655167649022],[88.389562811254194,26.962390155380678],[88.389158472651928,26.962212154106624],[88.388348394723664,26.961675799702473],[88.387332643882473,26.960599119320399],[88.386113347071841,26.959252987306158],[88.385403331772011,26.958625721297889],[88.384489766381506,26.957728915953613],[88.383676942034043,26.956831477619684],[88.382764103777163,26.956024924099562],[88.382560553704351,26.955755474658531],[88.38184838469671,26.954857399428626],[88.381539924507649,26.954046989853332],[88.381434315314323,26.953415947292729],[88.381125862328219,26.952605535624276],[88.380515144518029,26.951797090123957],[88.379803119173459,26.950899000803773],[88.379398141562802,26.95063079517065],[88.378791721802855,26.950363835007284],[88.377781825225782,26.950009099028961],[88.376875330417093,26.950014701955585],[88.376471056084839,26.949836751938491],[88.375863260555874,26.949389249606121],[88.375150592516846,26.948400870440715],[88.374640761727463,26.947591774132299],[88.374230171715212,26.946601528037348],[88.373719664986453,26.945702164171919],[88.373009112830431,26.944984563892682],[88.372705580625521,26.944805983071632],[88.371998488698353,26.944539520752965],[88.371192164998988,26.944454291354752],[88.370186372599491,26.944640996828486],[88.369682787416224,26.944644082220478],[88.369280728319566,26.94458661306313],[88.36907779657011,26.944557607014364],[88.368370817102402,26.944291215801712],[88.368269412560934,26.944201566929287],[88.367865171973691,26.94402349961501],[88.367158097354249,26.943757102641182],[88.366350995165007,26.943581582264159],[88.36574464153783,26.943314563109322],[88.364835460044063,26.94295911810157],[88.364229896815246,26.942782266156424],[88.363423488577951,26.942696992007374],[88.362718478875365,26.942701277157976],[88.362115650477094,26.94288547475734],[88.361613432963537,26.943069061025195],[88.35940185919857,26.943624076648003],[88.358598942708127,26.943989919424837],[88.358098073833304,26.944354024317814],[88.357498619036875,26.944989437942198],[88.357101172760807,26.945713900562119],[88.356906616257774,26.94661758571279],[88.356611336199776,26.947521879334474],[88.356413962036925,26.948064594447121],[88.356115186677854,26.948517650861572],[88.355814377617264,26.948700002847733],[88.355311549245627,26.948793301692579],[88.35420429035733,26.948890326941306],[88.352592169629816,26.948809746899865],[88.351485682437456,26.948997016004132],[88.350076250128808,26.949095730384332],[88.349170525644325,26.94919141946475],[88.34796263257968,26.949288907328469],[88.34655386268453,26.949477942297065],[88.344942405417186,26.949487540364309],[88.344036004686203,26.94949302089351],[88.34324440869257,26.949568716072928],[88.343029447174118,26.949589270429453],[88.34202365427393,26.949775776547924],[88.341119145709683,26.950051945706413],[88.340315457163456,26.950327513449448],[88.339311643529982,26.950784707618602],[88.338904156842645,26.950896890401243],[88.338306396859011,26.951061455103712],[88.337401306079698,26.951247334606109],[88.337224847503194,26.951265959040018],[88.336495449285295,26.951342944174314],[88.336194037895453,26.951434987605403],[88.336093313784133,26.951435582189834],[88.335992588526636,26.951436174928901],[88.335390886911782,26.951800795205823],[88.334888685011748,26.951984286846052],[88.334284995173292,26.952078105644272],[88.333082328428276,26.952897503864158],[88.332580674245904,26.953171164819224],[88.331078534140374,26.954353381102301],[88.329476845476307,26.955716522687506],[88.329076657144867,26.956079939563793],[88.327872598115434,26.956718764063957],[88.327068726008136,26.956994258904388],[88.325862030122309,26.957272093327415],[88.323949563515271,26.957463745418043],[88.323144473091801,26.957558684834829],[88.320325520444811,26.957755630977314],[88.318916686492486,26.957944305082524],[88.317926282623247,26.958027273366735],[88.317967438501412,26.958238892138514],[88.318787079072806,26.95941830966742],[88.319696340929269,26.960506610976807],[88.320877730880909,26.961172591182301],[88.321835999845604,26.961709757084957],[88.323045049927728,26.962154291985556],[88.324721080630184,26.962472561560553],[88.325787292382273,26.962331646277132],[88.327174027372422,26.96246303531581],[88.328390263973205,26.962659207688326],[88.329128300222933,26.962882446006414],[88.330191221054477,26.962890477160769],[88.330877462697401,26.962992327332028],[88.331732027950508,26.962844337213536],[88.332399877485926,26.963095301876326],[88.332831330498664,26.963375580609679],[88.33380446314942,26.963885442134266],[88.334624962799097,26.964265847165038],[88.335460876775599,26.964244389939456],[88.336478000375763,26.964212185418912],[88.338178517642447,26.963613801668171],[88.339713650988827,26.963513465183162],[88.341418685792718,26.963298655972807],[88.341697915436981,26.964758401101037],[88.341644216307117,26.965327624418595],[88.341681870924248,26.965954654391183],[88.341649103183812,26.967439934983162],[88.341716076483124,26.970540129667164],[88.341659595732267,26.973849123297384],[88.341705603958886,26.975180190841783],[88.340455011757939,26.975499014391513],[88.338627995130793,26.97563824399575],[88.336949577731829,26.975563901818536],[88.334630388906518,26.975405338239177],[88.332193182735693,26.975491583794486],[88.329677818101388,26.97578615124803],[88.327441703092418,26.976267615437624],[88.325366561269703,26.976300683617403],[88.322849154013824,26.977285730100384],[88.32017547463343,26.977834376969021],[88.316817017763242,26.978416454296664],[88.313884274873431,26.97922016459319],[88.314024628441032,26.980026792387989],[88.314300886588867,26.980823124834984],[88.314394911508842,26.98154442475877],[88.313990547527297,26.982297454303236],[88.313760969528971,26.982917959146622],[88.313589579300199,26.983777140546522],[88.313505390951335,26.985204224772104],[88.31342786377607,26.98677116780997],[88.313501000004024,26.987862778715531],[88.313435644523679,26.989610152387119],[88.313139347886548,26.990560769824704],[88.313074510837865,26.992353273671551],[88.31312419577759,26.993160744921997],[88.313541443262892,26.993946736193379],[88.314192751824365,26.994929140127812],[88.314090149808024,26.996072037017168],[88.31448049339302,26.997142630910645],[88.313822596062735,26.998195922696937],[88.313883783320932,26.99912515266907],[88.313938518162729,26.999932575691201],[88.313900094796324,27.001395338858874],[88.313677461500092,27.002182780711976],[88.313467206965711,27.003602010149564],[88.313090582433972,27.004147152833042],[88.312272647426212,27.006176866151655],[88.311260965456256,27.008014294279789],[88.311187365357455,27.008619800952562],[88.311173244437498,27.008705690553953],[88.311078387490966,27.011387646979664],[88.311445331069137,27.013478536231283],[88.311811839830781,27.014228892063738],[88.31232678865895,27.015176460718031],[88.314078438935468,27.016297548217054],[88.315393250203627,27.017120284890265],[88.315867509251717,27.018032109924874],[88.315818091485525,27.019413727916504],[88.315729281096523,27.022172355558485],[88.315595195286889,27.023700502993908],[88.315567056758923,27.024021183023294],[88.315511278473835,27.024656863985552],[88.316816211278166,27.025055398839182],[88.317879892756409,27.025426184167863],[88.319892994520387,27.026127898101684],[88.322051902682361,27.027574548377245],[88.323181885351445,27.0280920186641],[88.323742364400957,27.028610323549383],[88.322710926479573,27.02833114958144],[88.320602551904273,27.027759668444439],[88.316708925629172,27.027092025204695],[88.314208945743331,27.026645975411171],[88.312246201990874,27.026456661825414],[88.311008867092042,27.026671300785271],[88.311180460623106,27.027125572198841],[88.313419760057727,27.029424676445814],[88.314350717106151,27.030165239884482],[88.314524386483001,27.031228821838333],[88.31512501950742,27.03259985135346],[88.315570318726913,27.03361575790348],[88.315921765725889,27.034795027758872],[88.315805454279243,27.035626612826288],[88.315736603498223,27.036638296393487],[88.315560755764267,27.037551680688207],[88.315296597133255,27.038240212925253],[88.315282949503398,27.038366720849933],[88.315221964958539,27.039188761107663],[88.315389935584037,27.040193717181459],[88.315387979777995,27.041755430328397],[88.315498551962932,27.043889312798111],[88.315344309893746,27.046224268854093],[88.314949200401529,27.047356354401828],[88.314419088279351,27.048151181128297],[88.313305498367754,27.049921871346193],[88.311924884339447,27.051708583755396],[88.310898443008796,27.052742732042709],[88.310231447041517,27.053475629986348],[88.309199565560135,27.054478222045137],[88.308284036478426,27.055082529728711],[88.307108210678763,27.055847227402463],[88.30658883932351,27.056271814062288],[88.306476353122846,27.056570754408376],[88.306432397547297,27.056693029373641],[88.306316658381419,27.05801657867514],[88.306327408172166,27.05807515936057],[88.306430621389737,27.05871512357724],[88.306738931314953,27.059217779724342],[88.306999782867607,27.059540333051466],[88.30731393951497,27.05967733442241],[88.308029747582125,27.059670678642767],[88.308910699007015,27.059558670590448],[88.309838596549596,27.059148326105202],[88.310861367900984,27.059093661852739],[88.310870305981169,27.059096009353834],[88.311624954299262,27.059294168004197],[88.31187972818087,27.059526497401993],[88.312004543268586,27.059854822122357],[88.311912127473434,27.060577853621997],[88.311967422559832,27.061430400939738],[88.311992210816967,27.062260665105157],[88.31211913312039,27.063202815069648],[88.312197377936741,27.063861064059218],[88.312512924230759,27.064548694187295],[88.312821592744683,27.065078413135176],[88.313557463550367,27.066357905228934],[88.313687281261764,27.066681668140536],[88.313843145859195,27.067077405052768],[88.313939474666213,27.067988243084883],[88.313947640727051,27.06912106777509],[88.313683521500536,27.070251924014755],[88.3133239631496,27.070548664263079],[88.312898863757312,27.070846014240566],[88.31217789684024,27.071281531683038],[88.311724015304435,27.071705527230563],[88.311505448944459,27.071987405701439],[88.311701593863233,27.072378256330428],[88.312614214089095,27.073245368061645],[88.313462465671122,27.074212374249139],[88.313919478432268,27.074921245235288],[88.314476590712815,27.075565987763607],[88.315135227859258,27.076268455958846],[88.315894864164719,27.07698351639505],[88.316499197644703,27.077352482045381],[88.317003071858707,27.077753982403856],[88.317389537493625,27.078463501146029],[88.317632831937132,27.079002846368351],[88.318480801403695,27.079938226276315],[88.318617911085212,27.080451484395631],[88.318613850212003,27.080966066178064],[88.318588959980303,27.081201374332178],[88.318586610268866,27.081223592906525],[88.3185317606452,27.081707056316112],[88.318587124037322,27.082559595704804],[88.318577371347473,27.082709979145339],[88.318513353213149,27.083697093182327],[88.318484609707511,27.084140296937239],[88.318391695494498,27.084818199336048],[88.318836585515683,27.085346623441769],[88.319370368520737,27.086145023294943],[88.319649249566012,27.086706596877839],[88.319722731432705,27.0873829383059],[88.319837395525482,27.088131107667611],[88.320004336695604,27.089036760781148],[88.320101572838894,27.09044858315475],[88.320263809705452,27.090952574715114],[88.320436926930824,27.091524167840351],[88.320999522767025,27.092195909833617],[88.321269085584106,27.092820757291232],[88.321554149482097,27.093477051820575],[88.321531789698923,27.094149777625415],[88.321664623762231,27.095155046234883],[88.321755998889088,27.096494704697299],[88.321886990699241,27.096913231288237],[88.3225915086513,27.09721352084307],[88.322894273863454,27.097228725294144],[88.323827988295719,27.097129882770545],[88.324017488315675,27.097109821619114],[88.324869251929954,27.097065685727145],[88.325033774656674,27.097068489999401],[88.325721706186783,27.09708021341741],[88.32622876495995,27.097214828695101],[88.326591839900757,27.097311218179218],[88.327568137829459,27.09756378193757],[88.328620360552904,27.096985133747925],[88.330216949948237,27.096383271223374],[88.331623027890615,27.095877980194512],[88.333058687959451,27.095742503835584],[88.334774781688282,27.095866133126073],[88.33627089155766,27.095725535673171],[88.337950188625015,27.095298826823182],[88.339672072835029,27.095485530361813],[88.341568269496832,27.096334034041917],[88.342220647557156,27.096910046475838],[88.342280474380203,27.097275068863183],[88.342134435242926,27.098138542588256],[88.342030117747413,27.098694700994049],[88.341688327621284,27.099636773822958],[88.341537239245667,27.100500295898794],[88.341407757953334,27.101061207325269],[88.341393531523948,27.102406365749687],[88.341396949788063,27.103539222761054],[88.341520349576498,27.105429202392525],[88.341232073854798,27.106208276925752],[88.340559239135857,27.106882697277793],[88.339814773240917,27.107472041233699],[88.339166821731567,27.108543405220786],[88.33825924885987,27.109838402747815],[88.338265311787296,27.10992410121689],[88.338289866516135,27.110030703952674],[88.338606991320503,27.110171795961058],[88.339625496422016,27.110357069595427],[88.34139051051946,27.110122857392245],[88.343533814700336,27.109063005981941],[88.344613240666007,27.108074964848395],[88.345697613020363,27.106920049186702],[88.346696424424835,27.105192009809429],[88.347195835026966,27.104316659311969],[88.347856772805272,27.102931536974655],[88.34847728433175,27.101717771012101],[88.34898538098841,27.100431602228586],[88.349042332775937,27.100287436124315],[88.349521444696805,27.099800161558434],[88.349969279509139,27.099662700656733],[88.350035641817456,27.099642331307809],[88.350373631199631,27.099538587238435],[88.351130819337413,27.099625313071872],[88.351518088523832,27.099669669463548],[88.352307735528996,27.100024110273168],[88.353428874901908,27.100527344970221],[88.355082612870106,27.100951831642146],[88.356040587857535,27.101024102947427],[88.356842324950236,27.100694821879841],[88.357149990124427,27.100212066839102],[88.357084462034294,27.099679566856064],[88.356832549406079,27.098754477559737],[88.356696532642687,27.098005379324572],[88.356817672022672,27.097378187779576],[88.357564020481945,27.09660666521777],[88.358748903665187,27.096011168252666],[88.361184169805213,27.095677523010373],[88.363468125796572,27.095768037422129],[88.365570557498174,27.09593511233442],[88.366871393678665,27.096138298670578],[88.368908212222379,27.096905532073464],[88.370365312983907,27.097275606920107],[88.371963537829231,27.097406518567468],[88.373380317016284,27.097537471161402],[88.374887932109857,27.097483279933378],[88.375629058087455,27.09743369016288],[88.378054211395977,27.096869574626087],[88.379612191208182,27.096440853624454],[88.381482703883734,27.095994150061351],[88.38310615546645,27.095511216664082],[88.384124578619861,27.09528553693757],[88.386373173672212,27.095109370612779],[88.387371430985624,27.094942361226764],[88.389100683685854,27.094323995333848],[88.390129187296864,27.093985516138979],[88.391162714276433,27.093849994878514],[88.392513843744339,27.093551993798712],[88.394374197916207,27.092716974263819],[88.395886550842334,27.091823281571124],[88.39738368468538,27.090875474201916],[88.399223798170297,27.090252454385087],[88.40131096599066,27.089855057274573],[88.402536051889768,27.089832275123065],[88.404401349411216,27.089728073966231],[88.406039914661349,27.089808999973407],[88.407617939550136,27.089677750351544],[88.409190745502585,27.089379627808601],[88.411030830343563,27.088954956874833],[88.413672243674526,27.088038274747593],[88.414942438341441,27.087257216764051],[88.416812529844137,27.086304639672917],[88.419287304079305,27.084769659714802],[88.42155031555923,27.083433203565928],[88.422840649546501,27.082913832644451],[88.424211598162998,27.082223026371107],[88.425794248808927,27.081495938328828],[88.427019090325359,27.081143557719706],[88.428536331611568,27.080899317197161],[88.429665577474282,27.080826634783019],[88.430850059584344,27.080474272318387],[88.431693068202748,27.080017895816276],[88.432301504538174,27.079688508783772],[88.432946590001251,27.079259570144373],[88.432890938188038,27.079006934812206],[88.432603400789716,27.078560239065698],[88.432395773209592,27.07830781485584],[88.432154467485574,27.078014446859928],[88.432085996841579,27.077915920569897],[88.431806449493237,27.077513663011946],[88.431498669072255,27.077044513377221],[88.431241460895151,27.076706188183479],[88.431079998220284,27.076530273725798],[88.430923365952125,27.075654911263747],[88.430610084131629,27.074084720597021],[88.430125644491881,27.0731146610505],[88.430095128178877,27.072442381258217],[88.429787280754297,27.071815257228018],[88.42922193351346,27.070141288726276],[88.429009767683795,27.069265946253893],[88.428434572121972,27.067998191939612],[88.427889866619623,27.067186161756574],[88.427043015141948,27.066292232147582],[88.426883624190182,27.066123979667136],[88.426825777697857,27.066062917945729],[88.426362477548523,27.066544709778178],[88.425979341516268,27.066943138252491],[88.425307208950343,27.067433794049755],[88.424754840641668,27.067837021560678],[88.42307669579219,27.068749119304933],[88.422245182959202,27.069105878733161],[88.422018351117771,27.06910149261245],[88.421116069719062,27.069124334581264],[88.420455767420435,27.069025211918355],[88.420299397775892,27.068795162240249],[88.420300481781112,27.068793700073972],[88.420707487933697,27.068244463138754],[88.421009771504913,27.067987211933669],[88.421120152031861,27.067765367035463],[88.421362322216495,27.067278649780715],[88.42160913447205,27.066700963145411],[88.421734842739497,27.065947302719284],[88.421507755729209,27.065306614182155],[88.421240446508506,27.064986333633389],[88.41956647601188,27.063578981408828],[88.419188234534587,27.063024035408063],[88.418174813599066,27.062207576468019],[88.417368061276292,27.061323400842934],[88.417080601445107,27.060962423972239],[88.417115706993741,27.060506664202698],[88.416928987821322,27.059938135939472],[88.416591179204218,27.059437386569623],[88.416600804890606,27.058349910592078],[88.416938303095307,27.057582656358161],[88.41695298032468,27.056504155347373],[88.416958793951864,27.056449924039459],[88.417148898159198,27.054676581712712],[88.41707803300136,27.053746983544443],[88.41691258425989,27.052897765821918],[88.416131926140622,27.048890806592524],[88.415722915534289,27.046791438895855],[88.415368811630643,27.044973726390968],[88.415326035800589,27.044754145966937],[88.415582930034674,27.044442661179225],[88.416212635616702,27.043882974776302],[88.417678581978805,27.042434017202172],[88.418076484207944,27.041824663392603],[88.418247592601574,27.041057546826938],[88.418390750868909,27.040313177431766],[88.418443749267865,27.040037604908374],[88.418216620210586,27.039058489240272],[88.418029999665436,27.038535093406534],[88.417903645343273,27.037745429434828],[88.417899741711722,27.037583675404843],[88.417888291892382,27.03710918578625],[88.418170320222146,27.036585671868711],[88.418341510638157,27.036314853788092],[88.418482523078922,27.035944774161436],[88.418598251404873,27.035552200217609],[88.418940631900398,27.034690198857287],[88.419237640636638,27.033859796993632],[88.4193934153204,27.032916627574611],[88.419433541458815,27.03234806974244]]]]}},
{"type":"Feature","properties":{"OBJECTID":40647,"STATE_UT":"WEST BENGAL","SHAPE_Leng":42881.993048099997,"SHAPE_Area":18931620.962699998,"District":"Darjiling","Dist_LGD":"327","Sub_dist":"Jorebunglow - Sukhia","Subdis_Typ":"CD_Block"},"geometry":{"type":"MultiPolygon","coordinates":[[[[88.150031290066792,27.018920074068916],[88.150705987089793,27.019352394946662],[88.151594186286076,27.019963517212933],[88.152516794576215,27.02048858897599],[88.1539066404235,27.021361899019794],[88.154725425858672,27.022081899460041],[88.155003375937312,27.022648349697096],[88.15499883591815,27.023190036291275],[88.155040807135279,27.02384418395663],[88.155162904898631,27.024448023798019],[88.155458938127779,27.025303204982247],[88.155967659476772,27.026255940837313],[88.156499368748243,27.026991827238753],[88.156736329296109,27.027490904594103],[88.156726435119907,27.028001037590958],[88.156647093705658,27.028620071729232],[88.156533258506059,27.029316121887174],[88.156345304852024,27.030157220588656],[88.156295043865768,27.030663171815881],[88.156337026694416,27.031317319290004],[88.156332910778673,27.031899625266274],[88.156529146272916,27.032358412539693],[88.156916114734031,27.032738899838641],[88.157257311328848,27.033079139195213],[88.157798904876685,27.033300372344559],[88.15825380208139,27.033423013617789],[88.158824573663352,27.033540185916262],[88.159803030563964,27.033599832791221],[88.160719849047581,27.033547138211986],[88.161692849647537,27.03356619330691],[88.162078725440537,27.03383834532897],[88.162297484642934,27.034392178439553],[88.162308840007569,27.034420927275058],[88.162373721877131,27.034585188070544],[88.162819506951024,27.035290159612359],[88.163136318013457,27.035707319009394],[88.163605032206149,27.036190926687052],[88.164164100522072,27.036637676214312],[88.16482219868692,27.037399564094656],[88.165026507942201,27.037659667731901],[88.165399334561457,27.038130522234162],[88.16580371277567,27.038727498436423],[88.166134357216237,27.039505631630394],[88.166552090129969,27.040418455121969],[88.166662043509049,27.040814751384243],[88.166819180428917,27.041386690359847],[88.166994100489944,27.04221576438367],[88.167439152505764,27.042843993088567],[88.167905299383932,27.043074838300591],[88.168678269465957,27.043727422671513],[88.169238470606388,27.044277955650777],[88.169810586498755,27.045004422092891],[88.170175811320604,27.045710037618907],[88.170443257945607,27.04622237730872],[88.17069016901327,27.046698775668172],[88.170980639634507,27.04748625796676],[88.171425735338261,27.048114473393554],[88.171932238358607,27.048344968086955],[88.172772851824206,27.048225123153124],[88.174534021653756,27.047917042061282],[88.180215105577844,27.046935165697722],[88.182856766412186,27.046470640307145],[88.186494377162504,27.046282032793631],[88.19278529642925,27.045308052614345],[88.195069512889702,27.044895979086522],[88.198136230558731,27.044120627135744],[88.198346305330205,27.043491435967553],[88.198252182300919,27.042697827445885],[88.197644966583809,27.041529439022344],[88.198432458559139,27.04116164232644],[88.198996345595091,27.041098159808932],[88.200371717092466,27.041027757459677],[88.202415526629181,27.04124502036036],[88.203603313615091,27.041546310769579],[88.20471041284722,27.041843768072084],[88.206444253982326,27.042298334907304],[88.208633478723286,27.042911463059461],[88.210413441235772,27.043433290302247],[88.209939178552816,27.042453387459972],[88.209130379263996,27.0413003244465],[88.20837272159136,27.040214522436322],[88.208042126807996,27.039468089182648],[88.207798378820073,27.038829239519551],[88.20708804543699,27.037923570635812],[88.206579690498941,27.037521698444547],[88.205663187922596,27.037132349048981],[88.204942436206721,27.036664584608612],[88.204629692533288,27.036170756568371],[88.20429898830487,27.035410772852735],[88.204917751631413,27.03529714712651],[88.205871929138254,27.034968503301283],[88.206672467080665,27.034884909266086],[88.208298255875334,27.034672359176007],[88.208264019513663,27.033828592987092],[88.208250701756569,27.033526290569295],[88.208708878517399,27.032538373727903],[88.208627674873412,27.032015484319761],[88.208585534359784,27.031374903301799],[88.20854891556327,27.03077941092268],[88.208894478821833,27.029160545159247],[88.208891061520788,27.028370679340306],[88.209027722439203,27.024659254984577],[88.209472782750964,27.02150939067214],[88.213285119710463,27.021246392398627],[88.216513064363383,27.021006394572609],[88.219849420092075,27.020539700945161],[88.220735949571775,27.020495908003848],[88.222977369456288,27.020377154911351],[88.224674832293516,27.020290181789836],[88.226827151447424,27.020321093538485],[88.228605580277161,27.020264962545298],[88.229608421295509,27.020721117146735],[88.23099222072527,27.021449265953951],[88.232945584459628,27.022181442004833],[88.234837062625871,27.023243630282511],[88.23580003409927,27.02373619697336],[88.23665673787356,27.023728675298138],[88.237928349264706,27.023410570552556],[88.24062484360131,27.022506670778853],[88.242304368183071,27.022162364162643],[88.243438071806281,27.022138815305613],[88.244557850742083,27.022223707139013],[88.246286138555689,27.022646242613263],[88.248512837993204,27.022563323206747],[88.250106315124441,27.022188091217462],[88.251197089381336,27.02147427166895],[88.251321640790707,27.021287204490822],[88.251812518940895,27.02054993934826],[88.251784219156903,27.020552963960146],[88.251718239824115,27.020552856393664],[88.251595213051431,27.020527193418609],[88.25147938438991,27.020504605932313],[88.251345593528228,27.02051189195824],[88.251151742062973,27.020564507260772],[88.251038019515491,27.020584361997901],[88.250844730454233,27.020606797978932],[88.250695073363744,27.020648420052936],[88.25062072018504,27.020643576421467],[88.250568381331178,27.020637762868873],[88.250421510439381,27.020620574776515],[88.250348027560833,27.020602170301281],[88.250250703434702,27.02055902328965],[88.250186919071382,27.020531793732776],[88.250118764912656,27.020466717839902],[88.25007921868783,27.020409889276372],[88.250063627717907,27.020338553136913],[88.250050624339735,27.020213707882213],[88.250022145900843,27.020016751572236],[88.250031495164336,27.019878091430673],[88.250049247899128,27.019833234369585],[88.250080358136813,27.019707186105059],[88.25008342008158,27.019542707055916],[88.250108868635351,27.019448677985377],[88.250139695598662,27.019337716474073],[88.250146595389197,27.019239756642609],[88.250145911053778,27.019094813625443],[88.250073781012546,27.018970756976252],[88.249995790015006,27.018888832915835],[88.249905976833432,27.018789157733657],[88.249804284108578,27.018708156634965],[88.249676185575467,27.018682370880558],[88.249579171579768,27.01862262157168],[88.249527226296976,27.018595681696699],[88.249459920319481,27.018575915834845],[88.249360233513798,27.018568939803174],[88.249276270655997,27.018535176160817],[88.249146929661762,27.018485201971572],[88.249060065567733,27.018425703949571],[88.248959619021747,27.018327351558302],[88.248866718401487,27.018228452897532],[88.248809613733101,27.018115334835382],[88.248699790797701,27.017992376027905],[88.248631596749846,27.017905167735663],[88.248566448023666,27.017810942127255],[88.248521272540742,27.017781203917345],[88.248417070175549,27.017761672058853],[88.248262728975476,27.017703285913008],[88.248098592052841,27.017613227746605],[88.247988375044557,27.017518790516593],[88.247938528487367,27.017465831278212],[88.24788964659696,27.017371717356472],[88.247845114453114,27.017260718590119],[88.247835059816083,27.017191628023564],[88.247799904599475,27.017119456750155],[88.247791804019897,27.017059255229789],[88.247754498763513,27.017010923414748],[88.247691216968946,27.016978989293722],[88.247647229992779,27.016977241473203],[88.247610939031702,27.016998092634829],[88.247535123899638,27.017035268107385],[88.247499144377159,27.017047101141841],[88.247396538902024,27.017075104696154],[88.247302855709009,27.017101888587078],[88.247203179664993,27.017145567964985],[88.247134404651035,27.017191064273248],[88.247010043300577,27.017233251226418],[88.246950896537058,27.017244671311513],[88.246951537915677,27.017254568389937],[88.246935301317052,27.017305923140928],[88.246932716913136,27.017415151440279],[88.246915398146001,27.017562699438137],[88.24689709766335,27.017758531037952],[88.246885516976818,27.01783724323688],[88.246856544679986,27.018002058335945],[88.246843431994876,27.01815192662449],[88.246807018708367,27.01833413207985],[88.24682844572834,27.018456157399577],[88.246820945192468,27.018542475862795],[88.246808915752183,27.018576056472909],[88.24676476093498,27.018591407317381],[88.246723964815189,27.018581763351367],[88.24667645283391,27.018555685538026],[88.246545383389517,27.018478599583627],[88.246416353361383,27.018435464298374],[88.246293831252615,27.018353589371198],[88.246174894428819,27.018293107529619],[88.246094930365686,27.018208570014398],[88.246013022974623,27.018183296195975],[88.245926890779216,27.018159141728354],[88.245890084527687,27.018118996973804],[88.245811385865721,27.018076237124308],[88.245702215768944,27.018021180040037],[88.245529330697138,27.017940182352909],[88.245426610042884,27.017848895715424],[88.245385428097606,27.017789032449546],[88.24530967418255,27.017740083528807],[88.245183585609212,27.017690758609341],[88.245098497136922,27.017622660748781],[88.244979692654709,27.017561007306515],[88.244849436706943,27.017484632259087],[88.244672777079828,27.017385921219727],[88.244506169018138,27.017335280197528],[88.244291276766148,27.01725668593302],[88.244120206817371,27.017217208308249],[88.244056724406292,27.017203568511142],[88.244019499877382,27.017180999439365],[88.244006182839954,27.017093871101725],[88.244017838298319,27.016896980803917],[88.244041648115456,27.016545124954018],[88.244027705821978,27.016366249686971],[88.244022348543183,27.016242043898892],[88.244008526814298,27.015999092119561],[88.244006713396246,27.015898515352923],[88.243982422668338,27.015861287668194],[88.243954773589692,27.0158478256044],[88.24386944979463,27.015848825542957],[88.243748299918963,27.015886354897201],[88.243631456634319,27.015903347427997],[88.243595305441929,27.015894636576196],[88.243574999053436,27.015866333213157],[88.243575654507168,27.015779656649357],[88.243583179706278,27.015580119423888],[88.243580148125375,27.015471960983458],[88.243549585125692,27.015460169048307],[88.243522026047131,27.015442941100023],[88.243504843884963,27.015400917322953],[88.243525479025365,27.015120133114927],[88.243536004744186,27.014971630592942],[88.243542023234866,27.014868812476969],[88.245676174479215,27.014865585582378],[88.247052971077693,27.014957213860463],[88.247207650975866,27.014828892157457],[88.247487428838554,27.014596787338633],[88.247894441221177,27.014489366432194],[88.249253022737832,27.014301287984829],[88.249861291580373,27.014164993841227],[88.250226041453445,27.01388190977617],[88.250563243931637,27.01338692664336],[88.250773764923508,27.012373999230228],[88.250855170092251,27.011533737222251],[88.250652403379377,27.010515451728946],[88.250676832580226,27.00953577108222],[88.250736841470456,27.009038736000345],[88.249052202137747,27.007076704667909],[88.248411692900959,27.007028220039796],[88.246954256536171,27.007840049275305],[88.246467146438036,27.007993311995786],[88.244807967708113,27.007877089789634],[88.244212754424282,27.007823671750298],[88.242763591971922,27.008017013861117],[88.242771996134266,27.00895641893041],[88.242665824706123,27.008919346864875],[88.242420099268855,27.008798937635657],[88.242250277383349,27.008722866251077],[88.242145332628766,27.008690180221684],[88.2420182539081,27.008674995090381],[88.241966579249592,27.008656962086977],[88.241872371333301,27.008590538453397],[88.241737128993833,27.00855507172859],[88.241611250823226,27.008546643022935],[88.241508019441312,27.008509908560082],[88.241406955287061,27.008459673186838],[88.241329561849199,27.008455422304657],[88.241150170970457,27.008435792357933],[88.241029927013614,27.008436829072227],[88.240967787761065,27.008435138528412],[88.240890631679164,27.008428558468864],[88.2408319806745,27.008394831012012],[88.24075845951144,27.008360595375859],[88.240707597982592,27.008313909088777],[88.240650714162712,27.008269663647212],[88.240550308680881,27.008163957064358],[88.240459781032541,27.008097410482719],[88.240365613531822,27.008055864279694],[88.240295889944178,27.00804688421664],[88.240199563500738,27.008062255453378],[88.240146380165669,27.008083279372482],[88.239991159750957,27.008121491202605],[88.239857012798694,27.008149548034794],[88.239729325530618,27.008164777442509],[88.239671712880721,27.008168252672149],[88.239561561309031,27.008122111108364],[88.239487256162519,27.008083531573675],[88.239375565858111,27.008049293446387],[88.239329301653143,27.00804011210576],[88.239207799920777,27.008006627754643],[88.239113674271579,27.008002341710309],[88.239052506039059,27.008001348963109],[88.238942111967688,27.008010641065258],[88.238877677290674,27.008011681213677],[88.238813892139831,27.008017123269674],[88.238780027634363,27.008001838194499],[88.238703310422821,27.00789486075027],[88.238616953948295,27.00778211680564],[88.238503611115846,27.0076717205093],[88.238465217018572,27.007596484041649],[88.238364321357267,27.007378284254447],[88.238281893671029,27.007255890343199],[88.23817925619835,27.007056012759985],[88.238098598371948,27.006913020726824],[88.238029672216157,27.006828556471124],[88.23801509949439,27.006778048780479],[88.2379814117687,27.006663836497044],[88.237918853758273,27.006484494812721],[88.237913457752825,27.006457133304913],[88.237888765046279,27.00632526791037],[88.237851208726923,27.006126119974379],[88.23782200747408,27.005981131356322],[88.23776252284506,27.005823282646602],[88.237690588209475,27.00562840181388],[88.237657162125899,27.005501652075761],[88.237613074701457,27.005364251590112],[88.237578844029585,27.00517826469228],[88.23755346615809,27.005026608344661],[88.237544538316726,27.004855614432845],[88.237510367763633,27.004711347412165],[88.237483013588545,27.004542987865328],[88.237472574816138,27.004382815073821],[88.237464535648598,27.004176387667503],[88.237456501600178,27.003971721277932],[88.237439512933179,27.003809577119391],[88.237439528811308,27.003555416259207],[88.237491958717555,27.003416613100985],[88.237545831479068,27.003217215541753],[88.237637935461905,27.002925573016217],[88.237666687848773,27.002799038552478],[88.237697748001281,27.002683974894037],[88.237767476722382,27.002579232399889],[88.237829828818306,27.002403557849568],[88.237861816034922,27.002314450240352],[88.237874549373984,27.002201625357284],[88.237877286331383,27.002105939876479],[88.237871260271618,27.002026338443205],[88.237884013328255,27.001915042722395],[88.237899233603869,27.001875195174783],[88.237953207713574,27.001844018968221],[88.238089464490685,27.001835762226072],[88.238322183069485,27.00179966413528],[88.238544278736555,27.001743688304856],[88.238781996688047,27.00166281521447],[88.239139548652375,27.001572442367525],[88.239304367311163,27.001521534264061],[88.23950954447804,27.001493077897447],[88.239703391840919,27.001433097079627],[88.239869601868918,27.001397946233503],[88.240008034752151,27.001350039812777],[88.240225299417034,27.001309730481832],[88.240484153783186,27.001244443359624],[88.241483080837909,27.001059815170183],[88.241883145074993,27.001010793609918],[88.242379187502621,27.000910995306771],[88.242586253013982,27.000898598087609],[88.242749562158821,27.00086744030061],[88.242961644470114,27.000794552244294],[88.243241870778448,27.000567371025394],[88.24426226648643,27.000420823657631],[88.245071704116924,27.000255694382499],[88.2461991034791,27.000137396572491],[88.246640887083998,26.999989050376719],[88.248340359948841,26.999658044315375],[88.250021017019478,26.99944905234662],[88.250406281232472,27.000113655267285],[88.250608097480807,27.000299651005971],[88.250700402431278,27.000299263553959],[88.250806144018512,27.000306437589977],[88.250882719173916,27.000331373824885],[88.250956873059096,27.000388367912539],[88.251238950534628,27.000671171461278],[88.251329794600935,27.000742368442772],[88.251464427023095,27.000828426055325],[88.251582090155679,27.000907173910036],[88.251702810879237,27.001000738509763],[88.251831686805673,27.00110735132527],[88.251871722908788,27.001154314833638],[88.251970151128944,27.001405052055944],[88.252010160484062,27.001514100421829],[88.252061220948676,27.001593525008989],[88.252153343814783,27.001713304461553],[88.252271355314662,27.00182387488336],[88.252366971761234,27.001922119118916],[88.252489321542669,27.002032065590495],[88.252575785766595,27.0021062494619],[88.252650451437972,27.002162758256222],[88.2527596144445,27.002233928526636],[88.252795995726771,27.002252435449662],[88.252890637905239,27.002298826593503],[88.252951974722393,27.002305224348987],[88.253030579651863,27.002310049309479],[88.253125901086634,27.00233271257666],[88.253253910269436,27.002416939995353],[88.253336101633067,27.002491521009695],[88.253372287885028,27.002602862620741],[88.253413201378322,27.00272084473389],[88.253468017079371,27.002783156958099],[88.25354987373089,27.002846387264757],[88.253791470522103,27.003021416978189],[88.253904852359554,27.003100829035905],[88.254149940478086,27.003221411053477],[88.254266607259069,27.003288553816347],[88.254450977355489,27.003381168048321],[88.25452502599282,27.003459246850465],[88.254637928341211,27.003571555229119],[88.254778097889172,27.003746875974496],[88.254849504187334,27.003831342389457],[88.254951944815105,27.003949246676068],[88.255049087570839,27.004093437821872],[88.255106238189754,27.004160147524683],[88.255259107895213,27.004338642682232],[88.255382344224458,27.00446933296632],[88.255384585754186,27.004492181685077],[88.255645831060846,27.004491634809618],[88.255887761361635,27.00448909628653],[88.256103486281731,27.004471878880928],[88.256275365870849,27.004466251637275],[88.256409889765038,27.004470291868781],[88.256566536833333,27.004512763226611],[88.256690448726474,27.004574334296798],[88.256923079091749,27.004690721009581],[88.257025920386269,27.004709071879567],[88.25716817349381,27.004727724103962],[88.257306570179679,27.00472430014981],[88.257483477262738,27.004724819292452],[88.257651098555542,27.004752645096687],[88.257818980349796,27.004791570159508],[88.257939758951949,27.004845653749147],[88.258060664951458,27.004927225179614],[88.258189771820597,27.005024049983348],[88.258284826544994,27.005095752724596],[88.258383451736066,27.005142938556951],[88.258482377297568,27.005190267825547],[88.258589239446025,27.00524387443182],[88.258658862198075,27.005278799509945],[88.258761235206435,27.005312128266944],[88.258862039956625,27.00533110522392],[88.259017167735166,27.005354340981999],[88.259195592945701,27.005376838963397],[88.259419579586208,27.005384928959522],[88.259503833724224,27.005381981221753],[88.259565259093364,27.005379832112578],[88.259661931670578,27.005376450584414],[88.259850701618205,27.00533983403956],[88.259946665650162,27.00528990375031],[88.260114987802538,27.005193385115636],[88.26015179049709,27.005172454817391],[88.260152512638754,27.005178534138246],[88.260276760701302,27.005124173070776],[88.260477321640593,27.005065163474576],[88.260705605269152,27.00500346225428],[88.260876707720627,27.004936914345272],[88.261029494349017,27.004862938715942],[88.261336008770641,27.004754577423185],[88.261489292343171,27.00470837737198],[88.261684147804914,27.00469454503067],[88.261914135605437,27.004687360531655],[88.262021547704151,27.004693240593348],[88.262096637434908,27.004722674623775],[88.262046132302046,27.004844324020873],[88.261886763470656,27.005026860445987],[88.261754997584163,27.005205822909826],[88.261728223115142,27.00528757227044],[88.261740021144746,27.005372544220414],[88.26183200247921,27.005423884508193],[88.261892156608937,27.005524874527275],[88.261867800864863,27.00564719820726],[88.261813565911083,27.005771498158239],[88.261793851959453,27.005890495121871],[88.261797363559523,27.006020219923979],[88.26193135387534,27.006386327563423],[88.26200428008859,27.006668770340248],[88.261993255533753,27.006914950047648],[88.261907723444168,27.00699549661141],[88.261757274808346,27.007099076314542],[88.261589754672457,27.007188750135519],[88.261387613404565,27.00729643597829],[88.261231469396137,27.007385743228731],[88.261225840879064,27.007569810601598],[88.261244661522397,27.007687281042973],[88.261291119555409,27.007791946729444],[88.261253010929437,27.007911771484281],[88.261171420166406,27.007942162990584],[88.261075887709723,27.008030951320876],[88.260993889355646,27.008094181411153],[88.260885507514388,27.00814996614411],[88.260796204882496,27.008170646022922],[88.260743203540912,27.008226573875621],[88.260615372125471,27.008266092614019],[88.260532090163281,27.008267748595056],[88.260403704173669,27.008298601947146],[88.260287299014138,27.008312253273687],[88.260196426922747,27.008309957708299],[88.260067965943634,27.008327275528604],[88.25991612554968,27.00837903914179],[88.259851078023956,27.008380963477997],[88.25975369990455,27.008407827298477],[88.259720963660385,27.008439565547082],[88.259709088040296,27.00849524153508],[88.259729865275247,27.008521326179466],[88.259814993247105,27.008574132693656],[88.259908627274854,27.00865713539552],[88.260025724809466,27.00876394903695],[88.260134602747542,27.008849923319715],[88.260189943373135,27.008914755906144],[88.260231921111114,27.008975104578379],[88.260279713768853,27.009083813090765],[88.260296667354055,27.009190025422686],[88.260274116089889,27.009266176908334],[88.26023550214623,27.009309493841961],[88.260076372905417,27.009408103866679],[88.259953123380171,27.009486286975896],[88.259896759604615,27.009538321602651],[88.259845737413357,27.009601501520805],[88.259784904795723,27.00965770433293],[88.259773227357726,27.009705503208739],[88.259775035928527,27.009800968617839],[88.259767402766499,27.009848663525464],[88.259761931332932,27.009882851095401],[88.259772660216385,27.009950123795843],[88.259798377886867,27.010029183716579],[88.259787301811031,27.010062629183526],[88.259708960353834,27.010131198720529],[88.259611078349351,27.010199402370546],[88.259566219125588,27.010253998393953],[88.259496575636859,27.010299753688656],[88.259469308841702,27.010350118590214],[88.2594277827437,27.010417526074708],[88.259383805252355,27.010497363193579],[88.259336713420268,27.01055900764754],[88.259317159038019,27.010605338542558],[88.259304962136042,27.010804215726605],[88.25930313522737,27.010894043971],[88.259278956087527,27.011009373438476],[88.259245289800901,27.011209873496941],[88.259210431168626,27.011302909317816],[88.259147430346459,27.011421063807809],[88.25910964372315,27.011584067757703],[88.259044433724384,27.011662499793978],[88.258964312452278,27.011727349635926],[88.258943854800776,27.011795309483141],[88.25893313142403,27.011866557457274],[88.258956618377681,27.011952662989913],[88.259049374080249,27.012052902866991],[88.259120489506032,27.012161993025263],[88.259152236564418,27.012238517013195],[88.259208196276106,27.012386111689743],[88.259264114509989,27.012539864416588],[88.259296252079125,27.01270108564696],[88.259308389117891,27.012830136912356],[88.259309833033726,27.013030534845203],[88.259307154048315,27.013236914052005],[88.259270867266508,27.013364969548007],[88.259229492706368,27.013475276819236],[88.259205573326099,27.013538303957372],[88.259192089058701,27.013628868062408],[88.259216307292803,27.013699942063734],[88.259289288529956,27.013810836132503],[88.259362344523126,27.013919966745988],[88.259392617660268,27.014034434272624],[88.259413155258017,27.014147777420408],[88.259459599265057,27.014244010886316],[88.259502273848582,27.014340135875567],[88.259519500260282,27.014420734742252],[88.259546531457573,27.01453904625437],[88.259563267310966,27.014670328568098],[88.259611670012958,27.014836923058684],[88.259618909124086,27.014915661299451],[88.25962340504492,27.015071276920239],[88.259601641695014,27.015253852108625],[88.259594320723679,27.015390105674392],[88.259613852079283,27.015439266153958],[88.259647502069058,27.015476351416076],[88.259708979965666,27.015575925679109],[88.259825265222531,27.015757265544092],[88.259850274023492,27.015860675556723],[88.259852973807327,27.015995292840632],[88.259895509162192,27.016147839731524],[88.259930199940115,27.016297593037859],[88.259967144963397,27.01640812516527],[88.260047406032697,27.016590808786891],[88.260132346015695,27.0167036276594],[88.260217385586017,27.016805963542339],[88.260270984685775,27.016898379744354],[88.26028833132419,27.01696674497629],[88.260288988553626,27.017140650383183],[88.260312391136551,27.01728763537519],[88.260339038197145,27.017383577711829],[88.260394953990897,27.01755005284306],[88.260435354666043,27.01771339646907],[88.260481871545522,27.017866316491471],[88.260511521901108,27.018000348125312],[88.260473880187703,27.018172232169704],[88.260454343055216,27.018321660302863],[88.260453852438147,27.018413373217264],[88.260471043514741,27.018498496997882],[88.260478671511819,27.018576914334826],[88.260472815255667,27.018650847719858],[88.26045635193077,27.018758019314738],[88.260459978287599,27.01884102312972],[88.26048406188977,27.018962438925296],[88.260521653442908,27.019085137934056],[88.260545684358121,27.019205716776472],[88.260555920250468,27.01933299160503],[88.260557710023249,27.019485631271497],[88.260563751542193,27.01955105509143],[88.260587336162004,27.019615176418441],[88.260606349780147,27.0197257051638],[88.260615024843105,27.019853711075516],[88.260648081827327,27.01997593386854],[88.260701018152943,27.020105095969548],[88.260742856171703,27.020197461624171],[88.260872825739341,27.020330782077814],[88.260968459230199,27.02040849397579],[88.261087922161522,27.020543560756675],[88.26114058870769,27.020601747453849],[88.261191419823831,27.020690120304355],[88.261306476216618,27.02084333555732],[88.261343609083696,27.020903037660098],[88.263063442734008,27.020813138199117],[88.265687575263414,27.020672217672363],[88.266404006966042,27.020742506777164],[88.267397901464903,27.020837376624584],[88.268363712510904,27.020675216334055],[88.269723930694838,27.019733147933838],[88.270257996761615,27.019272455974622],[88.270552960682082,27.019509018016894],[88.271210491546469,27.019719736365264],[88.271941020121986,27.019699599084483],[88.272403760744197,27.01961868665537],[88.272950130766176,27.019356469347976],[88.273775129200388,27.019222627980103],[88.274230028527711,27.01934037766296],[88.274838294283256,27.019650823611052],[88.275906871161666,27.020557410421073],[88.276445924086019,27.020985830695178],[88.276510833271502,27.021377927608043],[88.276662430539133,27.021859511120624],[88.276791945512485,27.022616625230107],[88.276944835554858,27.023657883962397],[88.277068092008008,27.024306727429185],[88.277280577489236,27.024823865752335],[88.277503093421842,27.025336399256151],[88.277783632205782,27.025631751834677],[88.277981957594847,27.025787928270152],[88.278448295209287,27.026022914718411],[88.279157602251246,27.026350479924666],[88.279953708806104,27.026776550327803],[88.280432999786413,27.027264176245151],[88.280658680241658,27.027609670613955],[88.280949853851752,27.028396903723305],[88.281257739825506,27.029323906141002],[88.281553911194337,27.030106577704885],[88.28196553924883,27.030847574643605],[88.282474925465067,27.031763710617646],[88.283295449604239,27.032559654967436],[88.283990660342297,27.033415412671502],[88.284764154479589,27.034062827945508],[88.285986870319576,27.034764810246745],[88.287479487050788,27.035265714835035],[88.288328199986168,27.03587631120141],[88.2886888440718,27.035236592338268],[88.289106766099124,27.034316503981877],[88.289727148612982,27.033471292345617],[88.290302886558948,27.032689678617192],[88.291370080390067,27.031691413780429],[88.29329481831644,27.030757479956872],[88.294175045836653,27.030600442183623],[88.295131627441805,27.030948216939603],[88.296562497076479,27.031779085240132],[88.297676459883562,27.032662510656689],[88.300992976310667,27.034414759689927],[88.301538668555125,27.034093764053186],[88.304068277984882,27.031858691262325],[88.305353972118183,27.031025299870283],[88.307778579853732,27.029310200924396],[88.309218258221463,27.027852470119704],[88.310268427915844,27.02714309436556],[88.311008867092042,27.026671300785271],[88.312246201990874,27.026456661825414],[88.314208945743331,27.026645975411171],[88.316708925629172,27.027092025204695],[88.320602551904273,27.027759668444439],[88.322710926479573,27.02833114958144],[88.323742364400957,27.028610323549383],[88.323181885351445,27.0280920186641],[88.322051902682361,27.027574548377245],[88.319892994520387,27.026127898101684],[88.317879892756409,27.025426184167863],[88.316816211278166,27.025055398839182],[88.315511278473835,27.024656863985552],[88.315567056758923,27.024021183023294],[88.315595195286889,27.023700502993908],[88.315729281096523,27.022172355558485],[88.315818091485525,27.019413727916504],[88.315867509251717,27.018032109924874],[88.315393250203627,27.017120284890265],[88.314078438935468,27.016297548217054],[88.31232678865895,27.015176460718031],[88.311811839830781,27.014228892063738],[88.311445331069137,27.013478536231283],[88.311078387490966,27.011387646979664],[88.311173244437498,27.008705690553953],[88.311187365357455,27.008619800952562],[88.311260965456256,27.008014294279789],[88.312272647426212,27.006176866151655],[88.313090582433972,27.004147152833042],[88.313467206965711,27.003602010149564],[88.313677461500092,27.002182780711976],[88.313900094796324,27.001395338858874],[88.313938518162729,26.999932575691201],[88.313883783320932,26.99912515266907],[88.313822596062735,26.998195922696937],[88.31448049339302,26.997142630910645],[88.314090149808024,26.996072037017168],[88.314192751824365,26.994929140127812],[88.313541443262892,26.993946736193379],[88.31312419577759,26.993160744921997],[88.313074510837865,26.992353273671551],[88.313139347886548,26.990560769824704],[88.313435644523679,26.989610152387119],[88.313501000004024,26.987862778715531],[88.31342786377607,26.98677116780997],[88.313505390951335,26.985204224772104],[88.313589579300199,26.983777140546522],[88.313760969528971,26.982917959146622],[88.313990547527297,26.982297454303236],[88.314394911508842,26.98154442475877],[88.314300886588867,26.980823124834984],[88.314024628441032,26.980026792387989],[88.313884274873431,26.97922016459319],[88.316817017763242,26.978416454296664],[88.32017547463343,26.977834376969021],[88.322849154013824,26.977285730100384],[88.325366561269703,26.976300683617403],[88.327441703092418,26.976267615437624],[88.329677818101388,26.97578615124803],[88.332193182735693,26.975491583794486],[88.334630388906518,26.975405338239177],[88.336949577731829,26.975563901818536],[88.338627995130793,26.97563824399575],[88.340455011757939,26.975499014391513],[88.341705603958886,26.975180190841783],[88.341659595732267,26.973849123297384],[88.341716076483124,26.970540129667164],[88.341649103183812,26.967439934983162],[88.341681870924248,26.965954654391183],[88.341644216307117,26.965327624418595],[88.341697915436981,26.964758401101037],[88.341418685792718,26.963298655972807],[88.339713650988827,26.963513465183162],[88.338178517642447,26.963613801668171],[88.336478000375763,26.964212185418912],[88.335460876775599,26.964244389939456],[88.334624962799097,26.964265847165038],[88.33380446314942,26.963885442134266],[88.332831330498664,26.963375580609679],[88.332399877485926,26.963095301876326],[88.331732027950508,26.962844337213536],[88.330877462697401,26.962992327332028],[88.330191221054477,26.962890477160769],[88.329128300222933,26.962882446006414],[88.328390263973205,26.962659207688326],[88.327174027372422,26.96246303531581],[88.325787292382273,26.962331646277132],[88.324721080630184,26.962472561560553],[88.323045049927728,26.962154291985556],[88.321835999845604,26.961709757084957],[88.320877730880909,26.961172591182301],[88.319696340929269,26.960506610976807],[88.318787079072806,26.95941830966742],[88.317967438501412,26.958238892138514],[88.317926282623247,26.958027273366735],[88.317915492432789,26.958028177272347],[88.317485216251214,26.958064221852478],[88.316601268163396,26.958138271972839],[88.313482663999167,26.958697795938406],[88.312578108432987,26.958973785816951],[88.312288745489724,26.959079441069285],[88.311573458200115,26.959340613415591],[88.309669896251023,26.960795533827437],[88.30956595832923,26.960344865745366],[88.30965964079256,26.959351540204416],[88.309655796837717,26.958810121699273],[88.309740367965887,26.958458396588362],[88.309851390113977,26.957996664667689],[88.309545350712582,26.957456879262111],[88.309139226324987,26.957007933551772],[88.308634293734926,26.956830360199746],[88.308140379871048,26.956644053360574],[88.307927263867683,26.956563664051011],[88.307322982871057,26.956567100631705],[88.305812769925737,26.95666603968451],[88.302891792130495,26.956682675830766],[88.302515861419622,26.956697771753799],[88.301660162642122,26.956732134126799],[88.30027353470156,26.956787817296451],[88.299367059532486,26.956792921618561],[88.29845606140708,26.956166334667927],[88.297647164947961,26.955719618295003],[88.297632613085327,26.955708355252035],[88.296957018410282,26.955185419930693],[88.29683691254148,26.955092453949582],[88.296228757458735,26.954554332210847],[88.295523026953816,26.954468106000053],[88.295094849502178,26.954573012064778],[88.294014809734989,26.954837627655156],[88.293004381710176,26.95439201066559],[88.292705237735902,26.954186206565542],[88.291594003174993,26.953421690591238],[88.291182600646707,26.953138651780201],[88.290903075364255,26.952863855395467],[88.290864589093729,26.952826020904784],[88.290269801060163,26.952241296539388],[88.28971583247953,26.951425568210244],[88.28965919255748,26.951342166166867],[88.289327910793546,26.95115586751821],[88.288546837194374,26.950716627292259],[88.287435841153808,26.950271526601814],[88.286017604706203,26.949106128944543],[88.285102903954396,26.948215755140804],[88.285003534049224,26.948119026982951],[88.284798362468621,26.947578625101023],[88.283884417757079,26.946500600426333],[88.282769148128708,26.945423767807085],[88.282160493508854,26.944795402787115],[88.281754519984119,26.944346371426469],[88.281547418785109,26.943535252011458],[88.281429919404175,26.941099030443649],[88.281121594644688,26.940198195760722],[88.280610607602895,26.93911802017162],[88.280403009816951,26.938216629482699],[88.280461154567178,26.937835014579665],[88.280517338277605,26.937466271594189],[88.280595702156901,26.936951956499932],[88.280691380241862,26.936229442462761],[88.281083022251167,26.934602680907119],[88.280973672992559,26.933339756088298],[88.280861140857027,26.931625492093666],[88.280349482512008,26.930455046569833],[88.279635290470324,26.929105165061717],[88.279224463505486,26.927934160850455],[88.279020590876641,26.927574283313408],[88.278815489957111,26.927033867855876],[88.278911172458749,26.926311264465475],[88.279108890453514,26.925768644015434],[88.280308508927178,26.924498541067159],[88.280733489647758,26.924064650936181],[88.281102740425382,26.923687658347031],[88.281108479237076,26.923681799476896],[88.281308031691481,26.92340988965055],[88.281406265900372,26.9230483550546],[88.281499462272208,26.921964767920986],[88.281490108436316,26.920611019880553],[88.281490046735385,26.920602068222969],[88.281489932394479,26.920585320050726],[88.28149000263663,26.920576735283237],[88.281489872989269,26.920576669377859],[88.281483939837983,26.919708521188738],[88.281380774447086,26.91934809313889],[88.281291535355223,26.918386311917807],[88.281271959122776,26.918175343307013],[88.2808630090843,26.917275145608734],[88.280556608067499,26.916645017247795],[88.27984558542137,26.915746381395738],[88.278529794296901,26.914760871479928],[88.277316659016705,26.914045509453445],[88.276872995965007,26.913793290556324],[88.275901441167349,26.913240968548671],[88.274386262805379,26.912527318266068],[88.273880971133153,26.912259342046436],[88.273074925095685,26.912173450654283],[88.27236947273893,26.912087098777526],[88.27176664051521,26.912270911592575],[88.271464563585695,26.912272548235268],[88.271261962156871,26.912093103753424],[88.27116005436865,26.911913202711091],[88.270851898725468,26.911012335796215],[88.270821813578749,26.910641934002889],[88.270741988291775,26.909659125290748],[88.270735327376585,26.909579592336183],[88.270522883806592,26.907042882244816],[88.270302881952645,26.906718671346255],[88.269836592037294,26.906272159063164],[88.26963885055504,26.906007402315847],[88.269508121621854,26.905875109579828],[88.268900972568503,26.905427210010426],[88.268191323229217,26.904708956347193],[88.267782528552843,26.903808712920991],[88.267471902375192,26.902546762253042],[88.267266907146109,26.902006415400738],[88.267115805570398,26.901906077962661],[88.266862360176845,26.901737779240978],[88.266659785967008,26.901558415990824],[88.265955107699114,26.90156220750557],[88.265251634691197,26.901746532048314],[88.264548059083765,26.901930855017405],[88.263241684926754,26.902298949418721],[88.261731032804789,26.902216854065248],[88.260823682148342,26.902041249866578],[88.259712074201033,26.901415458537418],[88.258803534820345,26.901059303505615],[88.257996980705883,26.90088314346767],[88.257392288103148,26.900796088412839],[88.256992047526111,26.901159304865484],[88.256389737888128,26.901433230318926],[88.255988298177144,26.901615906002263],[88.255385389801205,26.901799648621044],[88.254377467956417,26.901624535410008],[88.252763077544003,26.901091622962085],[88.252158386347205,26.901004545087233],[88.251855152348156,26.900825691301861],[88.249996459525079,26.900433934263656],[88.249991701544147,26.900431629978513],[88.248931425786679,26.900209456469348],[88.247317078002368,26.899676479846942],[88.24630859725869,26.899411038657227],[88.244796125146209,26.899057954628958],[88.244605200934899,26.8990162337969],[88.243989604915043,26.898881714886841],[88.243485028406255,26.898703894095799],[88.241973744477036,26.898531316844497],[88.240966451477277,26.898446376363133],[88.239754200550379,26.897820946787238],[88.238945946848943,26.897373867674766],[88.238144907703045,26.896752902249212],[88.238136437450635,26.896746334763101],[88.23722102981553,26.895306981593979],[88.236760258301473,26.894817154147155],[88.236714157802695,26.894768147319525],[88.236669136310752,26.894768380011612],[88.23641212378925,26.894769708251687],[88.236010672819262,26.894952326975986],[88.235710376687251,26.895224605854605],[88.235613275821777,26.895766651956418],[88.235313557406258,26.896129289771952],[88.234912678224035,26.896402084986754],[88.234212070507709,26.897037514638097],[88.233715707882425,26.898123163712441],[88.233299640446063,26.899199751653327],[88.233121542511924,26.899660587338452],[88.232120011504506,26.900478101175771],[88.23126616102185,26.900789396730804],[88.231115686042244,26.900844257115111],[88.230210687001431,26.90102953404465],[88.228899602720801,26.900675246148804],[88.226780874908698,26.899964155134825],[88.225164909259775,26.899160110979494],[88.224257058840863,26.898893998942111],[88.223630057068931,26.898897263583276],[88.223552387362759,26.898897668825491],[88.223506821990711,26.898918382001558],[88.222976544559131,26.899159435191972],[88.222950103498761,26.899171453875329],[88.222549651530187,26.89953457647055],[88.222201287904468,26.900023310087462],[88.221568726817068,26.900910754756413],[88.221452007089297,26.901074506969032],[88.219750887705956,26.902707751142724],[88.218546726415269,26.903345648777012],[88.218044527873687,26.903528725832992],[88.217541097059552,26.90353126168975],[88.216836395244755,26.903534898901285],[88.216031468843426,26.903629219295894],[88.214825686477027,26.903996363738589],[88.213519669870294,26.904454274625454],[88.212413894728343,26.904730536701589],[88.211608495654744,26.904734651198517],[88.210654423608105,26.904542317067843],[88.210297979686828,26.904470460470833],[88.209392453661067,26.904565243599649],[88.208493058483498,26.904800490363165],[88.207985161387953,26.904933335223436],[88.207743946241337,26.905079249188596],[88.206781563778051,26.905661404812871],[88.205077281896507,26.906843219239224],[88.204274085695886,26.90720828372184],[88.203167150698732,26.907304024432737],[88.202563664541913,26.907397363875496],[88.201359351772368,26.908035119471865],[88.199593459291648,26.90886704827323],[88.198648808913561,26.909312081121527],[88.197242519010928,26.909860609188073],[88.19662262397803,26.909990117812896],[88.195030321994338,26.91032278293337],[88.193219141370108,26.910512153201417],[88.192312902356363,26.910516649008763],[88.189896564151368,26.910528457924816],[88.1878839809347,26.910718733756614],[88.186576688351678,26.910995859437584],[88.18548175617174,26.911389445727263],[88.183122779518186,26.912237411291766],[88.182758890077949,26.912368216397425],[88.181654565944541,26.912915145025003],[88.17974753952177,26.913917085095957],[88.17927431021414,26.914300753706563],[88.177843684747813,26.915460627106636],[88.177344564660999,26.91618501041135],[88.177145836450748,26.916637232574654],[88.176296983039578,26.918439214554144],[88.176250937905209,26.918536961606609],[88.175564456012381,26.91953326902787],[88.175252646333661,26.919985806342705],[88.174579321332743,26.920421744189561],[88.174550489128436,26.920440411377211],[88.174046975796315,26.920442793870485],[88.173642571583883,26.920173976158114],[88.173236678565218,26.919634431890074],[88.172725113484503,26.918283011803471],[88.171815730970053,26.917745840216334],[88.170907941112375,26.917479385879567],[88.169597883919309,26.91730508996595],[88.168389057250593,26.917220492310651],[88.167682677860228,26.916953071267745],[88.166571930350941,26.916416807867598],[88.165260841904797,26.916062018945212],[88.163142703252504,26.915440151763608],[88.161932856047244,26.915175043709702],[88.161225883170502,26.914817320410926],[88.160516932664436,26.914098594311653],[88.159199037968818,26.912570484859543],[88.158031267400645,26.911682629728464],[88.157783174069309,26.91149400480019],[88.156268709910051,26.910778971258452],[88.155057994664546,26.910333346581922],[88.153749069043286,26.910339354665492],[88.152719020495638,26.910313347851361],[88.150728024722284,26.910263079688388],[88.149823922996774,26.910628300704673],[88.149625703731942,26.911170759731029],[88.149628773231328,26.911712213241113],[88.150036676344513,26.912612916748628],[88.150545283164732,26.913513160938528],[88.150446634634221,26.913874617781886],[88.150045993275938,26.914237452723132],[88.149344788111634,26.914872479317733],[88.148948741375605,26.916047669165387],[88.148956285333554,26.917364288977858],[88.148957531606897,26.917581932053803],[88.148758274784015,26.917943845761602],[88.148427706292736,26.918115203744986],[88.148055509683687,26.918308141279404],[88.146648843633187,26.918856086419627],[88.146550281206871,26.919217630229809],[88.146755252043363,26.919848440365556],[88.146932417372639,26.920239637158513],[88.147367123490667,26.921199506814517],[88.147370693939095,26.92183123099214],[88.146968994580718,26.922013604109083],[88.145861340618396,26.922018717861519],[88.144798484448486,26.92202238746329],[88.144708826228737,26.92201861273012],[88.144690342278608,26.922134855362447],[88.144625390309201,26.922361206120623],[88.14460702356395,26.922509655389462],[88.144601631735853,26.922553231968053],[88.144407924702634,26.922616611735215],[88.144241058559643,26.922712495771371],[88.144095378126949,26.922808973944225],[88.144049737002547,26.9228391999109],[88.143955221047008,26.922914496431027],[88.143865938245,26.922989789378565],[88.143769833902766,26.923163150688936],[88.143706191177444,26.923310555110668],[88.143653285676365,26.923564353226464],[88.143652558501145,26.923567839183548],[88.143531812878265,26.923653165702937],[88.14343298487934,26.923723003456288],[88.143170686185755,26.924136701986466],[88.143117486263094,26.924189985928486],[88.142999592392897,26.924308065447626],[88.142892021926855,26.924465998455361],[88.142778433063967,26.924632766925253],[88.142685973927357,26.924908875910678],[88.142679249154369,26.925002074676229],[88.142746595055229,26.925122477129925],[88.142890798476472,26.925284418458684],[88.142914876956652,26.92531404815772],[88.142914624450754,26.925314337480344],[88.142868067348971,26.925367804317386],[88.142784863454537,26.925400259628823],[88.142697729236332,26.925445315785478],[88.142658544786102,26.92546557799918],[88.142563834536446,26.925548044126931],[88.14237129151212,26.925751212269855],[88.142291538029383,26.925826182864952],[88.142117261903962,26.925943979239065],[88.141996392876337,26.925997426683708],[88.141832553926861,26.926069452123286],[88.141716601135187,26.926149260662921],[88.14170105937302,26.926164745257108],[88.141614329959395,26.926224459334055],[88.141199619358929,26.926637538140568],[88.140929478413639,26.926854035533655],[88.140644186346776,26.927123431656192],[88.140610553387134,26.927155190173078],[88.140486319870675,26.927233650824267],[88.140405184190257,26.927284892268382],[88.140331897505249,26.927367606891274],[88.140262536495186,26.927534131141954],[88.140200337242504,26.927757998658773],[88.140109274516078,26.927948079245034],[88.140072555816332,26.928103903250122],[88.140065060209579,26.928135710686618],[88.139966907282869,26.928180591413085],[88.139821264109713,26.928283888183824],[88.139670544204776,26.928388172610816],[88.139610886868198,26.928429449800571],[88.139367769849173,26.928622382178226],[88.139240414955822,26.928749918346846],[88.139123902983357,26.92886071747526],[88.139052254922404,26.929010426746778],[88.138955576729913,26.929217239217934],[88.138898701821802,26.929438801257845],[88.138826116289323,26.9296458599703],[88.13877639100636,26.92991538603194],[88.13874197102318,26.930070380240821],[88.138737714736365,26.930170745321952],[88.138780322240052,26.930340993256735],[88.138833226623589,26.930540086702937],[88.138903705257249,26.930831843988418],[88.138910631190328,26.930868642746912],[88.138876672488266,26.930990092118215],[88.138860217716129,26.931003572200666],[88.138787577705699,26.931063081445931],[88.138610028117014,26.93115648972849],[88.138424562233183,26.931212335498412],[88.138419707248019,26.931213797004496],[88.138327940595801,26.931281920250417],[88.138243984190694,26.931362163568632],[88.138024571150183,26.931572158640463],[88.137959184401637,26.931659733416261],[88.137922748707922,26.93177162545156],[88.137945056700389,26.931877105710583],[88.137983456448154,26.931978060666967],[88.138074802121608,26.932103492469508],[88.138151092526954,26.932173798551837],[88.138239587954018,26.932328704712742],[88.138242704169244,26.932334158839861],[88.138221290738926,26.932344201791267],[88.138190849608151,26.932358477579932],[88.138093463956096,26.932440852163865],[88.138003987221055,26.93253295880092],[88.137964347683337,26.932585000627448],[88.137896902644499,26.932673544672941],[88.137875970051454,26.932701026462141],[88.137753885096998,26.932993524723983],[88.137634755368637,26.93327655350171],[88.13753315818397,26.933624261896401],[88.137515678578211,26.93364629061313],[88.137464369164761,26.933710950908008],[88.137350089744771,26.93373431041838],[88.137216220945504,26.933763699403237],[88.137081977621079,26.933816983540495],[88.136751618059193,26.933963330633613],[88.136557595266794,26.934085156780093],[88.136290749398583,26.934261108911432],[88.136089197581214,26.934354086266559],[88.136006482883531,26.934392982936366],[88.135930683533019,26.934428627343763],[88.135826838669189,26.934582694422165],[88.13577130462788,26.934699720218887],[88.135746805376826,26.934751345117299],[88.135647594229042,26.93478124064367],[88.135498221377802,26.934843329621224],[88.135393566253882,26.934823364225579],[88.135230931253943,26.934816483917427],[88.135124100641036,26.934827089274286],[88.135059642564357,26.934852533070742],[88.13495188050922,26.934925267731902],[88.134818654028138,26.935004721705681],[88.13477136875818,26.935032920925362],[88.134608417147305,26.935171257649799],[88.13456050912778,26.935211928303346],[88.134455695781014,26.935278019487164],[88.134452738314053,26.935279884359289],[88.134359225015928,26.935348701068541],[88.134261099144581,26.935420911124446],[88.13422670527612,26.935443826651834],[88.134134383890057,26.935505338892813],[88.134068991039413,26.9355930019947],[88.133999710143328,26.935754653877829],[88.133852271387326,26.935970346036633],[88.133675146665169,26.936170855009973],[88.13365388567577,26.936194923304559],[88.133582874340547,26.936239512940364],[88.133508414222064,26.936286267220193],[88.133440634704868,26.936354724431965],[88.133439414846876,26.936431191712398],[88.133418410700216,26.936581572449811],[88.133349783141483,26.936700211586952],[88.133217548697047,26.936798982163527],[88.133110937620984,26.936957737613824],[88.1330279495631,26.937143207460171],[88.13280777074533,26.937405675313212],[88.132551986538132,26.937720383517313],[88.132320007873417,26.938047379326246],[88.132244884264722,26.938130011607232],[88.13222766535101,26.938148952621518],[88.132097379666163,26.938234628499576],[88.13197610453625,26.938200716003642],[88.131709961585756,26.938168587757851],[88.13149923254943,26.938163505258494],[88.131403254149262,26.938164719703156],[88.131208088141975,26.938211230186461],[88.131093035660513,26.938213334541498],[88.13107799108603,26.93821850181758],[88.131052757274389,26.938227167931213],[88.130993354756185,26.938276590199195],[88.130980573103059,26.938288734584891],[88.130903960311031,26.938361523218685],[88.130831780771302,26.938367766016725],[88.130741042971096,26.938376143658942],[88.130615881924115,26.93841481247965],[88.130577273601418,26.938438555728467],[88.130554798253314,26.938449998590976],[88.130499296175856,26.938478256225036],[88.130497613400351,26.938479928867782],[88.130442365711289,26.938534845271018],[88.130390126508559,26.938557081702029],[88.130281831467798,26.938566280659014],[88.130183183356522,26.938565016750893],[88.130111269888616,26.938566464036853],[88.130033408854246,26.938591843535765],[88.129899252346519,26.938640251170362],[88.129805155619991,26.938651172141977],[88.129701967180836,26.938697908143723],[88.129687492753447,26.938704463697292],[88.129602694393796,26.938758123522231],[88.129595333713667,26.938791787446128],[88.129607914907211,26.938842137627887],[88.129606597941802,26.93892338269249],[88.12957890435294,26.938989954976282],[88.129445359315568,26.93910433453652],[88.129419341700697,26.939126618144034],[88.129276335735767,26.939225214207216],[88.129174713767384,26.939271989321522],[88.12901991011438,26.939248212033668],[88.128851751009421,26.939255575678413],[88.128811862584342,26.939261647621553],[88.128750154457734,26.939271040434313],[88.128708617523458,26.939326663386531],[88.128713517062764,26.939392490159666],[88.128661168090133,26.939499435791582],[88.128565874395164,26.939620123765298],[88.128421743052343,26.939792797073132],[88.12835034546373,26.939916214434426],[88.128335890225586,26.939990123501499],[88.128379706128072,26.940081518296466],[88.128447525347624,26.940180422171885],[88.12850486587088,26.940264816235427],[88.12852431324616,26.940382247562763],[88.128507000062044,26.940465626085302],[88.128440941446357,26.94059391025058],[88.128280998422241,26.940754468077873],[88.128196553713025,26.940860899007383],[88.128166681102002,26.940982569050018],[88.128193543560513,26.941049766959171],[88.128188622144847,26.941193144510187],[88.128181931533646,26.941204708147346],[88.128155684890316,26.941250071421965],[88.128075617570545,26.941281131660972],[88.127994574939891,26.941312569199692],[88.127931182065439,26.941440849434752],[88.127829994796883,26.941554319251761],[88.127808940596381,26.941577928335349],[88.127619510965374,26.941697251573437],[88.127494166149461,26.941748405782697],[88.127384379783692,26.941775734431271],[88.127261543015024,26.941783687595635],[88.127122989801251,26.941772358112619],[88.127111004779891,26.941769102100718],[88.127040672506197,26.941749994436989],[88.126993252128088,26.941888634452969],[88.12692771975982,26.941970637356086],[88.126717051790507,26.942302654237963],[88.126544451416692,26.9425123488137],[88.126532072256524,26.942527388794193],[88.126337931449825,26.942656369457954],[88.126222810813516,26.942683612332406],[88.126106468776726,26.942703920751647],[88.12605693399523,26.942712567340802],[88.126006385200213,26.942765704649343],[88.125990680212425,26.942850316012752],[88.125943564991871,26.942962126097804],[88.125853316661619,26.943102014930162],[88.125735647566827,26.943284580597116],[88.125612273988779,26.943495734479281],[88.125488936790092,26.94373509662141],[88.125473113958705,26.943854964140119],[88.125386405828664,26.943956196558823],[88.125369813886266,26.943975568219816],[88.125247309703127,26.944054695274883],[88.125181095912595,26.944097463207441],[88.124952949740432,26.944185398267496],[88.124895263003538,26.944218791943108],[88.12480755468232,26.944269563483477],[88.12472273540611,26.944407149465356],[88.1246953169926,26.944452213451534],[88.124616374370788,26.944516264042452],[88.124535832484398,26.944581612690889],[88.124458709425753,26.944614980531313],[88.124363965201454,26.944655972101806],[88.124352447052757,26.944705982693016],[88.124359599486255,26.944761025906484],[88.12438484780138,26.944849868392048],[88.124380009120415,26.944981297027983],[88.12437803478106,26.945110334557935],[88.124316635361382,26.945274544937529],[88.124197128201999,26.945470220267794],[88.124173928890926,26.945523676483738],[88.124085586671526,26.945709055043363],[88.12393193236359,26.945974833111205],[88.123752840646816,26.946166195031946],[88.123531368993795,26.946337846690881],[88.12336617206347,26.946491143600596],[88.123307065212742,26.946684025829072],[88.12328224288747,26.94690122520052],[88.123237502774728,26.947027369130208],[88.123157252423638,26.947208051399347],[88.122995006693557,26.947347008470985],[88.122799416775436,26.947499980837769],[88.122713166983118,26.94761825957157],[88.122537117053113,26.947788111492386],[88.122527795769088,26.947869363460015],[88.122556063993898,26.94800329146954],[88.122572393074023,26.948082626530272],[88.122560286516972,26.948120995140421],[88.122551944386529,26.948147432540161],[88.122496123923455,26.948177282262492],[88.122372525949757,26.948236848763059],[88.122283589666239,26.948289365084445],[88.122115550082,26.94838656646273],[88.122083998739754,26.948414829367497],[88.122072202693076,26.948425396184415],[88.122014213113175,26.948455643325087],[88.121939187086241,26.948533508515418],[88.121860925359528,26.948697522986439],[88.121692519483616,26.948885927751661],[88.121602983953935,26.948976280513374],[88.121386271308921,26.949183857414528],[88.121207895339296,26.949357837410052],[88.121128094835754,26.949441283669977],[88.121112425977572,26.949457668010439],[88.121085688097892,26.949475632950282],[88.120993779239356,26.949537387831544],[88.120844099539184,26.94971952518253],[88.120588728943005,26.950007926594559],[88.120377153329031,26.95022514674217],[88.120247928205472,26.950344103506634],[88.120235853603319,26.950388248607897],[88.120188630568919,26.950502445924819],[88.120062663143628,26.950704038358737],[88.120032106649589,26.950782558523144],[88.120068492818945,26.950842718248282],[88.120257264685819,26.951048377332803],[88.120499366952771,26.951254712875606],[88.120656899291859,26.95141215635261],[88.120824506420263,26.951657627355296],[88.120823207796647,26.951686860235213],[88.120822072394006,26.951756158199636],[88.120807229973053,26.951851571358674],[88.12081610360535,26.951966442183469],[88.120822494966788,26.952064589374441],[88.12082669113893,26.95213397254043],[88.120755755686517,26.952231101224999],[88.12066787576164,26.952387712743828],[88.120658971183289,26.952480295080562],[88.120673989088473,26.952509755028039],[88.120715329350716,26.952591506170858],[88.120780198976021,26.952707141285387],[88.120823728589869,26.952815265574557],[88.120813651978395,26.952946609167697],[88.120800529982262,26.953099460818336],[88.120845123121384,26.953310425249388],[88.12093416544127,26.953559122279199],[88.121000412000456,26.953773821852938],[88.121105021047399,26.954074050250519],[88.121183529554088,26.954338006650659],[88.121200492100215,26.954441013425356],[88.121144988919198,26.954576632018391],[88.121113953353287,26.954678958104203],[88.121121596866601,26.954867996323323],[88.121134009608696,26.955095262909005],[88.121072130624398,26.955292835713632],[88.120991509053169,26.955510594852651],[88.12102750281143,26.955579167715726],[88.121038570107828,26.955722801171177],[88.121041653719928,26.956026451226649],[88.121041789180069,26.956349130195193],[88.121070669332084,26.956543200098032],[88.121145737714002,26.956689980948944],[88.121254426596707,26.956897013311373],[88.121329019083788,26.95707007935626],[88.121503980070557,26.957141664684123],[88.121593699700085,26.957202590322417],[88.121680001382686,26.957313698667342],[88.121773351773015,26.957477461034607],[88.121935286459291,26.957697118065305],[88.122048156721547,26.957810954005204],[88.122115126320054,26.957957651331199],[88.122113808113923,26.958043675792627],[88.122082871038813,26.958143703094638],[88.121963080117197,26.958290331251746],[88.121807869908821,26.958486811804622],[88.121796356148749,26.958541599655934],[88.121805793931486,26.958618238158881],[88.121865895617674,26.958693164494509],[88.122008766073378,26.958771493887539],[88.122185732592087,26.958881307850973],[88.12232793411205,26.95899318009398],[88.122399772287508,26.95917571652511],[88.122439203881882,26.959209768400569],[88.122569586881468,26.959230577794337],[88.122703017101429,26.959229878081931],[88.122892632504403,26.959215604977327],[88.122975612846574,26.959212286444686],[88.123006827671091,26.959248104640167],[88.123019619560083,26.95944908535833],[88.123071279071411,26.959722351094719],[88.123140542786217,26.959895330666907],[88.123281620886956,26.960083669383792],[88.123325535179276,26.960170286677144],[88.12323583987326,26.960276721053834],[88.123088928159433,26.960455846806319],[88.123053488154184,26.960499057615216],[88.122825025643991,26.960606105813536],[88.122595613611267,26.960661070978535],[88.122559888706704,26.960669630568148],[88.122479259094092,26.960677205252555],[88.122487039390577,26.960721271550984],[88.122520385794289,26.96080541742386],[88.122550592292725,26.960918151802268],[88.122608055067943,26.96116034778052],[88.122614635774653,26.961246456967995],[88.122568360091549,26.961305693229679],[88.122470943664808,26.961392836813392],[88.122445619267324,26.96147383241555],[88.122447338105033,26.961528789311338],[88.12241630731387,26.961635985200317],[88.122394901045936,26.961805480589852],[88.122389968499547,26.961946467621519],[88.122419231485921,26.96211894052038],[88.122457157932075,26.962250964980363],[88.122497839787115,26.962373427106485],[88.122573288778696,26.962493922706301],[88.122705045441904,26.962763333569708],[88.122744502312145,26.962962263336003],[88.122745777313852,26.963215733923633],[88.122704169281945,26.963313198782732],[88.122676088579723,26.96340366544533],[88.122498311576464,26.963676358703452],[88.122377478939967,26.963889987632683],[88.122324285368649,26.963940231531335],[88.122250157749136,26.964010248412684],[88.122202868679977,26.964018095688843],[88.12214310435246,26.964028012418467],[88.12208943415655,26.964061078305004],[88.122127410986877,26.964175996855122],[88.122152189760385,26.964293423660298],[88.122226693754172,26.964471360596143],[88.122290723613872,26.96464186485149],[88.122328952238533,26.964917350456489],[88.12232517392593,26.965151529607709],[88.12233605546497,26.96530711009726],[88.122405507673307,26.965465754011674],[88.122405913948811,26.965611605647293],[88.1223788857491,26.965795351736553],[88.12235045824265,26.965958984513492],[88.122354835126401,26.966129728349038],[88.122393894843484,26.966189975088977],[88.122480676655343,26.966272407766041],[88.122617554639405,26.966384194622933],[88.122749674617836,26.966469519496709],[88.122901305547927,26.966495359162362],[88.123072953064479,26.9666075673058],[88.123114111143153,26.966701355408539],[88.123117747843438,26.96680897128115],[88.123088245521245,26.966983072855189],[88.123072810384386,26.967069092819365],[88.123150455998584,26.967096229368668],[88.123362954401443,26.967153983109544],[88.123498590887493,26.967184435396984],[88.12368043478368,26.967325397730534],[88.123789234149896,26.967527649887401],[88.123938695589956,26.967687394454881],[88.124190760048762,26.967946375528072],[88.124317947086325,26.968167998041974],[88.124292052868142,26.968280057125863],[88.124266523577774,26.968381815771796],[88.124297229252306,26.96846174884217],[88.124423160616388,26.968590088366309],[88.124648932375791,26.968822536678267],[88.124875618168801,26.969036479952894],[88.124874514423809,26.969064451049423],[88.124870624708223,26.969143309191722],[88.124849122796988,26.969315195099536],[88.124795061086232,26.969529668511456],[88.124744698220823,26.969674842284054],[88.124586161535746,26.969879236089916],[88.124497102465426,26.969972892471073],[88.124374544753749,26.970129083978954],[88.12433676166907,26.970322219163521],[88.124272025748937,26.970531833221187],[88.124271770601098,26.970715918464279],[88.124250461649112,26.970880544335586],[88.124218011554518,26.971073764396479],[88.124153295296907,26.971443477617097],[88.124184077125079,26.971525235987421],[88.124248328897451,26.971635175971311],[88.124271641940453,26.971722365156594],[88.124288896237701,26.971811034238865],[88.124372066719587,26.971945948437298],[88.124523542498281,26.972148793708111],[88.124664071149482,26.972370492995552],[88.124706083858825,26.972414100975122],[88.124814772527117,26.972460939804368],[88.125037666417967,26.972535499809986],[88.125262473107995,26.972657937521596],[88.125437015785678,26.972923160494215],[88.125643565635812,26.973191194742139],[88.125917160909836,26.973431398480329],[88.126000340116221,26.973571091572168],[88.126025691646248,26.97365506296703],[88.126093338593492,26.973763525493439],[88.126158125526132,26.973879158145326],[88.12623437230863,26.974121607527877],[88.126354925068711,26.97448028304116],[88.126385626126904,26.974668544498638],[88.126432442048994,26.974915436687628],[88.126514013916037,26.975148413345149],[88.126590044513236,26.975237841800322],[88.126934808835955,26.975531541763146],[88.127321691565086,26.975868757095931],[88.127480525117079,26.976117083214966],[88.127592096646779,26.976309771204679],[88.127728712906617,26.976442968465921],[88.12785630004592,26.976551760981575],[88.127884596200744,26.976705634759771],[88.12799028116541,26.976943638215129],[88.128152158186921,26.977165676548545],[88.128519058283558,26.977581580166905],[88.128794302770004,26.977886294146519],[88.128945895847153,26.978089042925813],[88.129071182435112,26.978258002427822],[88.129280512783552,26.978521340012037],[88.129329193696634,26.97861060341063],[88.129384917720657,26.978741798311386],[88.129450617633353,26.978896480459984],[88.129563517106661,26.979010218972704],[88.129646519620536,26.979109002981009],[88.129762554089581,26.97924710099986],[88.12991728058465,26.979414003936434],[88.130038973177889,26.979649872544663],[88.130142175491983,26.979866369904748],[88.130214413634491,26.980022707467878],[88.130237041807789,26.980276428920643],[88.130260611328126,26.980472709866863],[88.130330648808382,26.980595595311339],[88.130430407699762,26.980701996716601],[88.130575407616334,26.980809079102805],[88.130728412309111,26.980918634341648],[88.130958954369675,26.981019551381824],[88.131319346835696,26.98117959407265],[88.131440761297711,26.981312027097452],[88.1315212463943,26.981404522157224],[88.131604808557299,26.981515536082803],[88.131727724477813,26.981672547429572],[88.131819104001636,26.981798071858094],[88.13191581701544,26.98192359265613],[88.132015296120784,26.982046810239378],[88.13211285905777,26.982122149416075],[88.132265672280383,26.982238870570615],[88.132354575694976,26.982354748725726],[88.132527140719574,26.982579252301438],[88.132665965339612,26.982738817291793],[88.13283193845858,26.982874822815216],[88.133154617130486,26.983053470219502],[88.133367058490236,26.983118377069225],[88.133515486771174,26.983182441060915],[88.133755954973836,26.983331316674665],[88.133954218882437,26.98345101553322],[88.134226314771951,26.983619517200065],[88.134436789139727,26.98380868042673],[88.134592794526327,26.984068858984337],[88.134709913862309,26.984351315522584],[88.134749116458522,26.984470109339028],[88.134795067762454,26.984604511162321],[88.134813592370165,26.98478168074217],[88.134776756822106,26.984912689080453],[88.134707916655145,26.985045665880104],[88.134630416772652,26.985219272945816],[88.134551891693206,26.985462086415652],[88.134498584667952,26.985623993443365],[88.13448337175366,26.985740913933217],[88.134386396200995,26.986131716496043],[88.134300804373666,26.986314708784278],[88.134203182287038,26.986409117868284],[88.134163196907267,26.986444994306737],[88.134113846622455,26.986489273599801],[88.134041376538107,26.986530307625436],[88.133993533881181,26.986502009708541],[88.13393799407811,26.986475054026688],[88.13386101838033,26.986450149160319],[88.133682772614605,26.986412036004175],[88.13348375602601,26.986342518741012],[88.133246270559823,26.986341882200136],[88.133139856763975,26.986319031404982],[88.133015866960051,26.986303645815987],[88.132934854607768,26.986294829612277],[88.132865029305805,26.98631788773142],[88.132744342938352,26.986356998000527],[88.132577939301072,26.986419414230483],[88.132400484746313,26.986500775702964],[88.132148441117522,26.986576435828724],[88.131971743146011,26.986614785196725],[88.131492694786886,26.986701922385894],[88.131262080576747,26.986770662233809],[88.130959074199623,26.986862461991468],[88.130749372600363,26.98692716230385],[88.130698932710118,26.986942724279263],[88.130658264011757,26.986982842674411],[88.130646918286743,26.987000597108189],[88.130620397673979,26.987042098988653],[88.130575801799907,26.987059757779829],[88.130550161823294,26.987069910543674],[88.13047436943333,26.987132947134544],[88.130428438429163,26.98717114748008],[88.13025274752971,26.98728306672346],[88.13020201785524,26.987315382612415],[88.130196603336827,26.987318831850747],[88.130158196658954,26.987350603879563],[88.130068473235951,26.987424825784558],[88.12997866538673,26.987428361322056],[88.129789001047769,26.987440344882266],[88.129540182044707,26.987477764044421],[88.129331380991388,26.987522856572802],[88.129119625726801,26.987582287687253],[88.128876612261024,26.987591117133494],[88.128629991185235,26.987659686820425],[88.12839451308669,26.987702142358732],[88.128284307028579,26.987753276005702],[88.128229016258999,26.987770311727751],[88.128127496835234,26.987713019093238],[88.127933718588125,26.987645968502058],[88.127604477205693,26.987546170714253],[88.127406215753453,26.987428852492556],[88.127265318118589,26.987395928816486],[88.127080609724274,26.98742941045802],[88.126750832624467,26.987528031696293],[88.12630579089452,26.987656194458317],[88.125925042855144,26.987765994498034],[88.125608718744274,26.987893015731473],[88.125581363457371,26.987900288987657],[88.125342787824025,26.987928537335531],[88.125308631723698,26.987932581733819],[88.125251774280855,26.987915377808502],[88.124676258712782,26.988088911462235],[88.121743004499166,26.988413814690581],[88.124758569759663,26.989238485714573],[88.125626194357025,26.989845432941895],[88.126815952670768,26.990923746703928],[88.127705512448031,26.992212085527239],[88.128593702746215,26.993866047193677],[88.12967560920967,26.994733050122367],[88.131245980510684,26.995569039637235],[88.13273822270078,26.996148355556898],[88.133470856314503,26.996851126339529],[88.134305579496271,26.997683969566857],[88.135561185656613,26.998779729139102],[88.135224672490438,27.000393858654636],[88.135395376246493,27.001836889596291],[88.135696551490852,27.002723675021176],[88.137082284728137,27.004725637452182],[88.138184841068664,27.006125027450352],[88.139279643410021,27.006752617009955],[88.141024608449626,27.007388472535528],[88.141416205636176,27.007562826991244],[88.143732832198182,27.008594250165814],[88.144159208928301,27.008897721873105],[88.145081915067166,27.009941928590088],[88.146445139311126,27.011190175686846],[88.147275392501243,27.012059083812336],[88.147938636366987,27.012857127216012],[88.148448656491595,27.013949810809503],[88.148640714449954,27.014995434517783],[88.148746740248725,27.016005649765049],[88.148870502571853,27.017273004069573],[88.149068562070809,27.017916854378118],[88.149552582265201,27.018431984432755],[88.150031290066792,27.018920074068916]]]]}},
{"type":"Feature","properties":{"OBJECTID":40742,"STATE_UT":"WEST BENGAL","SHAPE_Leng":28455.0124579,"SHAPE_Area":44593266.156000003,"District":"Darjiling","Dist_LGD":"327","Sub_dist":"Kurseong","Subdis_Typ":"CD_Block"},"geometry":{"type":"MultiPolygon","coordinates":[[[[88.318916686492486,26.957944305082524],[88.320325520444811,26.957755630977314],[88.323144473091801,26.957558684834829],[88.323949563515271,26.957463745418043],[88.325862030122309,26.957272093327415],[88.327068726008136,26.956994258904388],[88.327872598115434,26.956718764063957],[88.329076657144867,26.956079939563793],[88.329476845476307,26.955716522687506],[88.331078534140374,26.954353381102301],[88.332580674245904,26.953171164819224],[88.333082328428276,26.952897503864158],[88.334284995173292,26.952078105644272],[88.334888685011748,26.951984286846052],[88.335390886911782,26.951800795205823],[88.335992588526636,26.951436174928901],[88.336093313784133,26.951435582189834],[88.336194037895453,26.951434987605403],[88.336495449285295,26.951342944174314],[88.337224847503194,26.951265959040018],[88.337401306079698,26.951247334606109],[88.338306396859011,26.951061455103712],[88.338904156842645,26.950896890401243],[88.339311643529982,26.950784707618602],[88.340315457163456,26.950327513449448],[88.341119145709683,26.950051945706413],[88.34202365427393,26.949775776547924],[88.343029447174118,26.949589270429453],[88.34324440869257,26.949568716072928],[88.344036004686203,26.94949302089351],[88.344942405417186,26.949487540364309],[88.34655386268453,26.949477942297065],[88.34796263257968,26.949288907328469],[88.349170525644325,26.94919141946475],[88.350076250128808,26.949095730384332],[88.351485682437456,26.948997016004132],[88.352592169629816,26.948809746899865],[88.35420429035733,26.948890326941306],[88.355311549245627,26.948793301692579],[88.355814377617264,26.948700002847733],[88.356115186677854,26.948517650861572],[88.356413962036925,26.948064594447121],[88.356611336199776,26.947521879334474],[88.356906616257774,26.94661758571279],[88.357101172760807,26.945713900562119],[88.357498619036875,26.944989437942198],[88.358098073833304,26.944354024317814],[88.358598942708127,26.943989919424837],[88.35940185919857,26.943624076648003],[88.361613432963537,26.943069061025195],[88.362115650477094,26.94288547475734],[88.362718478875365,26.942701277157976],[88.363423488577951,26.942696992007374],[88.364229896815246,26.942782266156424],[88.364835460044063,26.94295911810157],[88.36574464153783,26.943314563109322],[88.366350995165007,26.943581582264159],[88.367158097354249,26.943757102641182],[88.367865171973691,26.94402349961501],[88.368269412560934,26.944201566929287],[88.368370817102402,26.944291215801712],[88.36907779657011,26.944557607014364],[88.369280728319566,26.94458661306313],[88.369682787416224,26.944644082220478],[88.370186372599491,26.944640996828486],[88.371192164998988,26.944454291354752],[88.371998488698353,26.944539520752965],[88.372705580625521,26.944805983071632],[88.373009112830431,26.944984563892682],[88.373719664986453,26.945702164171919],[88.374230171715212,26.946601528037348],[88.374640761727463,26.947591774132299],[88.375150592516846,26.948400870440715],[88.375863260555874,26.949389249606121],[88.376471056084839,26.949836751938491],[88.376875330417093,26.950014701955585],[88.377781825225782,26.950009099028961],[88.378791721802855,26.950363835007284],[88.379398141562802,26.95063079517065],[88.379803119173459,26.950899000803773],[88.380515144518029,26.951797090123957],[88.381125862328219,26.952605535624276],[88.381434315314323,26.953415947292729],[88.381539924507649,26.954046989853332],[88.38184838469671,26.954857399428626],[88.382560553704351,26.955755474658531],[88.382764103777163,26.956024924099562],[88.383676942034043,26.956831477619684],[88.384489766381506,26.957728915953613],[88.385403331772011,26.958625721297889],[88.386113347071841,26.959252987306158],[88.387332643882473,26.960599119320399],[88.388348394723664,26.961675799702473],[88.389158472651928,26.962212154106624],[88.389562811254194,26.962390155380678],[88.390471517169374,26.962655167649022],[88.391380225875508,26.96292017464657],[88.392288940444331,26.963185176209027],[88.393298289238999,26.963449537581926],[88.394305619191584,26.963443190420445],[88.395212213875325,26.963437380953057],[88.39601949804802,26.963612819602908],[88.397025305097088,26.963425927446718],[88.397929764908497,26.963149400304523],[88.398938514130819,26.963323457229102],[88.399651590366119,26.963637274938865],[88.399949305059508,26.963768296820099],[88.400853759772801,26.963491751177784],[88.402056018188887,26.962671791299321],[88.402900441005713,26.961955496711802],[88.403159766989347,26.96173552118486],[88.403556874248466,26.961398669381602],[88.404659893996808,26.960759854754475],[88.405766387871878,26.960572167713224],[88.406575818843649,26.961018246198261],[88.407688165547611,26.961552648724073],[88.408898374135561,26.961725343874019],[88.411012174789477,26.961531157832088],[88.411761521254277,26.961498353788134],[88.413428883420607,26.961425349061312],[88.414569592971318,26.961569201527691],[88.416151503092109,26.961768678305425],[88.416440595652816,26.961883136270036],[88.416805095337395,26.962027447979111],[88.41700213173695,26.962105459402576],[88.417362238788797,26.962248032869102],[88.418625727047598,26.960939049341938],[88.419035973453177,26.960537569922632],[88.420719838959229,26.958889687322095],[88.421379325453614,26.958469784827596],[88.422975148496178,26.957232878212164],[88.422994992011212,26.957237153802701],[88.423665133588955,26.957381539287876],[88.424405430139984,26.957701652930798],[88.425201046790662,26.95760659428732],[88.426601099979067,26.957849795996772],[88.427336362055883,26.957849577025225],[88.427712227413494,26.957868575047925],[88.428842000203787,26.957925680820484],[88.430076068667319,26.958489272849544],[88.43062505970633,26.958854622667538],[88.431471379288325,26.959495073286327],[88.432378192839934,26.960131021638411],[88.432381354617831,26.96013247898286],[88.432399605794586,26.960203751323185],[88.432398347005147,26.960203213925126],[88.434206622006386,26.961010167888823],[88.435629298938821,26.961565531901872],[88.435904092278335,26.961672802085459],[88.436669558484638,26.961844010185033],[88.437329167412912,26.961699264535859],[88.438276320291919,26.961172871188008],[88.438612973502387,26.960985769948454],[88.439846082891421,26.959780361359613],[88.440499922354022,26.958336050366764],[88.440634879945847,26.956544534884525],[88.440799413250687,26.953697014574143],[88.440909589403645,26.952650025596103],[88.441402146037532,26.951002716666427],[88.441472265909198,26.950759332845461],[88.441698588224796,26.949973773434884],[88.44197028798348,26.949517842324372],[88.442926330628779,26.948461477937521],[88.443691233873707,26.947725535613504],[88.44432027912589,26.947039366106583],[88.444707622266947,26.946475094801777],[88.444898638196008,26.945933506621209],[88.4450039647149,26.945346758865679],[88.444897919956915,26.944755676257319],[88.444428978273493,26.943627775632159],[88.442931166960776,26.941503757205933],[88.442841644337577,26.941376807387435],[88.442816364680709,26.941282011775318],[88.442539223873396,26.940889555031813],[88.442130793139953,26.93988343175565],[88.441964307277516,26.939369061428394],[88.441883370543479,26.938556919290718],[88.442013996516451,26.938168778366474],[88.442396457280495,26.93777598640564],[88.443765499500003,26.937111950345301],[88.444314242075009,26.937012452698905],[88.445497429970217,26.93701181611025],[88.445598058585844,26.937011761840768],[88.447788183279386,26.936961048827481],[88.447996233640026,26.936976305639821],[88.449132488508369,26.937059632890616],[88.450552191530605,26.936887433253432],[88.452218072312647,26.935884733085636],[88.452364427918738,26.935749947084403],[88.453174048322538,26.935004329563984],[88.453666777815883,26.933970633439952],[88.454702221062149,26.93151528219428],[88.454948582228283,26.931108965562135],[88.455485623577971,26.930083736979714],[88.455823456674949,26.92943880181355],[88.456124930513113,26.928603858315924],[88.456426169468344,26.927452971935775],[88.456536435369046,26.926762444590477],[88.456343108988264,26.925369826399429],[88.456339123120827,26.925341110822078],[88.456333997311518,26.925294655171193],[88.456265124399678,26.924670407619033],[88.45625797556518,26.924605619407505],[88.456384415939979,26.924466513639455],[88.456725783585725,26.924090948239936],[88.457238994018425,26.923630329883185],[88.457390088670977,26.923527287209573],[88.458391211225077,26.922844548390138],[88.459513368987757,26.922157911968824],[88.460685912011343,26.921615719004638],[88.462029556789005,26.92102832495517],[88.462542706116508,26.920578307187842],[88.462701452456372,26.920439091008479],[88.463121193985174,26.92007098805562],[88.463578866155061,26.919461438027366],[88.463731334911884,26.919220409702152],[88.463815522359667,26.91908732524114],[88.463935814691979,26.918897161560736],[88.464015788088787,26.918188620148005],[88.464043203154972,26.917482987434749],[88.464045418070697,26.917425986627485],[88.463913846117038,26.916812336736712],[88.4639090199137,26.916789827988559],[88.463963850413279,26.916099329880687],[88.46431576303182,26.915512538692571],[88.464889362712256,26.915218807579574],[88.466011726763568,26.914969928279653],[88.466962739498769,26.914839752962582],[88.467112781510252,26.914819215158971],[88.467436164187205,26.914774950355064],[88.469404225934426,26.914624760211147],[88.47066250802348,26.914429945426271],[88.471311855428752,26.914357281696432],[88.471996253597993,26.914207881615226],[88.472027280200777,26.914197977097135],[88.472214949837905,26.914138061320582],[88.472412896397486,26.914074863872244],[88.472761183894406,26.913963668662241],[88.473171989290904,26.91384849769101],[88.473172099192666,26.913848466894688],[88.473390250141492,26.913787307691887],[88.47385282687992,26.913150683771036],[88.474013253511529,26.912485605254822],[88.474018314815382,26.912464624756026],[88.473937208418207,26.911778792961464],[88.472869408669695,26.910944745346569],[88.472129196740525,26.910678949694464],[88.471444380656223,26.910336476400023],[88.470895401175795,26.90999393672157],[88.470764787812485,26.909380747669395],[88.47075891643685,26.909353181562643],[88.470838885013436,26.908640123418849],[88.471059845404568,26.908053417290866],[88.472070865077583,26.907168258995757],[88.472453035814169,26.906676096154033],[88.472588377240541,26.906048757106124],[88.472697935046781,26.904699440037767],[88.472721877594537,26.903277898399871],[88.472721285557768,26.902564955667909],[88.473243427945576,26.90104388507044],[88.473730562271086,26.899766453782028],[88.473976547199484,26.899062312376021],[88.474196652132662,26.897764471435636],[88.474196975195085,26.897762567968584],[88.474171531434862,26.896346350205658],[88.474170464401084,26.896286939020722],[88.474193835294415,26.89420210100543],[88.474407345510187,26.890804022241898],[88.474817607029038,26.887983328425729],[88.475252886247233,26.885144588024708],[88.47536144261467,26.882667088023616],[88.4756065489956,26.880929635708064],[88.475648090737295,26.879896717789627],[88.475650587241205,26.879834652395424],[88.475650834400156,26.879828515796671],[88.475639085194388,26.879817512596595],[88.47542929523361,26.879621043031367],[88.475296460437335,26.87937890622381],[88.475293197774022,26.879372958258632],[88.475306409098366,26.879000944833372],[88.475307940067623,26.878957835443988],[88.475287864114463,26.878725121677324],[88.475263623074369,26.878444121021744],[88.475220820371732,26.877947948381486],[88.475216459155362,26.877897399258615],[88.475326553155242,26.877220489535954],[88.476368277459358,26.877264855086892],[88.47713807552725,26.877205626468179],[88.477656303442188,26.877083399353914],[88.478355477500926,26.876748947808007],[88.478657149901224,26.876500618952647],[88.479014072848756,26.876058083441293],[88.479692503982974,26.875159567972478],[88.47974747647099,26.874681194585815],[88.479746813967452,26.873954886379583],[88.479746756570464,26.873891523618589],[88.479589367424154,26.872402458974811],[88.479328860051879,26.871462100159473],[88.479326901020784,26.871455028234092],[88.479341181006248,26.870556965783155],[88.479566617955541,26.869487346996404],[88.479757362272366,26.868923151118789],[88.479812366893071,26.868625226393103],[88.480098999856978,26.86836784466357],[88.480290003691849,26.868133039093909],[88.480742499084926,26.867789696572057],[88.481838722472986,26.867048829352445],[88.48202276846412,26.866831139001732],[88.482140257618966,26.866692171238967],[88.482223666108425,26.86658601239133],[88.482381543352943,26.866385070694907],[88.482803422376122,26.865586001211614],[88.483230482022321,26.864868209380695],[88.483682849614098,26.86436246538214],[88.485150877858842,26.863179049253269],[88.486196737218719,26.86245618999326],[88.487805435653001,26.8610741189066],[88.488217741108869,26.860739844049689],[88.489162691735885,26.859877206383583],[88.489987095383,26.859086784414405],[88.490786239183066,26.858251308726825],[88.491238135459326,26.857330397436588],[88.49172021132712,26.856432004130596],[88.492498946490045,26.855393447937338],[88.493026769844434,26.85491468193392],[88.493534545100715,26.854580286408645],[88.493673011575467,26.854515200957582],[88.494082675464497,26.854322642365553],[88.494464976973845,26.854281682291862],[88.495289768525552,26.854001249412111],[88.495782581644278,26.853739128926247],[88.496466008179169,26.853002970986868],[88.497218871586213,26.852344671426213],[88.497302859601689,26.852271233671729],[88.49811350356417,26.851766525226918],[88.499739416129245,26.850888028386247],[88.501411202599527,26.849522201627636],[88.502378040377351,26.848670170680379],[88.502800857923219,26.848544175181413],[88.503625746690588,26.848626125615187],[88.504722090996964,26.848992602077931],[88.505939535179138,26.849034253613517],[88.506437862534057,26.848804535772977],[88.5079181162872,26.847673120126206],[88.509136710851337,26.846527962798209],[88.51018485088926,26.844786944436247],[88.510356486790329,26.844268139299906],[88.510453616776573,26.842760959366018],[88.510500348672721,26.841262802277985],[88.510626516984431,26.840897398618178],[88.512440138436162,26.838847493808224],[88.512469723235782,26.838814053781523],[88.512279869649319,26.838576550355551],[88.512259459713718,26.838551016643137],[88.512097966220693,26.838348990142492],[88.511644932276042,26.838628341246462],[88.511206700105049,26.839196575665415],[88.510130016035461,26.839380761330812],[88.509083849815624,26.839294165675721],[88.508661296527166,26.83923963757146],[88.508163269876704,26.839207668340102],[88.505884253127107,26.839481005317058],[88.504636441254789,26.83969206636479],[88.503323158061349,26.839997782013359],[88.502029826492162,26.840443373106211],[88.500967826234245,26.841033545575712],[88.500121816372257,26.841795460168854],[88.499703690272398,26.842314070340255],[88.499669688119383,26.842544641672571],[88.499637825689334,26.842760700367791],[88.49960671360698,26.843545923102198],[88.499590261510022,26.844786852065429],[88.499507985365653,26.846370691432806],[88.498898062993931,26.847502817804898],[88.498640601063371,26.847775586474476],[88.497306371231957,26.849189125410884],[88.496874956198084,26.849595573135453],[88.496341974408011,26.849839706333945],[88.49576869791801,26.850065848654179],[88.495190159732317,26.8501520366774],[88.494722276534745,26.850089281920248],[88.494218882800411,26.849805379109768],[88.493519394756362,26.849670594717168],[88.493076840408307,26.849819879622565],[88.492639310201682,26.849991768868598],[88.492468423374206,26.850091154798186],[88.491835174077025,26.850709865289634],[88.491342628048898,26.851260831375523],[88.490905629244835,26.851888480766387],[88.490453342000549,26.852394246102381],[88.490026000351591,26.852714965280967],[88.489417490739555,26.852950120031597],[88.487979119424978,26.853479261265697],[88.48701859650609,26.8538635341455],[88.485992531283785,26.854184760607133],[88.485454229661926,26.854171641101086],[88.484749760513523,26.85407288440544],[88.483738247710633,26.85376683615587],[88.482857366457452,26.853298190383761],[88.480133832931301,26.851504179771567],[88.478805072037304,26.850751511660821],[88.477818277126943,26.849989659295883],[88.475724274715688,26.848637349006097],[88.47461705264034,26.848123619059386],[88.474063450269227,26.847952552223958],[88.472805727907556,26.847962498126982],[88.471965671959566,26.847990112015601],[88.471225925152424,26.847805625014335],[88.47065735960976,26.84762097919522],[88.469489751348604,26.847057645782687],[88.46575056157748,26.845458047384128],[88.463309917209827,26.844498383668686],[88.459737021280262,26.842889588346988],[88.456455931681518,26.841239870830936],[88.454624309054395,26.840527891212027],[88.453678565360434,26.840541947193092],[88.452375745660873,26.840592252547989],[88.450811113201425,26.840408091648982],[88.449679119576217,26.840210090514159],[88.448592284808569,26.839867725582469],[88.446096485553198,26.838673164926824],[88.445492614475498,26.838380090285504],[88.444742673516089,26.837590751317638],[88.44437518813443,26.837234413376137],[88.443731332723146,26.837270866666938],[88.443328830921914,26.837176308459721],[88.44308220876502,26.83695531429796],[88.442428295257898,26.836928493439991],[88.442151703285319,26.837113660560444],[88.441920386629576,26.83716341125087],[88.441437503694274,26.837213287951251],[88.44117584919988,26.83716377763087],[88.440999694266324,26.836992342224022],[88.440833608420505,26.836757795161567],[88.440740848985001,26.836399697092617],[88.440737756234853,26.836387757551286],[88.44076880020711,26.835539866347538],[88.440772453242417,26.835440099721328],[88.440963150049299,26.834614254383194],[88.441113614193185,26.833901114559509],[88.441208892077896,26.833359600563124],[88.441211665154626,26.833330156585028],[88.44126824934564,26.8327292835402],[88.441273909046771,26.832669177448455],[88.441022187048773,26.832226976423026],[88.440963247333016,26.83214601288558],[88.440720097884295,26.831812008424642],[88.440448296071949,26.831563912516184],[88.440116042991548,26.83109472576885],[88.439647970652103,26.830603089554415],[88.438923367280495,26.830075424570552],[88.43809302540096,26.829349240738377],[88.43764002650768,26.828798948479033],[88.437282569425193,26.828180883013122],[88.437121346698561,26.827716088664388],[88.436874524002718,26.827061872644038],[88.436728459604055,26.826570114229945],[88.436642620788774,26.825978987013773],[88.436521790087383,26.825780443656363],[88.436260100031788,26.825446659642342],[88.435585704441138,26.824747492525979],[88.435514881322419,26.824553073098791],[88.435505140338066,26.824526332745691],[88.43557530444609,26.824169862287196],[88.435670830836756,26.823957748200279],[88.436028126860009,26.823737336307566],[88.436088160093036,26.823700301656569],[88.436267728500042,26.823318193400823],[88.436279037003715,26.82329412910476],[88.43627433953742,26.823275828908624],[88.436193328324194,26.822960182766675],[88.435810749590161,26.822310502281631],[88.43526220761413,26.821656454731009],[88.434487280571901,26.820993416178094],[88.433938886616872,26.820677697991755],[88.432882615659693,26.820578898763653],[88.431333575682402,26.820714908144211],[88.430644459619927,26.820665548479049],[88.430317490196856,26.820467096514299],[88.430015612192278,26.820223526411432],[88.429839335355283,26.819790378786994],[88.429797259921685,26.819145007317626],[88.429793731031737,26.819090874674494],[88.429843870099077,26.818756995579086],[88.429979583743673,26.818427487205636],[88.430296180696388,26.817944495066143],[88.431573129195144,26.816775295668357],[88.432483078186607,26.816097988656338],[88.433453402218916,26.815294317173873],[88.434031371935177,26.814508968299926],[88.434639389968467,26.81349781411938],[88.435186983290563,26.812450710101071],[88.435654309422958,26.811525382133219],[88.435814527429073,26.810765027491861],[88.43581976988699,26.810740148059168],[88.435769363297666,26.810356554571239],[88.435578125298335,26.81008587452391],[88.435251087282978,26.809928056095806],[88.434823655599615,26.809914696639378],[88.434386148906214,26.810099945014901],[88.434069390868771,26.810199293832859],[88.433521363267815,26.810556091191465],[88.432988553950281,26.810971410201379],[88.432219431921126,26.811675729548512],[88.431425089002019,26.812303298692456],[88.430535142980517,26.81288127779866],[88.429574781341785,26.813364455800411],[88.429217742838134,26.813373659006668],[88.429066800706906,26.813314972250861],[88.428961158354582,26.813202206391402],[88.428780029831216,26.812958586819335],[88.428770152028221,26.812838347830517],[88.428764831859169,26.812773592845616],[88.429011033902384,26.812389981096686],[88.429383115455778,26.812096451841452],[88.429475240299453,26.812044406481611],[88.430630030085851,26.811392011758173],[88.431213213706954,26.810949562697544],[88.431438052405312,26.810790829595746],[88.432117588756725,26.810311084964518],[88.432294075039891,26.810186487041836],[88.433048154978025,26.809486743232046],[88.433404965920602,26.809116537307673],[88.433802072276507,26.808574858159609],[88.43394760112983,26.808019748028403],[88.434001570658666,26.807559700286127],[88.434002660138589,26.807550410722129],[88.433987386897741,26.807072126646307],[88.433866448138261,26.806638964862454],[88.433772566596048,26.806183451661358],[88.4337706653303,26.80617422437534],[88.433780360672571,26.805569487206778],[88.434473621644557,26.80415675519777],[88.434844168140458,26.803637279161212],[88.434885743717786,26.803578992890191],[88.434619595639319,26.803495302085157],[88.434599011213464,26.803488829502829],[88.434688517842275,26.80319246531408],[88.434694426503825,26.803172905412417],[88.434692910575038,26.803161319006314],[88.434621107898877,26.802612069364105],[88.434613612201218,26.802554732345257],[88.43450271158973,26.801999692375194],[88.433267052892063,26.801475916649139],[88.433205042321802,26.801449630627332],[88.432576370038731,26.801237807444913],[88.431902391441255,26.801102718245875],[88.431203391839418,26.801130097586473],[88.430957143242722,26.801315205889008],[88.430574930604507,26.801423603602931],[88.430343641488491,26.801374033941386],[88.429765267295778,26.801338171217321],[88.429498720667027,26.801252576837449],[88.429486131211291,26.800946119419002],[88.42948351817175,26.800882525974956],[88.429618988964165,26.800246187186772],[88.429769704009729,26.799975384997484],[88.430196964748959,26.799713433618319],[88.430538266897969,26.79935084631855],[88.430553844669177,26.799334297770699],[88.430498510443556,26.799149257947931],[88.430357602767117,26.799022947517724],[88.429960208477411,26.798842626586953],[88.429805150357097,26.798595872782982],[88.429804293755438,26.798594509721745],[88.42980396020053,26.798030405286237],[88.430256392829193,26.797610586324495],[88.430460713793067,26.797564122037642],[88.430693830251798,26.797511110266001],[88.431010523653953,26.797353003461836],[88.431241758252085,26.797190523957525],[88.431254296413087,26.796914715796365],[88.431254332322979,26.796913916290148],[88.431254481183743,26.796910658120282],[88.431256735537048,26.796861061442872],[88.431215857187738,26.796575296712444],[88.431205198521951,26.796500790820325],[88.431195422598705,26.796497799172357],[88.429626427275849,26.796017692906023],[88.427688760767552,26.79591537699655],[88.426089000803103,26.795484652914364],[88.426443321970311,26.797272979736295],[88.425427907821728,26.797721024630405],[88.423111357193349,26.798696696188117],[88.420788498424713,26.799573094767155],[88.419293109689406,26.799448172141304],[88.416321353535082,26.799514040264661],[88.413615238724176,26.79950497580365],[88.411244510719683,26.799366137598902],[88.409234536336129,26.799521567275782],[88.405785160095462,26.799605508154599],[88.403769584383397,26.79971577911915],[88.401040193863551,26.799860168911362],[88.39763073335952,26.798688730081906],[88.394003921578886,26.797835299836642],[88.390989256028774,26.797269150154889],[88.3893546124132,26.796856403641858],[88.386713800066147,26.795595904829398],[88.384365163443832,26.79436860810004],[88.38213000421355,26.793785613787772],[88.379388248177619,26.79373110335214],[88.376743421080874,26.793373182244153],[88.374345294153997,26.7922003589476],[88.372304195947052,26.791854547937842],[88.369569950109423,26.792002887242596],[88.368868316877737,26.792090290398686],[88.368785902461426,26.792100556241994],[88.368757744535614,26.792104062091198],[88.368807281079498,26.791967670820473],[88.368817192266718,26.791940383144812],[88.368233301016062,26.791919591819159],[88.368135964952401,26.791916126273001],[88.367945030849754,26.791909327075896],[88.36950259135763,26.788487396430895],[88.366595605427264,26.787644338679129],[88.365133610177068,26.787712119863716],[88.3639001337054,26.787769300960431],[88.363891350968117,26.787769708641562],[88.36421167956739,26.787433783213686],[88.367874751075547,26.783592261181855],[88.371006762138649,26.780569419726167],[88.372517543872021,26.778234765635137],[88.374766019274972,26.775360328367753],[88.375920164588209,26.77390475123487],[88.375024461059226,26.773854768689798],[88.3744686837491,26.773219222050852],[88.373579308040675,26.774112526410253],[88.372917608331676,26.774285944606724],[88.372929850388644,26.773631344586313],[88.371316109661464,26.773669541929507],[88.370120480817789,26.772512068688187],[88.370567551075894,26.77079706419233],[88.369034778117566,26.770455301563651],[88.367477468364385,26.771002953758661],[88.367434648992585,26.772885569904595],[88.365711581047705,26.773872630394795],[88.365685935541748,26.775091568567319],[88.365968627236711,26.776862716742155],[88.35973576904226,26.776259168197576],[88.359668735586922,26.776119887389463],[88.359655831782476,26.775036727963045],[88.357705388652519,26.775096056288206],[88.355932483109683,26.775284555609755],[88.352816026976541,26.775400109335731],[88.351509818749207,26.775507363796464],[88.350638757957043,26.775840656143206],[88.350049572702474,26.777046913798245],[88.348730440272234,26.779040989553167],[88.349180101509816,26.780918915661054],[88.345916665955869,26.780525675317463],[88.342486303279173,26.780048179341531],[88.342485326175165,26.780820029602005],[88.340540321829181,26.780924211078524],[88.337534835765595,26.781083518598951],[88.335036803787858,26.784641314849516],[88.33263089694988,26.787918352040762],[88.328226982300251,26.786343814671955],[88.327962831114192,26.788278159020546],[88.327573240075523,26.78897830255238],[88.327053145041006,26.788850899679129],[88.325843588342579,26.788496979041675],[88.324636076230064,26.788413761216386],[88.324610427119694,26.788417200548114],[88.324569551080813,26.788414386360905],[88.323162811945338,26.788603029364904],[88.320856081603438,26.789518998685168],[88.319451890351601,26.790068680064245],[88.318246925594678,26.790346391266468],[88.316972497004272,26.790529822174427],[88.315497241169112,26.790362025668006],[88.314690128526109,26.790005624677487],[88.314121085750685,26.789593251920298],[88.313577989557189,26.78919968320141],[88.31366435648745,26.787213565762446],[88.314255624581023,26.785495302985833],[88.314750662637167,26.784409400873098],[88.314846777082991,26.783777128728623],[88.315141387711549,26.782782547979387],[88.315935578631851,26.781333939381533],[88.316226983262027,26.779888193882755],[88.316525507906761,26.77943513040119],[88.316926420277085,26.779252298614733],[88.318354775495422,26.779244056179312],[88.318434911295597,26.77924359360647],[88.319740971725579,26.779055576984675],[88.320026505747549,26.778893122827306],[88.321343604158955,26.778143760575073],[88.32214228742032,26.77732681888012],[88.322740462192357,26.776601295887463],[88.322635269107835,26.776369609763258],[88.322635709457288,26.776367914838531],[88.322634660485349,26.776368267990485],[88.322633589995036,26.776365911886163],[88.322536104038804,26.776151199767451],[88.3224702418633,26.776153270092099],[88.319017000277526,26.776261825026982],[88.31900404690758,26.776260760632727],[88.316640834751141,26.7760666237475],[88.31542488287397,26.775966719216481],[88.314863018229516,26.775920550259322],[88.31388494118606,26.775840177032052],[88.312877435327465,26.775575171900304],[88.31239484429112,26.775362062857173],[88.311465016072489,26.774951457232344],[88.311412920323207,26.774958442359424],[88.311006668598893,26.775012911677671],[88.310979680484252,26.775016531365935],[88.310058414809646,26.77514005492532],[88.308970533354,26.775349919009511],[88.307648108392257,26.77560502958184],[88.305336460088867,26.775798681753784],[88.305311060419768,26.775798827179564],[88.305272933097527,26.775799043560625],[88.304977170586483,26.775800727899458],[88.303692631602161,26.775808040992267],[88.303023447209526,26.775811851199411],[88.303021973284601,26.775812093182765],[88.301578737482089,26.776049128180766],[88.301315733384911,26.776092322943388],[88.301304316496953,26.776096054976016],[88.299923176439023,26.776547492328973],[88.299911073341406,26.776551447533159],[88.298909837637055,26.777188944977109],[88.298905148629643,26.777181247164808],[88.298891516175502,26.777158864726626],[88.298560576340662,26.776615534852166],[88.298197621028208,26.776019642312196],[88.298161258881933,26.775917450919152],[88.297684785858081,26.774578405710528],[88.297680696623729,26.773997093180991],[88.297680681304271,26.773994845014688],[88.297679072022447,26.773766164428569],[88.29847727708507,26.772859079856232],[88.298476440494085,26.772738172822176],[88.298476440006738,26.772738134167678],[88.298476302341797,26.772718124421061],[88.298475608450758,26.772617865997965],[88.29847540426033,26.772588362844662],[88.297668368219604,26.772231857792512],[88.296399702836169,26.771367329915034],[88.296354767376272,26.771336708815145],[88.295441583737357,26.770168505937757],[88.294525213904521,26.768549040440856],[88.293505208093521,26.766478866693973],[88.293096140466119,26.765488309690021],[88.292777409380463,26.765065067799355],[88.292690077430834,26.764949099058907],[88.292519590744263,26.76457330698787],[88.292485859125378,26.764498954196156],[88.29243051599974,26.764524182629874],[88.292084955488804,26.764681716249083],[88.290283086704207,26.765865030615952],[88.28817887934764,26.766959895359747],[88.286076469618038,26.768325357628978],[88.283974112710581,26.769690879557636],[88.280576834198357,26.772249014315371],[88.280472408972003,26.772327644694169],[88.279151454051473,26.773607852038499],[88.278973931835466,26.773779897890176],[88.278271771511228,26.774054533313656],[88.277321014315092,26.774549118981479],[88.276868857930026,26.774784331544822],[88.275767535796689,26.7755123949437],[88.275701372732073,26.77551275683205],[88.274359642781789,26.775520100453868],[88.274358947351715,26.775520338840934],[88.273556989256875,26.775795256157839],[88.272985292764304,26.775883965697272],[88.272954265627973,26.775888780987174],[88.272949208696204,26.775879842034833],[88.272139936944413,26.774449159736168],[88.27099143814965,26.773345981860562],[88.270925261451126,26.773282416795581],[88.270621143726828,26.772923048860459],[88.270587831142478,26.772962886358844],[88.268725656660649,26.775189703165832],[88.26732686163507,26.776551120957663],[88.26402331186749,26.778825428570812],[88.261920486969302,26.780190548002171],[88.26092326183165,26.781459495877051],[88.259724163901339,26.782639325050067],[88.258622161301346,26.783276989215132],[88.25631803035796,26.784643184172378],[88.254755902821699,26.785396007322575],[88.254613685972174,26.785464544241453],[88.253112248094354,26.786555637616537],[88.250015152167052,26.789731013695484],[88.24999875328335,26.789758331838971],[88.248323764543244,26.792537893399786],[88.247325597036507,26.793716482213579],[88.24692509878939,26.793989391949548],[88.246524598113979,26.794262211297131],[88.246325756563735,26.79462434230291],[88.246128766929758,26.795257194400591],[88.245834101615586,26.796341741576853],[88.245635839024146,26.796794143434273],[88.245042406685172,26.798331613579723],[88.244746904507821,26.799051423742476],[88.244171835873871,26.800452230632192],[88.244151254920197,26.800502364917918],[88.244048683530011,26.800626626333063],[88.243851903313228,26.800865014861966],[88.243752472758089,26.80104607941329],[88.244027155424263,26.801216429622237],[88.244411786015334,26.801308890317689],[88.245030557320803,26.801088181638153],[88.247215014314207,26.800170367879463],[88.247559975092628,26.799977748636483],[88.247638939472807,26.801218344762937],[88.247159008424447,26.804246808529328],[88.246370515842159,26.80804081686442],[88.24588682477075,26.81027036997374],[88.245770552124029,26.811598444835958],[88.245864463026507,26.814206582631677],[88.245620113788462,26.815323636709699],[88.24515887020398,26.816848839002976],[88.244615992794934,26.820112561923438],[88.243913451059143,26.822118343366064],[88.24315358021633,26.823944071851813],[88.242375098476145,26.825449483208512],[88.24142450686567,26.827322015627008],[88.240800557696119,26.828699676608757],[88.24063897185583,26.830493062709483],[88.240748167362668,26.832202826029413],[88.241152595652451,26.834686366882675],[88.241456639758823,26.836268032240337],[88.241539095988216,26.836908264180035],[88.241063292320419,26.837571450094305],[88.239950078576982,26.838845068208066],[88.239783589529353,26.839266308326987],[88.239977055321063,26.840397568551122],[88.239974875535282,26.840659386045356],[88.239972385971427,26.841354529074362],[88.239970977464523,26.842148964019927],[88.239889871725438,26.843941640925888],[88.239870958912945,26.844515055240223],[88.239831512167882,26.845512942887169],[88.239817321297579,26.846519638147168],[88.239842890719501,26.847480845612623],[88.239708333952379,26.848524704563335],[88.239486760561732,26.849433913705603],[88.239051574480172,26.850597764621927],[88.238715835461392,26.851652414260752],[88.238322065712183,26.852924230162081],[88.23770938976152,26.854428163927778],[88.237216949581111,26.855420987847456],[88.236735524992497,26.856039072363053],[88.236631227488857,26.856166370380329],[88.235751824472885,26.856747306742609],[88.235453924360769,26.857120038709482],[88.235443927095773,26.857589558093558],[88.23573948285879,26.85839042517404],[88.235996061425453,26.85930898903004],[88.236275078668882,26.860439502766585],[88.236221681894719,26.861545841680357],[88.236126995119605,26.862557751962846],[88.235699115725367,26.863938189723971],[88.234992073526584,26.864639487690987],[88.23413625567116,26.865545201394756],[88.233964825430661,26.865980017867212],[88.234000800070035,26.866512328265944],[88.234251177415331,26.867322617574125],[88.234801810550152,26.868437221013259],[88.235219351692848,26.869345350863959],[88.235290170498416,26.869841244912024],[88.235027875233612,26.870714692623839],[88.234363810360932,26.872133299837486],[88.233762167060249,26.87327601988439],[88.233471174945663,26.874289641343388],[88.233416280007233,26.87526057797248],[88.233580724424371,26.876035508023325],[88.234199064445477,26.87689223635418],[88.234847316230443,26.877721616348381],[88.235587103911584,26.878635954870017],[88.235912183483123,26.879368852598077],[88.236067077326609,26.881114318963569],[88.236066388974692,26.882901769103107],[88.235990180006198,26.884224964309336],[88.236301558058798,26.886009681912828],[88.236880966061236,26.887444494805468],[88.237388083753046,26.889173330808777],[88.237985245560168,26.890386809599505],[88.238426579320645,26.891619705914358],[88.236831561852554,26.894463795887923],[88.236669136310752,26.894768380011612],[88.236714157802695,26.894768147319525],[88.236760258301473,26.894817154147155],[88.23722102981553,26.895306981593979],[88.238136437450635,26.896746334763101],[88.238144907703045,26.896752902249212],[88.238945946848943,26.897373867674766],[88.239754200550379,26.897820946787238],[88.240966451477277,26.898446376363133],[88.241973744477036,26.898531316844497],[88.243485028406255,26.898703894095799],[88.243989604915043,26.898881714886841],[88.244605200934899,26.8990162337969],[88.244796125146209,26.899057954628958],[88.24630859725869,26.899411038657227],[88.247317078002368,26.899676479846942],[88.248931425786679,26.900209456469348],[88.249991701544147,26.900431629978513],[88.249996459525079,26.900433934263656],[88.251855152348156,26.900825691301861],[88.252158386347205,26.901004545087233],[88.252763077544003,26.901091622962085],[88.254377467956417,26.901624535410008],[88.255385389801205,26.901799648621044],[88.255988298177144,26.901615906002263],[88.256389737888128,26.901433230318926],[88.256992047526111,26.901159304865484],[88.257392288103148,26.900796088412839],[88.257996980705883,26.90088314346767],[88.258803534820345,26.901059303505615],[88.259712074201033,26.901415458537418],[88.260823682148342,26.902041249866578],[88.261731032804789,26.902216854065248],[88.263241684926754,26.902298949418721],[88.264548059083765,26.901930855017405],[88.265251634691197,26.901746532048314],[88.265955107699114,26.90156220750557],[88.266659785967008,26.901558415990824],[88.266862360176845,26.901737779240978],[88.267115805570398,26.901906077962661],[88.267266907146109,26.902006415400738],[88.267471902375192,26.902546762253042],[88.267782528552843,26.903808712920991],[88.268191323229217,26.904708956347193],[88.268900972568503,26.905427210010426],[88.269508121621854,26.905875109579828],[88.26963885055504,26.906007402315847],[88.269836592037294,26.906272159063164],[88.270302881952645,26.906718671346255],[88.270522883806592,26.907042882244816],[88.270735327376585,26.909579592336183],[88.270741988291775,26.909659125290748],[88.270821813578749,26.910641934002889],[88.270851898725468,26.911012335796215],[88.27116005436865,26.911913202711091],[88.271261962156871,26.912093103753424],[88.271464563585695,26.912272548235268],[88.27176664051521,26.912270911592575],[88.27236947273893,26.912087098777526],[88.273074925095685,26.912173450654283],[88.273880971133153,26.912259342046436],[88.274386262805379,26.912527318266068],[88.275901441167349,26.913240968548671],[88.276872995965007,26.913793290556324],[88.277316659016705,26.914045509453445],[88.278529794296901,26.914760871479928],[88.27984558542137,26.915746381395738],[88.280556608067499,26.916645017247795],[88.2808630090843,26.917275145608734],[88.281271959122776,26.918175343307013],[88.281291535355223,26.918386311917807],[88.281380774447086,26.91934809313889],[88.281483939837983,26.919708521188738],[88.281489872989269,26.920576669377859],[88.28149000263663,26.920576735283237],[88.281489932394479,26.920585320050726],[88.281490046735385,26.920602068222969],[88.281490108436316,26.920611019880553],[88.281499462272208,26.921964767920986],[88.281406265900372,26.9230483550546],[88.281308031691481,26.92340988965055],[88.281108479237076,26.923681799476896],[88.281102740425382,26.923687658347031],[88.280733489647758,26.924064650936181],[88.280308508927178,26.924498541067159],[88.279108890453514,26.925768644015434],[88.278911172458749,26.926311264465475],[88.278815489957111,26.927033867855876],[88.279020590876641,26.927574283313408],[88.279224463505486,26.927934160850455],[88.279635290470324,26.929105165061717],[88.280349482512008,26.930455046569833],[88.280861140857027,26.931625492093666],[88.280973672992559,26.933339756088298],[88.281083022251167,26.934602680907119],[88.280691380241862,26.936229442462761],[88.280595702156901,26.936951956499932],[88.280517338277605,26.937466271594189],[88.280461154567178,26.937835014579665],[88.280403009816951,26.938216629482699],[88.280610607602895,26.93911802017162],[88.281121594644688,26.940198195760722],[88.281429919404175,26.941099030443649],[88.281547418785109,26.943535252011458],[88.281754519984119,26.944346371426469],[88.282160493508854,26.944795402787115],[88.282769148128708,26.945423767807085],[88.283884417757079,26.946500600426333],[88.284798362468621,26.947578625101023],[88.285003534049224,26.948119026982951],[88.285102903954396,26.948215755140804],[88.286017604706203,26.949106128944543],[88.287435841153808,26.950271526601814],[88.288546837194374,26.950716627292259],[88.289327910793546,26.95115586751821],[88.28965919255748,26.951342166166867],[88.28971583247953,26.951425568210244],[88.290269801060163,26.952241296539388],[88.290864589093729,26.952826020904784],[88.290903075364255,26.952863855395467],[88.291182600646707,26.953138651780201],[88.291594003174993,26.953421690591238],[88.292705237735902,26.954186206565542],[88.293004381710176,26.95439201066559],[88.294014809734989,26.954837627655156],[88.295094849502178,26.954573012064778],[88.295523026953816,26.954468106000053],[88.296228757458735,26.954554332210847],[88.29683691254148,26.955092453949582],[88.296957018410282,26.955185419930693],[88.297632613085327,26.955708355252035],[88.297647164947961,26.955719618295003],[88.29845606140708,26.956166334667927],[88.299367059532486,26.956792921618561],[88.30027353470156,26.956787817296451],[88.301660162642122,26.956732134126799],[88.302515861419622,26.956697771753799],[88.302891792130495,26.956682675830766],[88.305812769925737,26.95666603968451],[88.307322982871057,26.956567100631705],[88.307927263867683,26.956563664051011],[88.308140379871048,26.956644053360574],[88.308634293734926,26.956830360199746],[88.309139226324987,26.957007933551772],[88.309545350712582,26.957456879262111],[88.309851390113977,26.957996664667689],[88.309740367965887,26.958458396588362],[88.309655796837717,26.958810121699273],[88.30965964079256,26.959351540204416],[88.30956595832923,26.960344865745366],[88.309669896251023,26.960795533827437],[88.311573458200115,26.959340613415591],[88.312288745489724,26.959079441069285],[88.312578108432987,26.958973785816951],[88.313482663999167,26.958697795938406],[88.316601268163396,26.958138271972839],[88.317485216251214,26.958064221852478],[88.317915492432789,26.958028177272347],[88.317926282623247,26.958027273366735],[88.318916686492486,26.957944305082524]],[[88.278420919845644,26.892504621505854],[88.278420174954434,26.89250427219995],[88.278258138499751,26.892428241266803],[88.277981508486974,26.892123675695316],[88.277995857780155,26.892018383362746],[88.278156627644236,26.892041272495415],[88.278145583941637,26.891974982673389],[88.278053063890923,26.891863945215931],[88.277927499363841,26.891830285505446],[88.27773337606682,26.891875257666531],[88.277566199470797,26.891928805086824],[88.27745902022339,26.891913542489906],[88.277349052395323,26.891812650691946],[88.277247648767357,26.891701926578072],[88.277123211312457,26.891577349405569],[88.277073034371298,26.891527113541013],[88.276783907860022,26.891384929159024],[88.276599178196619,26.891172371544481],[88.276114893404511,26.890770366176465],[88.275803050983669,26.890476568107623],[88.275622348977905,26.890387703347336],[88.275389915046077,26.890348300451194],[88.275262182478031,26.890248031674851],[88.275114518877018,26.890081788436873],[88.27494693069373,26.889849570323452],[88.274671538833957,26.889583060958707],[88.274425265570784,26.889391726612097],[88.274182402386614,26.889305059946224],[88.274035051981073,26.889148330776504],[88.273950172123548,26.888998918160528],[88.273714638943758,26.888864360963954],[88.273377085394387,26.888600048792181],[88.27325451314799,26.888385283395433],[88.273234318901359,26.888370697268947],[88.272990480500241,26.888194579065964],[88.272942673332949,26.888091484056513],[88.272930381094611,26.887987132135727],[88.272991613237224,26.887956384269291],[88.273079795126463,26.88793421246794],[88.273111908772506,26.887828287804862],[88.273140301226448,26.887608178755244],[88.273247374961485,26.88734718238225],[88.273367356993134,26.887209570485062],[88.273502003480885,26.886976174742145],[88.273574797773151,26.886754495475259],[88.273593379379591,26.88650615358879],[88.27358625001078,26.886287298767868],[88.273615575298834,26.8860957359189],[88.273643036447567,26.885847077693384],[88.273615359999127,26.885543215270232],[88.273592020155334,26.885372566436043],[88.273531920743523,26.885165113627707],[88.273555460717162,26.885069012837938],[88.273597694567428,26.885000835552571],[88.273657686779188,26.88493202780673],[88.27366408647805,26.884855589075951],[88.273569396859699,26.884677937690974],[88.273582508041386,26.884534576344645],[88.273609204322923,26.884507358646314],[88.273659948772149,26.884455622781708],[88.273591898587853,26.884277027420286],[88.273468711825501,26.884043227730821],[88.273288519556289,26.883697121926058],[88.273071257586494,26.883304694588389],[88.272810527533679,26.882942386141814],[88.272662244958951,26.882757102793651],[88.272603387200718,26.882587706809197],[88.272519746822624,26.882476344917681],[88.272417412904545,26.882337068468381],[88.272289576566649,26.881960523596682],[88.272092555885322,26.881643592367318],[88.272059713517848,26.881454216340771],[88.272010927258378,26.881411504185927],[88.271971881480127,26.881377319496444],[88.271840083993325,26.881261929779104],[88.271626850575899,26.880993201438088],[88.271449758906684,26.880742245541239],[88.271416301162859,26.880533841992747],[88.271354961014296,26.88028831518027],[88.271338332771933,26.880050731481038],[88.271405654830019,26.879934028540735],[88.27157612933766,26.879708874427475],[88.271632712573407,26.879535388703179],[88.271662342863991,26.879353329546316],[88.271768489172416,26.879063766168212],[88.271715097769473,26.878789375123983],[88.271600277952629,26.878812491182053],[88.271488242378837,26.878921252266736],[88.27137311105065,26.878934854695878],[88.27132654006536,26.8788698174011],[88.271337846461591,26.878624905392513],[88.270915686803079,26.878470227290514],[88.270672097450003,26.878250555817999],[88.270721772466814,26.877945810731216],[88.270765417669622,26.877872529600047],[88.270330607929566,26.877876424016836],[88.269925661256252,26.877866099371541],[88.269524898580642,26.877768930726671],[88.269126644650228,26.87761334371174],[88.268726262307368,26.877481739965507],[88.268324367293644,26.877356985929744],[88.267918155537444,26.877246783050655],[88.267507558230321,26.877151086112747],[88.267095587021672,26.877057605158765],[88.266682383906584,26.876967504939092],[88.266268087490872,26.876881977088356],[88.26585277923347,26.876802265977918],[88.265436520710793,26.876729626235079],[88.265018708178431,26.876664404577145],[88.264585417272883,26.87659024424973],[88.264147213650091,26.876526969889628],[88.263726303379826,26.876510328045821],[88.263344615245018,26.876576448414461],[88.263011865886128,26.876757642335285],[88.262714472883644,26.877019224988782],[88.262436923583621,26.877304817539006],[88.26127175633259,26.87582266139804],[88.258877753701768,26.87371804162288],[88.257246563589973,26.871859363807143],[88.255448909024651,26.870873296223149],[88.254896718377765,26.870548698098386],[88.255087158675224,26.870018899174514],[88.25661362829652,26.867072787608148],[88.256498185848415,26.866997304370063],[88.256286767747284,26.866831312733556],[88.256127561014637,26.866687131166934],[88.255824875161764,26.866429746427361],[88.25558175209764,26.866193911032376],[88.255405795627269,26.865987239425504],[88.255266072728034,26.86576351150919],[88.255110365213042,26.865500921658288],[88.25496406276983,26.865301085837256],[88.254745296553494,26.865135353417244],[88.254601054727559,26.865016197381141],[88.254641109934155,26.864954675739849],[88.254702181807033,26.864859463081793],[88.254834978477916,26.864648433882213],[88.255024727160176,26.864447522334892],[88.255577406222599,26.864031483754435],[88.255817750696153,26.863877329682207],[88.256475130128749,26.86354658094384],[88.256677420141656,26.863498965363362],[88.257618998784764,26.86343326445153],[88.257814145457175,26.863398034966011],[88.258011219750841,26.863306097667568],[88.258162984792094,26.863216517936397],[88.258725325125383,26.8613156604412],[88.259297944533017,26.859852622865791],[88.25883129490073,26.859522761679781],[88.260023040067466,26.856709114384049],[88.260055177637341,26.855521713956033],[88.260090401086202,26.855521400268845],[88.261151633860095,26.855466800883189],[88.261543020966613,26.855364007039341],[88.262710951734149,26.855854606291391],[88.263579265436206,26.857006877897994],[88.262921619308599,26.85851131435415],[88.261950814898654,26.859914727389071],[88.261200852527921,26.861266513273815],[88.261134271770587,26.861482962429182],[88.261136007499744,26.861845663847042],[88.261170198628903,26.862130182590445],[88.261336270371487,26.862128395385543],[88.261586177497961,26.862151913941606],[88.261837533170706,26.86221988224953],[88.262014005916228,26.862306687931724],[88.262142511312447,26.862427556753115],[88.262344021884573,26.86270362241892],[88.262434081736899,26.862918900717919],[88.262548079194033,26.863173794566997],[88.262694741901768,26.863504394203282],[88.262695759373557,26.863767327315795],[88.262642273611803,26.863979597945445],[88.262411577014774,26.864198142331222],[88.262245370336714,26.864426539084196],[88.262196052365297,26.864650795905817],[88.262257611995921,26.864802351946679],[88.262426671687663,26.864893460194267],[88.262771678608814,26.865055212969764],[88.263147114294568,26.865223971776253],[88.263220464253067,26.865273971200207],[88.263281279490172,26.8655185994802],[88.263538427336556,26.86576437273629],[88.263593977455855,26.865847364433556],[88.263565922597863,26.865913083703717],[88.263465563478704,26.865961141669352],[88.263068775482964,26.865716269132541],[88.262961621412131,26.865671513043747],[88.262824830618555,26.865643990471231],[88.262765684763181,26.865682495319181],[88.26277546575858,26.86575092588545],[88.262791732733348,26.86578676277308],[88.262866136209766,26.865869085171799],[88.263081628085914,26.865994960545159],[88.263306635607833,26.866181186698611],[88.263382094503029,26.866295837092473],[88.263378274214347,26.866297865251195],[88.263452833064292,26.86634605586309],[88.263804198966824,26.866554869032154],[88.264161703192642,26.866757802622647],[88.264524346946317,26.866955676273363],[88.264891123964034,26.867149368038611],[88.265261091006195,26.867339746215571],[88.265633298879195,26.86752766653094],[88.266006723511211,26.867714032865518],[88.26638037226131,26.86789968023087],[88.266753367331987,26.868085503899298],[88.267127357122433,26.868268813767948],[88.267504959358888,26.868446622780841],[88.267884914885869,26.868620792006599],[88.268265933735776,26.86879329188935],[88.268646700020142,26.868966026107405],[88.269025988509924,26.86914096540082],[88.269402470771311,26.869319978219355],[88.269778696492978,26.869499650120666],[88.270023701112734,26.869616938432191],[88.270155058013501,26.869679951220963],[88.270528823419667,26.869865369187018],[88.270899449394506,26.870056841558689],[88.27126974718378,26.870249320297653],[88.271638128130121,26.870444040217091],[88.272002405450166,26.870642181112672],[88.272360439108098,26.870844116426294],[88.272383716846292,26.870860893018019],[88.272676493434844,26.871071895934666],[88.272699723826605,26.871088638141742],[88.273023645945216,26.871341357072943],[88.273361223146111,26.871472195497844],[88.273728188283442,26.871389206846263],[88.2741094332561,26.871207046804852],[88.274489792563699,26.871066977901002],[88.274872325815807,26.870921614470443],[88.275255815727647,26.870817711894123],[88.275640501729001,26.870812065342992],[88.276039381825385,26.87086204608778],[88.276190167203083,26.870896788501078],[88.276437388198346,26.87095375182793],[88.276813634710649,26.871087917685411],[88.277147662357649,26.871265937871005],[88.277436042880154,26.871498429561608],[88.277695464698766,26.871772482588],[88.277942294557008,26.87206546093957],[88.278040975172075,26.872179316023523],[88.278048722562843,26.872188254974922],[88.278193228885513,26.872354980937491],[88.278461810492018,26.872622444155585],[88.278733867485585,26.872888395680665],[88.279008359311703,26.873153252289651],[88.279290465900516,26.873408663845531],[88.27958535276241,26.873646405256636],[88.279902966145471,26.873852504398027],[88.280269741707301,26.87399211798899],[88.280327079144868,26.874008076093336],[88.280656859351723,26.874099859288343],[88.281046292672841,26.874196480580189],[88.281453187373558,26.874265469990117],[88.281520214880771,26.87488669310817],[88.281290036824828,26.875452993897717],[88.28261848021998,26.875422887415123],[88.288051048055152,26.87468287830799],[88.288633293901242,26.874601838597712],[88.291729546913984,26.874170850315004],[88.292791801233932,26.874192731840306],[88.297089361962378,26.877651460289002],[88.299414572421213,26.879394947402727],[88.299702066289299,26.879446467006069],[88.301271115146051,26.881084033274217],[88.296266201195209,26.884912506735969],[88.296681485627374,26.88777939841675],[88.298235030452503,26.892017014932762],[88.301766063876514,26.895284010930425],[88.302346340119144,26.896718522776222],[88.302498814202863,26.900355133929477],[88.301698200052158,26.902975929164331],[88.301704435852599,26.90439767732472],[88.301966842782988,26.904862232898566],[88.301740374222476,26.904672355501027],[88.30143838051994,26.904412071092484],[88.301134652403164,26.904152631065234],[88.300836727641226,26.903889163376562],[88.300549220541029,26.903618664303945],[88.300274077721653,26.903340030014103],[88.300014116384659,26.903051729422536],[88.299776303872221,26.902749588372458],[88.29957043113329,26.902427843247629],[88.299382290012332,26.902094841367592],[88.299195868035895,26.901760103688343],[88.298995133126965,26.901432991917197],[88.298769501947604,26.90111962004698],[88.298533782697433,26.900810662484819],[88.298290657931133,26.900504929459352],[88.298040398661826,26.900202730749349],[88.297783277767252,26.899904404581932],[88.297519652699691,26.899610232226323],[88.297249073467697,26.899320820333237],[88.296968409354804,26.899037679705739],[88.296679410713324,26.89875928310877],[88.296465746661681,26.898559773292366],[88.296384628713398,26.898483849195514],[88.296086606621131,26.898209523385628],[88.295787743454795,26.897934522277122],[88.295489607106489,26.897657605504769],[88.295216010731622,26.89740299149101],[88.295190885643038,26.897379610386476],[88.294892109702914,26.897101297116301],[88.294593276049042,26.896824163152793],[88.294294357411474,26.896548293733812],[88.293995411141154,26.896273561515386],[88.293696521878729,26.895999973075686],[88.293397785094285,26.895727481012386],[88.2930992226228,26.895455995772263],[88.292800832288535,26.895185515630061],[88.292720087175297,26.895112914408628],[88.292199868103907,26.894651317225474],[88.291895330325559,26.894389251559165],[88.291587648433392,26.894130316506164],[88.291276912267463,26.893874707127242],[88.290959003960097,26.893626618967168],[88.290634135262238,26.89338574244919],[88.290309068609929,26.893145069098104],[88.289988008649544,26.892900004670953],[88.2896669225822,26.892654710759707],[88.289349333320871,26.892405924768902],[88.289039421126347,26.892149540911937],[88.288739070192889,26.891883630929101],[88.28844445972463,26.891612097508251],[88.288151567604729,26.891341203936545],[88.287856257668878,26.891075602496329],[88.287562071102471,26.890811105124321],[88.287267420042085,26.89054913273382],[88.286967715842138,26.890294375279897],[88.286659787057886,26.890049677077872],[88.286350028060568,26.8898067094003],[88.286037738153254,26.889567313165134],[88.285742235761788,26.88935179159197],[88.285733284999537,26.889701485315499],[88.285602160118316,26.890090530371907],[88.285455375901861,26.890445287231223],[88.285276050414225,26.890778168648165],[88.28515288720709,26.890971192506385],[88.285069428630194,26.891101990207297],[88.284632819287935,26.89109420143059],[88.28387306585482,26.891737276357375],[88.28367315106162,26.891709423776632],[88.283538421007179,26.891629251511773],[88.283281274140577,26.891383534733297],[88.283091961762196,26.891365962968468],[88.282786143557075,26.891364651957172],[88.282632465836414,26.891394851842158],[88.28245981675046,26.891428778382199],[88.282354962764742,26.891468757408571],[88.282202548885891,26.891526869016896],[88.282107274197969,26.89161517829011],[88.281944396766946,26.891713968341122],[88.28178993378431,26.891723480657678],[88.281632496975732,26.891757362330889],[88.281504819531364,26.891778059062684],[88.28146610991854,26.891864369521691],[88.281384211623234,26.891899623617984],[88.281258074099995,26.891851506401881],[88.28104950368477,26.891822483753028],[88.280679199443739,26.891811318160887],[88.280278469847062,26.891793141432061],[88.280148215198977,26.891850331476025],[88.280045666096143,26.891946987490339],[88.279846879225374,26.891986381233501],[88.279769930181686,26.892057863501446],[88.279673347122838,26.892105774764641],[88.279576709365116,26.892036386719003],[88.279510946965658,26.892021231761149],[88.279485425538155,26.892015350361085],[88.279396513767765,26.892067030033708],[88.279321760498036,26.892089901119618],[88.279083165372512,26.892065982791664],[88.27902336686806,26.8920842802458],[88.278996750140678,26.892194427102673],[88.278983293373656,26.892360739790792],[88.278942282427252,26.892437501129763],[88.27880014346411,26.892418586948978],[88.278714439224061,26.892516879320901],[88.278582782010162,26.892569163870167],[88.278465792245655,26.892525677233049],[88.278420919845644,26.892504621505854]]]]}},
{"type":"Feature","properties":{"OBJECTID":40165,"STATE_UT":"WEST BENGAL","SHAPE_Leng":7657.2221954099996,"SHAPE_Area":2621456.2398799998,"District":"Darjiling","Dist_LGD":"327","Sub_dist":"Kharibari","Subdis_Typ":"CD_Block"},"geometry":{"type":"MultiPolygon","coordinates":[[[[88.210274032864405,26.558107732722608],[88.210199074207353,26.557732897574073],[88.210147933929392,26.557477163705254],[88.210047112842133,26.557251413559271],[88.20988567049389,26.556889921069246],[88.209690558632246,26.556453035606225],[88.209691151832388,26.556404909363209],[88.209695749760598,26.556032213195468],[88.209700892339072,26.555615379756688],[88.209708777170661,26.554976178302123],[88.209709486702863,26.554918666157633],[88.209744591190457,26.554887041115506],[88.209117375461361,26.554828807809919],[88.208950357914944,26.554713412765871],[88.208725745700008,26.554558223383701],[88.208594968711495,26.5542842375989],[88.208514717888463,26.554116108006191],[88.208447664189435,26.553962947866658],[88.208425044842755,26.553911281567444],[88.208293492779319,26.553610794096524],[88.208285589948744,26.55355673466763],[88.208199471202121,26.552967604471039],[88.208151556193357,26.552639823274859],[88.208081758502843,26.552162339141418],[88.208103557791802,26.551958180250526],[88.208144411423618,26.551575575657964],[88.208198882030118,26.551065433238225],[88.208211179225131,26.550950264489749],[88.208241266133555,26.550668486297109],[88.208236265899998,26.550549293151587],[88.208216243136917,26.550071992863536],[88.208215707023413,26.550059224781613],[88.208362568936906,26.549972803103046],[88.208364258897149,26.549971808993838],[88.208476593818176,26.549905704554568],[88.208978257416675,26.549806114082941],[88.209956618888384,26.549715295347205],[88.210019043573567,26.549709053236725],[88.210814771774267,26.549629478279083],[88.211772904877961,26.549533657683707],[88.212334824574597,26.549379918267768],[88.212582613242674,26.54932268426241],[88.213494409645961,26.54911207649069],[88.213980371473909,26.548999825978193],[88.214659934267289,26.548907051511048],[88.216144010529291,26.548704434889693],[88.216238078209187,26.548691591575668],[88.216106197679963,26.548488287853122],[88.215800706633402,26.548017345542416],[88.21570938396107,26.547876562054235],[88.215686188279861,26.547840803186102],[88.215635234582365,26.547762252692344],[88.215183064409914,26.547013449260437],[88.215092510269599,26.546918206910135],[88.21507038345203,26.546894934789869],[88.214565583010227,26.546364000196135],[88.214409010629026,26.546199320675477],[88.214038116283746,26.545809219413108],[88.213849758750158,26.545649591141373],[88.213554722838353,26.545399554252139],[88.213415543611205,26.545281601395509],[88.2128641638012,26.544969032983303],[88.211924205873572,26.544436178628832],[88.211904602774297,26.544425065126731],[88.211623741803763,26.544605754802785],[88.210871105509412,26.544892708216313],[88.210580392728218,26.545003545234902],[88.209762838138204,26.545310847122035],[88.20944984322108,26.545297030846012],[88.20879677748745,26.545268200852007],[88.208754185189235,26.545266320596287],[88.208583724678135,26.545379262462067],[88.208070327885338,26.54538699126871],[88.207650466369998,26.545393311551518],[88.207391132075401,26.545300190955654],[88.20689761955164,26.545122981631039],[88.20642076265753,26.54477122671166],[88.206104684947675,26.544839174334918],[88.205852898302197,26.544681509286821],[88.205773381045063,26.544631716177179],[88.205407051243299,26.544568730117874],[88.205388930866107,26.54452714375158],[88.205271401303506,26.54425741914697],[88.205263567180694,26.544024376546989],[88.205247275771995,26.543539781637381],[88.20524689270573,26.543528389910492],[88.205245762277102,26.543494772867529],[88.205566093254362,26.543427330464961],[88.206384522391545,26.5432550160997],[88.206961741336556,26.543240148957267],[88.20728263684056,26.543231883303829],[88.207750997565626,26.54318861279457],[88.207774301337068,26.543186460061499],[88.207877031337858,26.543085118550803],[88.208140398979211,26.542825308134606],[88.208785172711814,26.54228081637795],[88.208862426248501,26.542215576702056],[88.209489764570492,26.542368695614158],[88.210262443584526,26.542444923600129],[88.21028099502611,26.542444914603102],[88.210533351835736,26.542444789760989],[88.211501914765336,26.54267887104503],[88.211837564702478,26.542659348442001],[88.212129073240021,26.542642392343229],[88.212335001617305,26.542588183655216],[88.212936758360513,26.542429774057037],[88.213300516767703,26.542125783683787],[88.213979705110035,26.541558184284785],[88.213735684194276,26.541373164886934],[88.213579925414876,26.54125506536105],[88.213352424140353,26.541082569594703],[88.213206584163274,26.54097199143423],[88.212963488960554,26.54071164382939],[88.212950417269667,26.540697644376102],[88.212684383678777,26.540412728966015],[88.212072351453827,26.540145649504307],[88.211610290232386,26.539944012679985],[88.211526698159901,26.539942284269333],[88.210762363435279,26.539926480602809],[88.210481309182626,26.539997974108399],[88.209588530763625,26.540225070147592],[88.209568959115458,26.540227708084874],[88.207855753517649,26.540458610591276],[88.207672113546252,26.540483360266634],[88.207181756028447,26.540473120612138],[88.207054539134617,26.540470464204649],[88.206429737118825,26.54045741421519],[88.206201934430908,26.540452655253095],[88.205554670268697,26.540398816948766],[88.205527419128202,26.540411445118615],[88.203984807815672,26.54112628818682],[88.203859397253467,26.540986397161479],[88.203382279061245,26.540454187786302],[88.20333151382286,26.54041875334546],[88.203211846431998,26.540335224713029],[88.20268452659829,26.539967149025141],[88.202578546258763,26.539932519806289],[88.201878970784577,26.539703930751219],[88.201715327862956,26.53965045877095],[88.201374724816588,26.539539163646193],[88.201475695054143,26.54071710384104],[88.201508754901212,26.541102786250228],[88.201511266505619,26.54113208271562],[88.201712682622883,26.542255722943011],[88.201722171639005,26.542294424012876],[88.2018984555814,26.543013400564739],[88.201901490239933,26.543025778913268],[88.201929794990178,26.543141220869622],[88.202034620148126,26.543568745474914],[88.202120061468506,26.543753729906488],[88.202013132104796,26.543770013523069],[88.201752904463191,26.543809642422726],[88.201287260268572,26.543880552776116],[88.200197793185524,26.544002755267336],[88.199104724685725,26.54412535338972],[88.198726078682228,26.544090027603026],[88.198543045598015,26.544072951323731],[88.197805200397553,26.544004110698317],[88.197651798464705,26.543995599509095],[88.197522396237034,26.54398841920591],[88.197258460975121,26.543973774396733],[88.196274789570523,26.543919190867335],[88.196025285402754,26.544080802633932],[88.195731966368299,26.544270794067685],[88.195634537142169,26.544333900989766],[88.195577643178979,26.544370752331432],[88.195367177537435,26.544808660398122],[88.195310947324913,26.545865961087841],[88.195278210864984,26.546481515566981],[88.195257975099992,26.546861997811849],[88.195332198899052,26.547385010178516],[88.195386434012491,26.54776716827908],[88.19541423935955,26.547963094559236],[88.195342370278055,26.547965855484826],[88.194581320522232,26.547995086143512],[88.192569144832916,26.54790125486339],[88.192225225074509,26.547922472455557],[88.19213758214039,26.547927879685957],[88.191870565770458,26.54794435283382],[88.190987321406595,26.547998838438428],[88.190210923659151,26.548046729118397],[88.187807557454164,26.54821475007633],[88.185956117413184,26.548445667502218],[88.185265892494428,26.548557726659293],[88.183698415848596,26.548812196373639],[88.182188109919878,26.548970715928466],[88.182027155662738,26.548153932845509],[88.181750741486198,26.54816445712386],[88.180859218152719,26.548198397895653],[88.179489248337731,26.54825054465778],[88.179392906041144,26.548254210884384],[88.178976223498125,26.547812125648587],[88.178797265023434,26.547528099055782],[88.178743041731835,26.547442040385647],[88.178589612439723,26.54719852987494],[88.178512208918207,26.54695211231153],[88.178456097065052,26.546773478252007],[88.178368509494533,26.546494638199857],[88.177745741502505,26.545077871862713],[88.177409737101272,26.544121748658508],[88.177332087927297,26.543900790480649],[88.177328701222748,26.54389115300086],[88.177122883334874,26.543611359118628],[88.176524708101155,26.542787103471603],[88.176219242537883,26.54236618065222],[88.176113640991701,26.54177499395983],[88.175905134374474,26.541247541201059],[88.175865290910792,26.541146749216423],[88.175621355090499,26.540529666482854],[88.175728829144887,26.539676538138909],[88.175756266486545,26.539458739672369],[88.175785926895159,26.539223291527811],[88.17581635614134,26.538981736668276],[88.175806008375446,26.538232585184137],[88.175842476565421,26.537953281209763],[88.176001054678395,26.536738732728711],[88.176136120514698,26.535958047597084],[88.176179531877096,26.535690197120331],[88.176206947447923,26.535521046886927],[88.176231210411871,26.535371343180685],[88.175915845290163,26.53516638074132],[88.175252656169107,26.534735354100999],[88.174896490445519,26.534798597351642],[88.173835206573074,26.535388638863491],[88.172784730717183,26.53597265754215],[88.172052489993902,26.536649823602811],[88.171204812821642,26.537277378464204],[88.171202817503797,26.53727889473894],[88.171202351997849,26.537279250651423],[88.171202132252972,26.537279415953826],[88.17059295572993,26.53774238338006],[88.170432519291495,26.538252431440945],[88.170309658883056,26.538548213603203],[88.170129600502861,26.538981696239748],[88.169941351788836,26.539434893307895],[88.169439767101096,26.539818637833644],[88.169435589758166,26.539819778893047],[88.168546711314917,26.540062587226597],[88.168467623747944,26.540124158470853],[88.168175547149872,26.540351547560633],[88.167858215846024,26.540757399991111],[88.167826962294114,26.540536958471034],[88.167806097660332,26.540389786165651],[88.167433401938538,26.53776095265512],[88.166548856209204,26.535540239920834],[88.166543532179091,26.535526874223233],[88.164580982881304,26.534642451341078],[88.164451336282042,26.534584024490268],[88.164309482744713,26.534520096177562],[88.163070227797263,26.53396160242465],[88.162681332740519,26.533786337689502],[88.162519183657139,26.533713260653812],[88.162006429613498,26.533482171817585],[88.161474497056787,26.533242435824729],[88.157573868324448,26.530793361724335],[88.15753404729206,26.530768358020541],[88.156345345069667,26.530021971418243],[88.154990331914718,26.529824283038824],[88.15284346759951,26.531668491922588],[88.152295505211598,26.53213919129314],[88.152200047754349,26.532221187687913],[88.152163940275841,26.532252202946342],[88.150345788416985,26.531810282229365],[88.148627000109002,26.528277666111272],[88.148524137985717,26.526864367407629],[88.148518194134539,26.526782694775633],[88.14833204403304,26.524224952093721],[88.147375437211636,26.522628804722931],[88.146002841598261,26.522151565080343],[88.144908596950003,26.52234127900924],[88.14440045155699,26.522429376308605],[88.144309012998789,26.522445228557647],[88.144193332794003,26.522465283839558],[88.142884063404793,26.522972357427481],[88.141846116421306,26.523904308631671],[88.140036566403523,26.52421788705901],[88.137597981080717,26.52423504667869],[88.137102883249739,26.523948918458846],[88.137025163438736,26.523904001603675],[88.136204317712398,26.52342960745537],[88.134981518616769,26.523383492032305],[88.133767347537514,26.516840690067973],[88.133481569006392,26.516722541300126],[88.132797059091899,26.516439542346532],[88.1321097829873,26.516444095819939],[88.131607521198603,26.516468366209075],[88.131267011842439,26.516484818996872],[88.130895866816346,26.516286253797006],[88.130052945340097,26.516024526929062],[88.129646784122869,26.516010953346807],[88.129611241561989,26.516075843624353],[88.129354491525604,26.516544592580985],[88.129130159308005,26.516954151795421],[88.128788441482087,26.517285861117561],[88.12807244700393,26.51798087540212],[88.127986435565703,26.518064364967035],[88.127034928588444,26.519018649032137],[88.126742003376449,26.519312425032673],[88.126501566271315,26.519553557693957],[88.12535095017202,26.520385533965097],[88.125320289687423,26.520407703153424],[88.12514717047479,26.520532879079958],[88.125028928034368,26.520746693442184],[88.12465052325588,26.521430945204536],[88.124393507009472,26.521727921473154],[88.123963178728943,26.522225152992089],[88.123959375240489,26.522620324136852],[88.123958139904886,26.522748644774836],[88.123937027179394,26.52304743968169],[88.12389794914202,26.52360047838776],[88.123862792758544,26.524098021663661],[88.123819735429834,26.524131043729199],[88.12325084774578,26.524567341115279],[88.123215315512255,26.524585719935981],[88.122553124145753,26.524928225561666],[88.1220819052064,26.525171950982411],[88.121053490626039,26.525573576665188],[88.120884282944473,26.525597269697716],[88.119989898792738,26.525722502286921],[88.118623144071478,26.526349815145636],[88.118535004409196,26.526390268684796],[88.118350701671588,26.526557507192734],[88.117963048496307,26.526909268860191],[88.117916443195142,26.526956014356681],[88.11782501324366,26.527047718071437],[88.117265675698519,26.527608729628938],[88.117339410961108,26.527874113503429],[88.117376006997347,26.528005825628767],[88.117597712965122,26.528370783666482],[88.11763866732116,26.528438200315215],[88.117877697981669,26.528831671707174],[88.117894308301459,26.529170605102482],[88.117917728943681,26.52964849640556],[88.117972902897165,26.530194627731799],[88.117742107190537,26.530582662063232],[88.11689917032075,26.531115157220427],[88.116949268079267,26.531697261497882],[88.116959547096386,26.532227255737713],[88.116969311093342,26.532730737697072],[88.116871418923978,26.532733657986341],[88.116690873329915,26.532739043132199],[88.116517785608124,26.532744205146635],[88.116448327691899,26.532705289366106],[88.116257227127051,26.532598220975647],[88.116211710485345,26.5325727197188],[88.115908763562942,26.532436438932042],[88.115700017343244,26.532342533976504],[88.115108054323002,26.532166511869182],[88.114845947434745,26.532177210255671],[88.11477697189332,26.532180024967808],[88.114759718140874,26.53224038972234],[88.11466546684936,26.532570151706082],[88.114546102000759,26.532987774427941],[88.114543812056283,26.532985837296479],[88.114253540814985,26.532740208129304],[88.114102013696964,26.532611984054601],[88.114039417863395,26.532559014628262],[88.113989974021734,26.532501725705185],[88.113767511063656,26.532243965018925],[88.113724727574606,26.53219439300203],[88.113708314616972,26.532175376017463],[88.11317753689417,26.53176935211869],[88.112854706273083,26.531522398554305],[88.112770182153042,26.531457740258247],[88.112445566280627,26.531195110120088],[88.112273708635314,26.53105606912407],[88.112273630990245,26.531056087887528],[88.111731785341576,26.531186869784815],[88.111710615394841,26.531233216368037],[88.111709896128318,26.531234791894921],[88.111547567637487,26.531590172102039],[88.111500894555064,26.531692352386546],[88.111463246175603,26.53197540154499],[88.111450655127825,26.532070061661333],[88.111390460060463,26.532522629681658],[88.111369860235257,26.532644651665787],[88.111229709474514,26.533474818893026],[88.111144955338901,26.53405299546105],[88.111124900904215,26.534189802025033],[88.111119236174218,26.534228449240842],[88.110637516571842,26.535370202134754],[88.110551870387425,26.535466777978364],[88.110025277142242,26.536060569099817],[88.109978506776955,26.53606677439312],[88.10986234178641,26.536082185029723],[88.10981878515318,26.536087963954579],[88.10927776369617,26.536159738134625],[88.109202247693617,26.536173089438222],[88.108955893929092,26.536216646385469],[88.108897620798047,26.536226948561573],[88.108665638101982,26.536267963206562],[88.108309631698489,26.536344455886184],[88.107888272264276,26.536434988513999],[88.107879351782699,26.536436905164429],[88.107867828143284,26.536439380408297],[88.107822877610772,26.536476784905144],[88.107444836041765,26.536791360370181],[88.107195491226534,26.536998842545259],[88.107185712187544,26.536999218436282],[88.106608430581161,26.53702136719853],[88.106440213588286,26.537046563503228],[88.106405910692686,26.537051701754461],[88.105991480035598,26.537113774894511],[88.105981006326033,26.537115344510905],[88.105344054768295,26.537210746770977],[88.104420927371535,26.537440715832695],[88.103975378923494,26.537754612495203],[88.103748450312864,26.537914487126482],[88.103746598299054,26.537918893750319],[88.103730629561042,26.537956905231354],[88.103567436985543,26.538345348431431],[88.103551693773198,26.538382821330032],[88.103492506512922,26.538523702924348],[88.103504503110344,26.538808467650803],[88.103385758181943,26.539804755597466],[88.103721057362876,26.539795634563447],[88.10397529441839,26.53992431059514],[88.104230382259615,26.540059549135215],[88.104544611453946,26.540228236034618],[88.104962127517922,26.540445992138302],[88.105352113086212,26.540661493491502],[88.105782484184147,26.540877506665652],[88.106136716316769,26.541065727869352],[88.106562649128733,26.541293210778967],[88.10685250883374,26.541444149019636],[88.107002040538262,26.541610713343275],[88.107162761327061,26.541796459765859],[88.107373642582559,26.542040242375545],[88.107615936508921,26.542316949885496],[88.107883263010649,26.542622673882502],[88.108250431544647,26.543063583004571],[88.108649582494834,26.54350109488345],[88.108670876116463,26.543531801228738],[88.108773373618988,26.543679604095331],[88.108909522529714,26.543745019929723],[88.10894733241031,26.543763186337213],[88.109113735405813,26.543864812605399],[88.109339176534604,26.543995881548181],[88.109687238880142,26.544172628409225],[88.110016386006833,26.544359251650697],[88.110125662647249,26.544421209669672],[88.110476265372199,26.544614567617984],[88.110498758808106,26.544626972145778],[88.110878140201237,26.544840375381433],[88.11132525868419,26.545075744707681],[88.111465156419129,26.5451920245605],[88.111451593882364,26.545226268092982],[88.111441373905407,26.545252071592454],[88.111434886114097,26.545268451405512],[88.111330538479905,26.545544464899372],[88.111209276276952,26.545808749002177],[88.111005864191014,26.546288216269012],[88.110887012453261,26.546537205553904],[88.110807085316821,26.546750383392901],[88.110643922340373,26.547109834041578],[88.110467108032068,26.54751105112484],[88.110329622087477,26.547878637175565],[88.110192417686221,26.548155908882951],[88.109772141757773,26.548570808142653],[88.109527319982277,26.548791773153937],[88.109215316404061,26.549099705236419],[88.108824547211412,26.549467639774878],[88.108514532813587,26.549775659525569],[88.107979942432948,26.550292129527499],[88.107615209353114,26.550634483141614],[88.107534632699227,26.55071011531118],[88.105303094597303,26.550854115574282],[88.105228292606768,26.550858942329143],[88.105186577602225,26.551001984047694],[88.105213331033141,26.551609049240788],[88.10521588692049,26.552484871860244],[88.105242157460836,26.553946762503951],[88.10525894291969,26.554966131154661],[88.105266237664679,26.555746366858685],[88.105282073557191,26.557031760144866],[88.105326483396112,26.557785536518772],[88.105356068949661,26.557955487144422],[88.105324675147671,26.5581023407624],[88.1053224839047,26.558855428703808],[88.10532285640133,26.559241023358933],[88.10534325853628,26.559626873702832],[88.105356251506564,26.560260650555726],[88.105358622956658,26.560735943894077],[88.105365546611964,26.561130494973042],[88.105411548649187,26.561186114225443],[88.105421444725536,26.56112596321055],[88.105480784357411,26.561077420291003],[88.105569588944647,26.561004774895665],[88.105596935526606,26.560984330125663],[88.105775535801669,26.560850809747361],[88.10580532178075,26.560823708186508],[88.105936116241267,26.560704700195846],[88.105971556894531,26.560683131498024],[88.106194782080337,26.560547278026359],[88.106408359653841,26.56060322338303],[88.106629482559214,26.560653918034077],[88.106834761351365,26.560704444800805],[88.10706630725511,26.560753909049421],[88.1073111799478,26.560673544472078],[88.107559074375175,26.560621216999529],[88.107556109342809,26.560565545276891],[88.107509111153277,26.5603299240105],[88.107650059269119,26.560451953749268],[88.107722249853936,26.560096622572669],[88.107788142506607,26.559802181801413],[88.10785208856808,26.559463480975449],[88.107942076427932,26.559076102323797],[88.107999915452297,26.558943680959722],[88.108037210828186,26.558864534107308],[88.108185173261234,26.55874092150006],[88.10822239756726,26.558591969055829],[88.108323078503261,26.558366127551029],[88.108434737395811,26.558118908187357],[88.108546396814589,26.557871687716634],[88.108636193733702,26.557661246425287],[88.108694709194452,26.557570226889489],[88.108706535964657,26.557560319519688],[88.108814117736088,26.557497466288122],[88.109158417771681,26.557333428287716],[88.109438903008041,26.557199074069914],[88.109675715442464,26.557153590391408],[88.109933087922087,26.557104340287388],[88.110187991191609,26.557044337947016],[88.110498233432523,26.556997962787847],[88.110561996899619,26.557016931691766],[88.110881341445364,26.557082040075827],[88.111162153760205,26.557141857376788],[88.111361147964004,26.557179093141276],[88.111488051053925,26.557215503188583],[88.111816599764538,26.557283081927128],[88.112020454183849,26.557340770773148],[88.112208267804689,26.557479446718968],[88.112378628319775,26.557637073838674],[88.112536248652617,26.557744886154573],[88.112669516199873,26.557900356334962],[88.112886131630233,26.558150537107455],[88.112914043962036,26.5581827739177],[88.112944839961003,26.558218341982585],[88.113243803989747,26.558560565654876],[88.113410260374181,26.558765157115587],[88.113450050145104,26.558883677061683],[88.113520289418574,26.559140390844735],[88.113557761370103,26.559296772933031],[88.113544707636251,26.559529223848973],[88.113525271386251,26.559726740360684],[88.113448395297979,26.55981019172506],[88.113301210307313,26.559954088933782],[88.113057796121865,26.560210396859773],[88.112976637395505,26.560316093774102],[88.112943377562644,26.560359410040583],[88.112734568462528,26.560470372882417],[88.112349272977085,26.560705690037206],[88.111931987175737,26.560941772673882],[88.11163019745446,26.561106416306639],[88.111369500729339,26.561278737078176],[88.111057453044623,26.561480685929535],[88.110949377201322,26.561559919621107],[88.11089774188541,26.561597775168909],[88.110791264448395,26.561690893973129],[88.110712020668913,26.561820106500743],[88.110656683679892,26.562039464289615],[88.110634305568965,26.562108406708102],[88.110633647992969,26.562233951723169],[88.110622547376607,26.562344986671199],[88.110617144383838,26.562515937780283],[88.110662511172833,26.562587027506353],[88.110790807936823,26.562668326301242],[88.110949985637347,26.562733047004301],[88.111146821505926,26.562808483355461],[88.11131063267689,26.562874025560046],[88.111479760454159,26.562940759312053],[88.111773381057787,26.563058905824739],[88.111872392545393,26.563077383791413],[88.112148573127143,26.563101268325731],[88.112463858051186,26.563137254654361],[88.112536836923297,26.56317806457665],[88.112734529892023,26.563282263875923],[88.112966491483192,26.563411977893178],[88.11314737526925,26.563511130153181],[88.113197689813006,26.563581210165953],[88.113273151423712,26.563687375637723],[88.113364360175694,26.563799773694733],[88.113476529168906,26.563953867066949],[88.113494875980038,26.564038135414755],[88.113571000476171,26.564182624421484],[88.113629189869599,26.564367479809366],[88.113676789482952,26.564486589063037],[88.113813038312387,26.564589883792138],[88.114365810488536,26.565023836544395],[88.114768907528131,26.565338741229226],[88.115011263146229,26.565532940104688],[88.115011986530305,26.565600051492435],[88.1150287025213,26.565798735856621],[88.115035923529263,26.565949242169243],[88.114987915152298,26.566104278340468],[88.114926233284464,26.566219501830236],[88.114867878377169,26.566378929980196],[88.114847091593504,26.566481437014563],[88.114715564531991,26.566590937490314],[88.114459228765398,26.56682070151367],[88.114376673653666,26.566903916493651],[88.114289100130975,26.566992190375149],[88.114147161254479,26.566795113928055],[88.113993325973084,26.566587575455269],[88.113874935054923,26.566362426869617],[88.113782576486159,26.566154356455666],[88.113655563660515,26.56588339660868],[88.113546896126422,26.565765193927458],[88.113370828734915,26.565553716537362],[88.113137242007724,26.565279253547359],[88.112923205387602,26.565029603609471],[88.112700839288522,26.56496989282984],[88.11231939537835,26.564875260468867],[88.112013355820181,26.564804269968164],[88.1118218415657,26.564924325152067],[88.111803956445044,26.564935536824095],[88.111681690680655,26.565037857734467],[88.111656382842412,26.565102224097821],[88.111584928785177,26.565330780212648],[88.111563009433453,26.565451292542019],[88.1115572961467,26.565570911496764],[88.111883343854302,26.565869134775923],[88.112275241242841,26.566220913331623],[88.112500755466186,26.566417542598867],[88.112672666624519,26.566581955857306],[88.112653511542888,26.5668119700339],[88.112613338006412,26.566854166849964],[88.112570824537599,26.566937294776746],[88.112476869693594,26.567073508432092],[88.112391077016909,26.56719914138084],[88.112337369532,26.567294599503743],[88.112327663029745,26.567311851340655],[88.112191019935509,26.567405773163852],[88.112051032135611,26.567512715278088],[88.111951258711983,26.56758271232335],[88.111900414233034,26.567618381719956],[88.111723545145082,26.567778470400167],[88.111672543775398,26.567815114041345],[88.111486146721262,26.567995538786846],[88.111315984334908,26.56816546632357],[88.111212159939612,26.568311231646906],[88.111203142011107,26.568399577172897],[88.11121368610732,26.568651943053034],[88.111219764896177,26.568769209675946],[88.111247769810106,26.568850885595189],[88.111379988133706,26.569059377996602],[88.11146717516614,26.569200902969559],[88.111526546471708,26.569372168348771],[88.11164396675197,26.569677361143501],[88.111756830153809,26.569935869902096],[88.111922565618357,26.570376758828861],[88.111971746423976,26.570447161079858],[88.111984656895999,26.570733844378545],[88.112016412365577,26.570836799408848],[88.112072853668238,26.571280138858111],[88.112108313179078,26.57133986689751],[88.112153156145112,26.57141267680602],[88.112426668954768,26.571809303159892],[88.112481962984916,26.571885653432101],[88.112913277985314,26.572350342715289],[88.113311994005699,26.572730881018789],[88.113754047628902,26.572730598346681],[88.113962201419398,26.572701727168926],[88.114048383719023,26.572626550141816],[88.11420601360328,26.572489048780085],[88.114442442700863,26.572248142548077],[88.11452242254434,26.571993428353917],[88.114538647297024,26.571895621030421],[88.114424536769079,26.571549805738083],[88.114394193529435,26.571364367350611],[88.114493579416546,26.570807033338358],[88.114534724967626,26.570615219255053],[88.114621566046139,26.570581861742856],[88.114630826213101,26.570538671748832],[88.114959096197595,26.570412484283949],[88.115455551438615,26.570213287783112],[88.115489197413154,26.570200021554065],[88.115696814910194,26.570118164421135],[88.11593021738291,26.570046087225563],[88.116234572030635,26.569969931536317],[88.116631221515703,26.56985910211014],[88.116691454381126,26.569842628515286],[88.1169849868771,26.569762344293743],[88.117003635239072,26.569736118691413],[88.117117698416507,26.569504482296093],[88.117248177226003,26.569244428613779],[88.117316128426125,26.569155573788702],[88.117374774679632,26.569064337908848],[88.117614686536314,26.568857013115895],[88.117642140861676,26.568839671244618],[88.117728288957736,26.568785256209402],[88.117973459864345,26.568596252554443],[88.118179398384399,26.56843749027858],[88.118321815131907,26.568370867234417],[88.118400059187479,26.568359037587172],[88.118771063430344,26.568354314402391],[88.118995338579495,26.5683813680814],[88.119066431166971,26.568421543391938],[88.119177858288751,26.568549782541684],[88.119208542892068,26.568681576530668],[88.119233544613309,26.569029785288322],[88.119240121259423,26.569283348199132],[88.119202482505287,26.569642744988254],[88.11915375425373,26.57018964426894],[88.119130905108875,26.57037467683875],[88.119103334997519,26.570573187266532],[88.118987147702271,26.570714706377444],[88.118809781745483,26.570918014756455],[88.118677683262462,26.571113552453184],[88.118535242172996,26.571368748902501],[88.118368325280827,26.571667902485895],[88.118257389338069,26.571867278854128],[88.118145901855328,26.572038821406718],[88.118202298836138,26.57240095018448],[88.118224477384118,26.572553550793099],[88.118214198109598,26.572737130350646],[88.1181959978517,26.572960393157494],[88.118148753841425,26.573173760450079],[88.118073701730395,26.573382316872308],[88.118011352965013,26.573533080605095],[88.117859619067531,26.573875415188187],[88.11774536235724,26.574116609771917],[88.117712448913082,26.574344574663584],[88.117684466783047,26.574515183228751],[88.117662852714815,26.574620571538883],[88.117745608474678,26.574682112647427],[88.118009488974835,26.574811048877514],[88.118308869708372,26.574962001722511],[88.118525192097522,26.575066447926844],[88.118662166055643,26.575116119495931],[88.118756798384965,26.575137606812426],[88.118983837856419,26.575154823364478],[88.119070973862364,26.575191858229754],[88.119253225295992,26.575273089660858],[88.119575338607603,26.57537610675719],[88.119691759688564,26.575452103845013],[88.119875857998935,26.575510843987239],[88.119955549295597,26.575587099451422],[88.120154891854867,26.575755806510472],[88.120326356623409,26.575888285295736],[88.120623818466186,26.576034501486724],[88.120752405956665,26.576050491980848],[88.12083585594003,26.575991806633517],[88.120846653521923,26.575973638420752],[88.120945176589217,26.575807873594506],[88.121110018459248,26.575563770370884],[88.121172555898482,26.575474919004279],[88.121244772946142,26.575365837058623],[88.12142954084716,26.575117207692379],[88.12151039359965,26.574969975480933],[88.121547355657583,26.574870671419795],[88.121621462928559,26.574853284597541],[88.1216319642093,26.574850821119149],[88.12188033545192,26.574697428256176],[88.121926177105038,26.574651829381839],[88.121976996834448,26.574601279338452],[88.122147496939178,26.57445817344265],[88.12232091681733,26.57423437125259],[88.122460449851488,26.573924213419978],[88.122581417964625,26.573591008377708],[88.122643464603584,26.573373028562585],[88.122678509429349,26.572845075451049],[88.122716414196447,26.572418960827374],[88.122803423070664,26.572445279947992],[88.123132627636394,26.572544859208652],[88.123517962516971,26.572664790743751],[88.123828584291459,26.572842038755944],[88.124011693717193,26.572951937365019],[88.124391597044792,26.57330718799194],[88.124837954784056,26.57374452770647],[88.12505299266806,26.573949442141963],[88.125165569405155,26.574126490068949],[88.125201616130724,26.574239732087424],[88.125217892254881,26.574265853276831],[88.125241260926046,26.574383374135486],[88.125235812499781,26.574573275402113],[88.125225369226698,26.57471306364959],[88.125114658630054,26.57506675421028],[88.125047691534888,26.575192713135131],[88.125037330493086,26.575246244587323],[88.124974419969121,26.575356604604369],[88.124908239154081,26.575400171841476],[88.12488787039301,26.575447597528491],[88.124787936880693,26.575541915699372],[88.12457303185333,26.575716511497902],[88.124480827343589,26.575791422027056],[88.12429736493911,26.575872783389055],[88.123708537252156,26.576111394112573],[88.123598182525143,26.576132196725013],[88.123583491920812,26.576153814873113],[88.123498037021321,26.57621468187298],[88.123487305754026,26.576230478780978],[88.123163209820746,26.576461275436152],[88.123067889327658,26.576529155044103],[88.12304454917404,26.576746090880899],[88.123053840153233,26.577058217282982],[88.123266511911268,26.577240481302923],[88.123427034203402,26.57750657985375],[88.123737197166591,26.577566283281921],[88.123883984646099,26.57761405764688],[88.12424307358134,26.577692785630294],[88.124521478171857,26.577744214213723],[88.124904579263614,26.577814916221268],[88.125011453312936,26.57780470518437],[88.125085304731144,26.577820868860222],[88.125457856401084,26.577804177531387],[88.125535368341019,26.577763824147809],[88.125618636901464,26.577728538927008],[88.125661702041839,26.577674369012502],[88.125771994996043,26.577535636846765],[88.125998329389816,26.577268388643784],[88.12620264325335,26.577040226560076],[88.126371179084217,26.576811645700634],[88.126419404768967,26.576690899993444],[88.126499762088059,26.576654018103664],[88.126506692518973,26.576650837055261],[88.126585221186119,26.576582274179632],[88.126626746950734,26.576546017518861],[88.126843119971241,26.576319219562361],[88.126983664909361,26.576176417576495],[88.127048616606857,26.576131452484823],[88.127054940571881,26.576127075115128],[88.127172157988085,26.576110672858128],[88.127245809114314,26.576079339091365],[88.12732078926544,26.57601166279937],[88.127328087860448,26.576005075827908],[88.127357616471627,26.575951235138618],[88.12738027697651,26.575904193013073],[88.127395705451548,26.575684335280496],[88.12740732331126,26.57537367660936],[88.127381610568435,26.575173852314272],[88.12747048072751,26.575078030729212],[88.127525700380176,26.574951963117474],[88.12768822695304,26.574600231188999],[88.127805864437647,26.574306453324606],[88.127876356867432,26.574139930206456],[88.127917967721118,26.573956214641285],[88.127938112330071,26.573938764296269],[88.127993527760097,26.573878501196884],[88.128094848114372,26.573613142419902],[88.128129583336005,26.573425363524496],[88.128188584419448,26.573403946290224],[88.128224222008797,26.573357070910415],[88.128232487743745,26.57334619948583],[88.128340695433081,26.573203872042324],[88.128464712767737,26.573014215836533],[88.128534353849929,26.572896769548006],[88.128566736110287,26.572802965087693],[88.128627887601112,26.57282448866501],[88.128721139209674,26.572857310094438],[88.128857724057525,26.572878197710718],[88.129060097877712,26.572947719884805],[88.129180549566939,26.572979195590037],[88.129280506370947,26.573046262938739],[88.129392093289169,26.573139205108333],[88.129434940435104,26.573174892771068],[88.129494666070144,26.573206760016124],[88.129531205899596,26.573226813098273],[88.129639714981877,26.573286364957148],[88.129771564540391,26.573353853400626],[88.129882060971497,26.573429364421653],[88.130063000964142,26.573588335777654],[88.130227340592498,26.57378767301126],[88.130284064713081,26.573911000665049],[88.130304070444254,26.573977555146417],[88.130306655522901,26.574069642109155],[88.130290629835983,26.574154308525792],[88.130271204553694,26.574292742143594],[88.130270185602868,26.574435015649296],[88.130279318395139,26.574530770952975],[88.130291032541948,26.574715031309125],[88.13030578084684,26.574876587165743],[88.130335045402788,26.575038399375721],[88.13033849053042,26.575159162359398],[88.130367662683284,26.575328144323503],[88.130396918397608,26.575415788753038],[88.13041164293908,26.575488929558169],[88.130381975201416,26.575528848818948],[88.130418216674087,26.575582207388884],[88.130443011502777,26.575693753142207],[88.130472465802796,26.575845917302193],[88.130504490258971,26.576008922465444],[88.130535178390744,26.576165954807529],[88.130548876293801,26.576307200188069],[88.130584979725541,26.576463122223792],[88.130586997107415,26.576586275707346],[88.130568357541478,26.576639603905903],[88.130609529869105,26.576757472088424],[88.130608425565683,26.576912887835544],[88.13058360300181,26.577134963655769],[88.130532748137227,26.577238326815035],[88.130448110174683,26.577375917931935],[88.130442047144527,26.577424821020585],[88.130441873963122,26.577516910966786],[88.130417818737143,26.577566259543698],[88.130428039945997,26.577632728892731],[88.130343779040828,26.577749918924219],[88.130223353046404,26.577879923220049],[88.130109106466705,26.578042272060909],[88.130043540339855,26.578151352555196],[88.130002565881824,26.578302677934449],[88.129959119761793,26.578440773429801],[88.129890898360856,26.578465286776243],[88.12994491197405,26.578582878488056],[88.129976824021384,26.578668221199344],[88.130011217218382,26.5788419771118],[88.130031867847833,26.578990373256168],[88.129989414165763,26.579176190953529],[88.12994286304108,26.579452418607726],[88.129923392417126,26.579567953343439],[88.129917072647729,26.579574581677008],[88.129759591457102,26.579739748387013],[88.129660223340309,26.579898435276991],[88.129625544694235,26.579953815676127],[88.129427998453806,26.580022381782143],[88.128952789120163,26.580306743804417],[88.128442352252009,26.580547672472726],[88.127897270932252,26.580879501044976],[88.127828008850003,26.580921665225588],[88.127695808847292,26.581090326477881],[88.127421937091199,26.581499261100856],[88.127314717073673,26.581720236222505],[88.127239719619311,26.582014104613297],[88.12739974853416,26.582140979014223],[88.127667757468032,26.582348930471042],[88.128097243225142,26.582677187421346],[88.128404743904099,26.58290714878591],[88.12866088243689,26.583104084725768],[88.128932510625404,26.58327460664767],[88.128979690718992,26.583377228474166],[88.12924375959183,26.583825335926601],[88.129500422304559,26.58424109941253],[88.129744656057568,26.584685369089648],[88.129937319031015,26.584958133106053],[88.129864365199666,26.585185477345497],[88.129654670058187,26.586079423377523],[88.129471142327688,26.586833825561992],[88.129351541475486,26.587330814647778],[88.12932287774953,26.587568956283285],[88.129346195100268,26.587664259374751],[88.129441653008513,26.58793453720839],[88.12963082587622,26.588327862661203],[88.129899512378984,26.58899129942186],[88.130304182647293,26.589878739305817],[88.130539059132616,26.590416209320825],[88.130737272978337,26.590904440511945],[88.13074250302877,26.59091732338624],[88.130760323725966,26.590957480563851],[88.131008244788262,26.591516151682846],[88.131169235302238,26.591923477551891],[88.131385211622117,26.592392499166081],[88.131612024571382,26.592929795235861],[88.131810120114295,26.593320189656364],[88.131773731869856,26.59354519601688],[88.131780266002195,26.593889563798637],[88.1317675367265,26.594692843875762],[88.131769288719852,26.595331228520802],[88.131759701251468,26.596184686232839],[88.13176028014388,26.596651020506627],[88.131753070169808,26.597102842735374],[88.131657109858793,26.597618002730506],[88.131633852039784,26.598103698912446],[88.131485815614582,26.598351071138797],[88.131356870829578,26.598682914782344],[88.131074253758598,26.59914553948035],[88.130824189087832,26.599569156436452],[88.130520972681538,26.600070955912109],[88.130270334187401,26.600523246724691],[88.129975929811806,26.600971362296519],[88.129810939639682,26.601314498568243],[88.129817846889253,26.601378143410468],[88.129973974117689,26.60159899600886],[88.130494744101824,26.602215357803818],[88.130847708221509,26.602604709586306],[88.130996894240312,26.602749023459701],[88.131435011320136,26.603048766627669],[88.131944063537645,26.603403200917406],[88.132555577060899,26.603837929776649],[88.132985820790637,26.604130326154735],[88.133534475325106,26.604503182159021],[88.134189394873275,26.604967169763455],[88.134757716141394,26.605358195275322],[88.135175820269993,26.605661259586157],[88.135546724829425,26.605865393295684],[88.135869911552234,26.605921161717205],[88.136335802003472,26.605973810119171],[88.136949146900164,26.606042636752576],[88.137753525227509,26.606142658203186],[88.138382821205866,26.606211644928646],[88.138691896300699,26.606237038374751],[88.138833589816969,26.606472104701098],[88.139001979675257,26.606671519248533],[88.139116185778761,26.606823974353652],[88.139112836825561,26.607225213900119],[88.13911255752808,26.607284084116124],[88.139111135575462,26.607583836556245],[88.139114834206538,26.607905655280319],[88.13911785618393,26.608168540151038],[88.139119396106608,26.608573846577141],[88.13912670933685,26.608757117001467],[88.139150905255164,26.608854032295358],[88.139192153855703,26.609015921226778],[88.139287748827783,26.609282517621327],[88.139343555402263,26.609537948815344],[88.139451104964792,26.609797544400692],[88.139536073536448,26.610067374092182],[88.139517479068971,26.610142665224782],[88.139406451849752,26.610349316529749],[88.139248485032738,26.61075252301266],[88.139170104088421,26.61091290672892],[88.139108049522193,26.611118613481505],[88.139137710741409,26.611192250673788],[88.139218941353008,26.611358317484669],[88.139416818204651,26.611712282437669],[88.139559700640234,26.612008229844605],[88.139754337558159,26.612315599603843],[88.139932094731066,26.612683651645266],[88.140168735869693,26.613109897685074],[88.140312373519436,26.613362830114351],[88.140424133740723,26.613574544397913],[88.140434649822126,26.613952537665323],[88.140468284014332,26.614347510181947],[88.140503548751411,26.614814696579415],[88.14046932667415,26.615290749987206],[88.140438204655695,26.615996908859465],[88.140404604025733,26.616355111182653],[88.140390659899325,26.616727994200176],[88.140366322457041,26.617258510389643],[88.140339955366031,26.617666978447957],[88.140322305740611,26.618025436781103],[88.140310079818448,26.618343321384305],[88.140330800500891,26.618495346083616],[88.140342000826536,26.618796786098418],[88.1403787989221,26.618987354680698],[88.140400009106017,26.619414420035969],[88.14039562803633,26.619690513382995],[88.140406716079156,26.619896812358867],[88.14041081557798,26.619991949326934],[88.140429991920541,26.620293472547825],[88.140474237653308,26.620762022361568],[88.140531035518521,26.620969044954744],[88.140598064812849,26.621267567079084],[88.140692085592434,26.621631033384972],[88.140778501676877,26.621969235849257],[88.140782843638533,26.622198813309584],[88.140800361967806,26.622353286262538],[88.14080489222377,26.622572110931202],[88.140840503738389,26.622722447191478],[88.140872673796153,26.622827619936412],[88.140969492482924,26.623015356492971],[88.141062694515881,26.623178006047219],[88.141197045966422,26.623443771621847],[88.141327090478754,26.623615336814051],[88.14151508070907,26.623840089520467],[88.14167391335171,26.623995922146815],[88.14170213208574,26.624118609957083],[88.141734027206226,26.62437728658314],[88.141753627224318,26.624493182248891],[88.141799666069716,26.624765419622516],[88.141814642952099,26.624858539986928],[88.141875969861218,26.625239839186325],[88.14194384691406,26.625488177611498],[88.142001300129792,26.625831335508629],[88.142227635377566,26.625961692865626],[88.14253269190678,26.626105419225624],[88.143110704598385,26.626396128294054],[88.14359782448895,26.626628312360975],[88.144018272136194,26.626821359312789],[88.144040335072049,26.626910179893379],[88.144123982518181,26.627169435581784],[88.144172860576788,26.627363756182895],[88.144234350517735,26.627542076459552],[88.144267733645449,26.627673362639651],[88.144308903962056,26.627842508866099],[88.144350638511071,26.627979305888076],[88.144348130469794,26.628140606254963],[88.144324506804566,26.628328966765409],[88.144368239946431,26.628377607608904],[88.144491046267618,26.628436548085521],[88.144779967965817,26.628587275643262],[88.145199393540722,26.628815036492469],[88.14554396562643,26.628977270151069],[88.145884372644787,26.629157339011563],[88.146478454997606,26.629441028208618],[88.146834772122261,26.62960840636967],[88.146906143053826,26.629650944576447],[88.147229116086137,26.629669368966898],[88.147798719372418,26.629734068409086],[88.148420267531918,26.629795758928459],[88.148898231011842,26.629852027289949],[88.149428139585595,26.62990546751141],[88.150069635221797,26.629970984796529],[88.150758900844352,26.630044338738788],[88.15128472710596,26.630101270554142],[88.151794791388568,26.630150777001276],[88.152212837402729,26.630209870782625],[88.152719004507887,26.630252209822416],[88.153300674462812,26.63031337939865],[88.153918330248118,26.630367790686464],[88.15427771763018,26.630424382322332],[88.154347885185956,26.630459396158919],[88.154477652016155,26.630579344988345],[88.154844329819085,26.630863763136308],[88.155206462395668,26.63118035478729],[88.155726572533581,26.631606649527011],[88.156388332072297,26.63216013558014],[88.156916518822129,26.63257934023299],[88.15711332958864,26.632801161391821],[88.157217079917729,26.633006297990107],[88.157301980247894,26.633441361231068],[88.157355886658351,26.633571151942419],[88.157450705744196,26.633884424551496],[88.157514079453719,26.634168514685054],[88.157620408188961,26.634514214661593],[88.15769547244436,26.634816393399813],[88.157777587333641,26.635176096872275],[88.157921957957058,26.635640579825417],[88.157953138670223,26.635885073362683],[88.158180687668334,26.635937913328544],[88.158407210735376,26.635998169110323],[88.158713139755022,26.636084600557972],[88.159221848427919,26.636220107633896],[88.159663122342579,26.636333279932085],[88.160020532582323,26.636441878594685],[88.160202015981753,26.63651595652691],[88.160177595766356,26.636608838991076],[88.160067684574244,26.636743726365683],[88.160024105390903,26.636806348338041],[88.15987556288988,26.637019795001937],[88.159822738412373,26.637095700890189],[88.159635476162521,26.637330045744257],[88.159389884620538,26.637725032586648],[88.1590020012639,26.638279581858939],[88.15882624420864,26.638546352950286],[88.158466923539237,26.639061800284399],[88.158221872753842,26.63941735653836],[88.158022083557455,26.639687377721906],[88.157793255868071,26.64000812697693],[88.157852543686118,26.640065437530975],[88.157965083940596,26.640271246657061],[88.158256858110832,26.640748395244326],[88.158416063142468,26.641030146598219],[88.158641233711464,26.641431103744257],[88.158792649181777,26.641702020260333],[88.159010492985772,26.642063465281996],[88.159008462093411,26.642192506816627],[88.158951985731491,26.642358229559992],[88.15920913272808,26.642377973087527],[88.159831217467385,26.642410937430373],[88.160249959222469,26.642430578416761],[88.160648477532376,26.642464307314143],[88.160750905019995,26.64248904972726],[88.160846637034396,26.642556490501509],[88.161056320837616,26.642925019727127],[88.161542779949372,26.643720164963671],[88.161834487776972,26.64420447360509],[88.162290238567621,26.644920342464815],[88.162463445094772,26.645245266520092],[88.162637483382426,26.64552009964574],[88.162803530125046,26.645785201259766],[88.162869088961855,26.646048030123115],[88.162916911199972,26.646452832932493],[88.163012261467927,26.647590914587195],[88.163072035822964,26.648555595197884],[88.163039103316891,26.64897147678397],[88.162980133289167,26.649642742825808],[88.162881667490424,26.650509535521071],[88.162840878948955,26.651050189513906],[88.162808421529519,26.651150336765479],[88.162947358620528,26.651734412484078],[88.163060458012552,26.652255274988566],[88.163261603780015,26.653093203328158],[88.163435115217268,26.653887152320944],[88.163467956696778,26.654148177189466],[88.163493120633376,26.654570708500671],[88.163514595968664,26.655010550755676],[88.163546233421968,26.656086002399739],[88.163538987273796,26.656229090802448],[88.163597520889269,26.65719809262232],[88.163672589322289,26.658604729988348],[88.163681388241343,26.658815774741313],[88.163719558610808,26.65973125474186],[88.163782455177781,26.660531005442241],[88.163885613500284,26.660521372913411],[88.166555911073132,26.660434726618394],[88.167675968462689,26.660407472068936],[88.169045865009878,26.660247247797045],[88.169874003670841,26.660168210041338],[88.170784128990817,26.66024647876527],[88.171513733491395,26.66084984756705],[88.172318371829689,26.660928977089704],[88.172871967175595,26.660531696034798],[88.172823696602805,26.659250132688488],[88.172644220979848,26.657910972277286],[88.172895298242381,26.657899872058056],[88.173699869847027,26.657974480612459],[88.175449715899177,26.658127032702453],[88.175858664906755,26.65881428412461],[88.17726332234156,26.658617582331601],[88.178554350759654,26.659586406245559],[88.179413973515437,26.661104984768766],[88.179559237798443,26.661063154053178],[88.180199144334992,26.660267900970069],[88.181266447422061,26.659997223751184],[88.184041240369467,26.659179677631492],[88.1866239556892,26.658738339047254],[88.187796883790881,26.660908768144079],[88.188445948667024,26.661973143126062],[88.188970079925255,26.662131259207044],[88.1894393445194,26.663296439183718],[88.18942875162,26.664212854586289],[88.190357162642286,26.665080782159009],[88.190562465993736,26.665498855664776],[88.190498366206469,26.66609974597856],[88.191222843656618,26.667163472833607],[88.191859401472058,26.667501192667618],[88.192634516775016,26.667151630123826],[88.192783072953858,26.665493773293569],[88.192971719616082,26.663343562445231],[88.195389905358908,26.663982270151497],[88.196690797815862,26.664431740279149],[88.198014934503789,26.664700444020983],[88.198890838352156,26.664864584677794],[88.199209515454868,26.663629596425181],[88.199310615521256,26.662247483907127],[88.199601149830883,26.66168530461384],[88.199506574445181,26.661288879265275],[88.19936556024166,26.66077548165417],[88.198735624221641,26.660108224254458],[88.198781659704423,26.659706095838427],[88.198768005921778,26.658880163668787],[88.199251546220381,26.658519485171698],[88.19951320581859,26.658079425907619],[88.200607618363208,26.657045524438495],[88.200717296651632,26.65648487085609],[88.200739783717978,26.655753426029648],[88.200980174393635,26.654722220973529],[88.202287328298951,26.65529797835206],[88.203792109274687,26.655556075210036],[88.203836003295791,26.653993887099155],[88.203816252604085,26.652590225651952],[88.203475456635388,26.651229907567618],[88.203233236828865,26.649688196776367],[88.203269953703369,26.646961477050741],[88.20416333433522,26.644015347803244],[88.204756680064349,26.643116563231043],[88.205723588594921,26.642395165899828],[88.207156837271839,26.642076056377416],[88.208399420132238,26.642255084079203],[88.210322847472398,26.642216152570313],[88.211009376164796,26.641108909929578],[88.211837100223747,26.641007064201801],[88.211418969773717,26.642319663796769],[88.211927884421044,26.643421236936849],[88.212997206289003,26.644314900394765],[88.214774432618441,26.644222986621948],[88.216390834424971,26.644597362113707],[88.218759023883564,26.644811801139898],[88.22161605913459,26.64517547391798],[88.222882390393778,26.645692712579358],[88.224312591237009,26.646501932384581],[88.227259516563294,26.647265149106779],[88.22726438629094,26.647266410251785],[88.227727596405188,26.647366230395242],[88.228249680368265,26.64874297228371],[88.229458951999106,26.650023492293244],[88.230224487757255,26.65114534165879],[88.231783418321626,26.651768297576819],[88.234828743200907,26.652337705772396],[88.237414362859667,26.653088733442846],[88.23742396869973,26.653091522804445],[88.239362080617113,26.653932272805889],[88.241013506793095,26.654274459171198],[88.242692454518362,26.654837564112015],[88.243357558713342,26.655021330304482],[88.244209257435898,26.655271167100963],[88.244647297387957,26.655362122914031],[88.245528647636448,26.655566552996195],[88.245910700895564,26.655590286729456],[88.246769756040663,26.655591781393571],[88.247721502088382,26.655339679002722],[88.248448775430077,26.655233987261745],[88.249093356087954,26.655377281450527],[88.249944378762862,26.655563895444416],[88.250357063417383,26.655632486407626],[88.250915122962851,26.655672714008713],[88.251603686310204,26.655702762378841],[88.251967173774588,26.655866574261179],[88.252297767445071,26.65623831193226],[88.252609747818454,26.656745629277598],[88.252828899096244,26.657032584583284],[88.253649751477241,26.657214928385287],[88.254024526232612,26.657491480940767],[88.254863500813755,26.657493103182773],[88.256973742327546,26.657519591577209],[88.258802038537155,26.657489866119459],[88.260368533462611,26.657408274283711],[88.261427930575351,26.657353735103616],[88.261784378848532,26.657332515023818],[88.262072198308132,26.657009475343532],[88.26230555567291,26.656759140905809],[88.263035021981366,26.65548426505023],[88.263457963723837,26.654658984213153],[88.263653766777296,26.654192315065806],[88.262852972389396,26.653549437865443],[88.261653296863258,26.652264615152589],[88.261206049085644,26.651791320803277],[88.260937662467626,26.65150730282825],[88.260342004246581,26.650876952433382],[88.259374079607909,26.649648732668492],[88.258988724745876,26.648883044229397],[88.258937582210052,26.64878142254112],[88.258926395503408,26.648695040968196],[88.258882700004023,26.648357605894795],[88.258796426122643,26.647892363024098],[88.258779683628575,26.647802081706672],[88.258773215185073,26.647767196128552],[88.258763921672752,26.647717083426468],[88.258690494855998,26.647321118810442],[88.258485872837213,26.646984390933515],[88.258080981093755,26.646967238023823],[88.257972508617044,26.6469626427088],[88.257340044535866,26.646935849754055],[88.256809665768884,26.646646397579168],[88.256420323070628,26.646433915887503],[88.256256295928409,26.646353567912527],[88.255243611629751,26.645857508070492],[88.254405108764061,26.645431578261913],[88.253824000698216,26.64511621976996],[88.253856491011419,26.644411769366176],[88.253962287495327,26.642600772362325],[88.253947919754992,26.642383533596842],[88.253897629435414,26.641623102875204],[88.253890085468512,26.641509050631178],[88.254041926652192,26.64023479922956],[88.254294959089336,26.639487778151175],[88.254340984501908,26.638643276671516],[88.25422251219635,26.638373489124621],[88.253728102132911,26.638174724918635],[88.254075027598901,26.63728694600313],[88.254283691329263,26.636617050530369],[88.254184373489508,26.636261330862368],[88.253714542324232,26.636012696993149],[88.253640485172284,26.635670295011142],[88.252902360710479,26.635690343349324],[88.252394817660829,26.6356677307258],[88.251763148708221,26.635316696835556],[88.251663791437281,26.634956460739616],[88.251601856300709,26.634343118019512],[88.251497231631873,26.633960359075211],[88.250815049717545,26.634043097362273],[88.249923997523254,26.634317251789579],[88.249079727495825,26.634275017940279],[88.248576035308972,26.634144026269034],[88.247719907790469,26.633934873914466],[88.247343558635905,26.633504843387129],[88.24724470688615,26.63318973773265],[88.247233018722255,26.6325759512142],[88.247310896512417,26.631884644412533],[88.247092909747252,26.631236554950338],[88.247068411541321,26.630830519652502],[88.246793104573271,26.63045376842776],[88.246357243116179,26.630091962569821],[88.246107295136994,26.629737556152875],[88.246202985689791,26.629298869770754],[88.246380082347329,26.628493845766716],[88.24707610028959,26.627837744331885],[88.247515894831068,26.627174859131625],[88.24764379064365,26.626465055819658],[88.247627032303441,26.625846799946558],[88.247666003244163,26.625273193613872],[88.247804626048136,26.624626490939896],[88.248137505539461,26.624294056123823],[88.248894352654972,26.624616926081679],[88.249164988541381,26.624564897316553],[88.249573388026022,26.624249851365285],[88.249518213346249,26.623794432578613],[88.249389362558006,26.622567786181026],[88.249121660442725,26.621965275925387],[88.248868308094259,26.620834513207292],[88.248831556164006,26.620225459641322],[88.248832016437277,26.619805664362932],[88.249579508985335,26.619270974124781],[88.250189436669359,26.619017350705718],[88.25053356583949,26.618797659274996],[88.25086732099733,26.618103595742763],[88.250960809453673,26.617909180415733],[88.251020315237895,26.617775209136802],[88.251114694675067,26.617562725775869],[88.2511969970043,26.617377434371026],[88.251377461668085,26.616971138809621],[88.251565514128075,26.616435644666534],[88.251762259836681,26.61587539184184],[88.252491295407964,26.614932227661278],[88.252584300607836,26.614811904783718],[88.253232107876954,26.613889880196094],[88.25406003148791,26.613367999854159],[88.254674150358994,26.613042099433624],[88.255120642787233,26.612541632932789],[88.255040638321205,26.611653101617918],[88.255044023742983,26.61058328000458],[88.254969736356529,26.610218310081713],[88.25458842159415,26.609788338769846],[88.253361102495276,26.609600543604618],[88.252703681460545,26.609637930780764],[88.251928560693429,26.609473225348221],[88.250713794279989,26.609515505891494],[88.25013764153654,26.609637930034527],[88.249736147898915,26.609659512835037],[88.249524198518571,26.609101651051219],[88.249294079561295,26.608719990082442],[88.248963934176345,26.608375318415881],[88.24894321252745,26.608316818714282],[88.248625338388507,26.607714746064012],[88.248651739445478,26.607371457924739],[88.248376290762877,26.606976652209813],[88.247889278317885,26.606520505921264],[88.247761011032509,26.605343501917588],[88.247769093867888,26.605162875343833],[88.247801522509079,26.6044493930331],[88.246661337991469,26.604418762039597],[88.246234315721722,26.60439993230376],[88.245677239750592,26.604427379391073],[88.245409275143672,26.604258196147587],[88.245095925762286,26.60407135428018],[88.24443853068982,26.604108702394374],[88.244262271928918,26.604525523209205],[88.24376695896467,26.604692354225914],[88.243565641496687,26.605113906923037],[88.242889131175289,26.605241693110187],[88.241705648863444,26.605387442224878],[88.239890448480494,26.605624451025317],[88.238699796601864,26.605571625958095],[88.238477492163099,26.604512790892404],[88.238365808176979,26.601602288376263],[88.238315483487852,26.599260004315564],[88.238326009155955,26.59790573697391],[88.238351175878378,26.59744509762756],[88.23868420357168,26.597130739624554],[88.238892006481677,26.596844554308895],[88.238873493249116,26.596524226856118],[88.238688539165409,26.59566819273822],[88.238472006618082,26.59467701431964],[88.23852928938328,26.594401167059381],[88.241691215879086,26.594283341265079],[88.243556195735025,26.594023307985136],[88.244790885583186,26.593980918730086],[88.244990873876787,26.593902433458261],[88.244779175141247,26.593362614535451],[88.244193478801563,26.592595856387991],[88.244175775647946,26.591887325924191],[88.244240106223288,26.591336065746329],[88.244202231037292,26.591083617976182],[88.244022859412198,26.590746642075786],[88.24399239648622,26.590715310659643],[88.243753220996965,26.590419482062224],[88.243729481411407,26.590081145910677],[88.243724310241163,26.589602716202673],[88.243875888477902,26.589226736405653],[88.243808672839748,26.589046767279825],[88.243345544486388,26.588933449704975],[88.243218623799081,26.588803654950684],[88.242921160472633,26.588223956678114],[88.242414462944609,26.587795044091582],[88.242115981999319,26.587585494321548],[88.2415380728782,26.588001301981535],[88.240723868283652,26.588387568887484],[88.239852732964437,26.588616341137225],[88.238951473462876,26.588845370252642],[88.238681012453483,26.588906403570849],[88.238738291252531,26.588630556634048],[88.238845674896169,26.588345245245186],[88.238627279335162,26.588112421079678],[88.238145533773604,26.588134667628314],[88.237630802241384,26.587890877714358],[88.236919121419888,26.587540462980382],[88.236331688004483,26.587071603217268],[88.235993736551634,26.586925577618306],[88.235479131634449,26.587160254818922],[88.234747301079963,26.587270424071839],[88.234377453983484,26.587427104586581],[88.233952625047579,26.587606830868253],[88.233707215916084,26.587663125238006],[88.233595852511286,26.58757832481918],[88.233365155442257,26.587133445413563],[88.232845175696141,26.586867112670109],[88.232319695005629,26.586555686884946],[88.231858417018188,26.586144397963583],[88.231483543497788,26.585362217142119],[88.231043028382587,26.584544490266538],[88.230886730020728,26.584013197047803],[88.230331729246203,26.583286737394282],[88.23015236591857,26.582475778099045],[88.229855044478882,26.580961663997673],[88.229746067664593,26.579689675192139],[88.229673680432157,26.578552788234628],[88.229588693940585,26.577646219835604],[88.229539901408572,26.577308096148975],[88.22999757139776,26.576915945191985],[88.230575470406023,26.576500183945974],[88.231745256962725,26.576508126369028],[88.232883959354723,26.57642604862497],[88.233491295162523,26.576416276110209],[88.233892436326471,26.576372174731855],[88.233708369611364,26.575123410390749],[88.233525583384264,26.574930894204901],[88.233138489855136,26.574880079086213],[88.232595161000887,26.574771933958537],[88.232591381735972,26.573480980969414],[88.232360526037439,26.573018042993461],[88.232301007952344,26.57214736686457],[88.232222424321463,26.570902199904634],[88.232180671580707,26.570284151481793],[88.232365129114868,26.569226292838493],[88.232453880268579,26.568607114650121],[88.2326885778768,26.568022785784954],[88.23332738084946,26.567674196201153],[88.234466477348946,26.567637244527258],[88.235473908871711,26.567493092212967],[88.236350884338748,26.567354579256701],[88.23732220479053,26.56712044760684],[88.238580494341207,26.566965066346132],[88.239237195457633,26.566882617554171],[88.239880585982235,26.566962782735498],[88.240893643473498,26.56734215983538],[88.241510474267898,26.567752067039262],[88.241929071668721,26.567933489066306],[88.242472667707617,26.568068680165588],[88.242804528276054,26.568119951663668],[88.24286222737328,26.567884723727438],[88.24274892945057,26.567619391108821],[88.242468581864429,26.567224610179991],[88.24270137185745,26.566933688364262],[88.243433601817586,26.566873131026487],[88.243978704340222,26.566683299664991],[88.244585742203256,26.566650914148834],[88.245023490743378,26.56674639474349],[88.245199402973071,26.566302491854238],[88.245483979366327,26.565695137141546],[88.246110151328224,26.565111878297955],[88.247044096917975,26.564674882243072],[88.247795978039733,26.564113085215531],[88.248691517653228,26.56383891583453],[88.249850667159151,26.563341245901203],[88.250377744722712,26.562880714470111],[88.250499372929355,26.562062626449418],[88.250871460993523,26.561197198731435],[88.25117530727033,26.560057020733343],[88.251282262863398,26.559275172162195],[88.249878359580904,26.558028108825788],[88.248642455955547,26.556996227817539],[88.246606574397447,26.555321330054003],[88.245268314507683,26.555030598225212],[88.243302861974456,26.555223804663605],[88.241913936553658,26.554888345368116],[88.23962619780113,26.554050617454099],[88.237657430166919,26.55346737734034],[88.235773384260028,26.553294142644166],[88.233190347952956,26.553465480804366],[88.231038864105003,26.553628531615182],[88.229011912746941,26.554174160803473],[88.228390696985201,26.554238373403344],[88.226275379578084,26.554456997631537],[88.226273495370208,26.554457192477809],[88.226323833884692,26.554740981553852],[88.226318338025536,26.554771066956828],[88.226267893679022,26.555047189116227],[88.22625701799079,26.555106719144089],[88.226247879936849,26.555156739342578],[88.2262364715925,26.555219184161437],[88.226229449631148,26.555257622373041],[88.226144074389083,26.555724946762375],[88.22603086223026,26.556200238185266],[88.226029050106973,26.556207846111199],[88.225487561328961,26.556745242385809],[88.225060438101366,26.556787813261973],[88.224794529664791,26.556814315331632],[88.223937126211709,26.556899766276803],[88.222815949098447,26.556820467458039],[88.221789248625768,26.55674784369798],[88.220475435182237,26.556636435890834],[88.220335808365149,26.556624595490394],[88.219819422796405,26.556580803890537],[88.219571123482993,26.556559746001582],[88.21870815293164,26.556659575886414],[88.217343723728206,26.557260673656305],[88.216746703609417,26.557477659245137],[88.216627801198428,26.55753864702174],[88.21605955834606,26.557830108221051],[88.21605763004564,26.557831186763966],[88.215469007665689,26.558160604412258],[88.214888487766373,26.558485484243118],[88.214868665329945,26.55849657784578],[88.214840614761385,26.558512275098796],[88.214778985407918,26.558567793645171],[88.214584945478833,26.558742589895832],[88.214455266750306,26.558870868006736],[88.214241764477094,26.559082064424501],[88.21422886453864,26.559094825635558],[88.214107664408232,26.559193504142943],[88.213862774058128,26.559392888090404],[88.21312379333537,26.55988927947417],[88.212954951468063,26.560002693304614],[88.212313287698464,26.560883051963657],[88.212230730962361,26.560942528422252],[88.211912055681466,26.561172108675908],[88.211691906632808,26.56120800449823],[88.21165926410923,26.561213327141381],[88.211495546604397,26.561240021089684],[88.21146737679895,26.561223395632091],[88.211274918411064,26.561109810611065],[88.211018260863597,26.560958335287019],[88.210953284954385,26.560919986699648],[88.210849152232115,26.560639578428454],[88.210720092783546,26.560292045629325],[88.210646650556868,26.560094279244325],[88.210577555079468,26.559718584563111],[88.210493296628528,26.559260437807236],[88.210387775534386,26.55868667363092],[88.210364501123891,26.558560121479804],[88.210333690679306,26.558406054930806],[88.210274032864405,26.558107732722608]]]]}}
]
}
